-- MySQL dump 10.11
--
-- Host: localhost    Database: Miner
-- ------------------------------------------------------
-- Server version	5.0.88

/*!40101 SET @OLD_CHARACTER_SET_CLIENT=@@CHARACTER_SET_CLIENT */;
/*!40101 SET @OLD_CHARACTER_SET_RESULTS=@@CHARACTER_SET_RESULTS */;
/*!40101 SET @OLD_COLLATION_CONNECTION=@@COLLATION_CONNECTION */;
/*!40101 SET NAMES utf8 */;
/*!40103 SET @OLD_TIME_ZONE=@@TIME_ZONE */;
/*!40103 SET TIME_ZONE='+00:00' */;
/*!40014 SET @OLD_UNIQUE_CHECKS=@@UNIQUE_CHECKS, UNIQUE_CHECKS=0 */;
/*!40014 SET @OLD_FOREIGN_KEY_CHECKS=@@FOREIGN_KEY_CHECKS, FOREIGN_KEY_CHECKS=0 */;
/*!40101 SET @OLD_SQL_MODE=@@SQL_MODE, SQL_MODE='NO_AUTO_VALUE_ON_ZERO' */;
/*!40111 SET @OLD_SQL_NOTES=@@SQL_NOTES, SQL_NOTES=0 */;


--
-- Table structure for table `Country`
--

DROP TABLE IF EXISTS `Country`;
/*!40101 SET @saved_cs_client     = @@character_set_client */;
/*!40101 SET character_set_client = utf8 */;
CREATE TABLE `Country` (
  `countryId` int(10) unsigned NOT NULL auto_increment,
  `name` varchar(255) NOT NULL default '',
  `slug` varchar(255) NOT NULL default '',
  PRIMARY KEY  (`countryId`)
) ENGINE=MyISAM AUTO_INCREMENT=18 DEFAULT CHARSET=utf8;
/*!40101 SET character_set_client = @saved_cs_client */;

--
-- Dumping data for table `Country`
--

LOCK TABLES `Country` WRITE;
/*!40000 ALTER TABLE `Country` DISABLE KEYS */;
INSERT INTO `Country` VALUES (4,'France','france'),(5,'Australia','australia'),(6,'Usa','usa'),(7,'Canada','canada'),(8,'Austria','austria'),(9,'Germany','germany'),(10,'Netherlands','netherlands'),(11,'Switzerland','switzerland'),(12,'Uk','uk'),(13,'Argentina','argentina'),(14,'Belgium','belgium'),(15,'Spain','spain'),(16,'Italy','italy'),(17,'Portugal','portugal');
/*!40000 ALTER TABLE `Country` ENABLE KEYS */;
UNLOCK TABLES;

--
-- Table structure for table `Country_Matcher`
--

DROP TABLE IF EXISTS `Country_Matcher`;
/*!40101 SET @saved_cs_client     = @@character_set_client */;
/*!40101 SET character_set_client = utf8 */;
CREATE TABLE `Country_Matcher` (
  `priority` int(10) unsigned NOT NULL auto_increment,
  `countryId` int(10) unsigned NOT NULL default '0',
  `regex` text NOT NULL,
  PRIMARY KEY  (`priority`)
) ENGINE=MyISAM AUTO_INCREMENT=32 DEFAULT CHARSET=utf8;
/*!40101 SET character_set_client = @saved_cs_client */;

--
-- Dumping data for table `Country_Matcher`
--

LOCK TABLES `Country_Matcher` WRITE;
/*!40000 ALTER TABLE `Country_Matcher` DISABLE KEYS */;
INSERT INTO `Country_Matcher` VALUES (18,4,'/Fran\\p{L}\\p{M}*(?:ia|[ea]|kreich)/iu'),(19,5,'/Austr\\p{L}\\p{M}*li(?:a|en)/iu'),(20,6,'/u.?s.?a.?|e.?e.?u.?u.?|Vereinigte[- _.]Staa?ten|Estados[- _.]Un\\p{L}\\p{M}*dos.*?(?:Am\\p{L}\\p{M}*rica)?|United[- _.]states.*?(?:America)?|\\p{L}\\p{M}*tats[-_. ]unis[-_. ]d?.?Am\\p{L}\\p{M}*rique|Stati[ -_.]Uniti(?:[ -_.]d.america)?/iu'),(21,7,'/[CK]anad\\p{L}\\p{M}*/iu'),(22,8,'/\\p{L}\\p{M}*e?sterreich|Au(?:stria|triche)/iu'),(23,9,'/German(?:y|ia)|Aleman[ih]a|Allemagne|Deutschland/iu'),(24,10,'/Pays-Bas|Pa\\p{L}\\p{M}*ses-Ba(?:j|ix)os|Paesi-Bassi|Niederlande|Netherlands/iu'),(25,11,'/Switzerland|Suisse|Suiza|Svizzera|Schweiz|Su\\p{L}\\p{M}*\\p{L}\\p{M}*a/iu'),(26,12,'/[UV].?K.?|United Kingdom|Britain|Royaume-Uni|Re[ig]no Uni[dt]o|Vereinigtes K(?:\\p{L}\\p{M}*|oe)nigreich|Gr\\p{L}\\p{M}*n(?:de)?[ -]Breta(?:gne|\\p{L}\\p{M}*a)|Great Britain/iu'),(27,13,'/Argentin(?:[ae]|ien)/iu'),(28,14,'/B\\p{L}\\p{M}*lgi(?:um|que|ca|en)/iu'),(29,15,'/Espa\\p{L}\\p{M}*[ae]|Spa(?:nien|gna)|Spain/iu'),(30,16,'/(?:It\\p{L}\\p{M}*l[yi](?:a|(?:en))?)/iu'),(31,17,'/Portugal|Portogallo/iu');
/*!40000 ALTER TABLE `Country_Matcher` ENABLE KEYS */;
UNLOCK TABLES;

--
-- Table structure for table `Country_r_LangISOs`
--

DROP TABLE IF EXISTS `Country_r_LangISOs`;
/*!40101 SET @saved_cs_client     = @@character_set_client */;
/*!40101 SET character_set_client = utf8 */;
CREATE TABLE `Country_r_LangISOs` (
  `countryId` int(10) unsigned NOT NULL default '0',
  `langISOId` int(10) unsigned NOT NULL default '0',
  PRIMARY KEY  (`countryId`,`langISOId`)
) ENGINE=MyISAM AUTO_INCREMENT=4 DEFAULT CHARSET=utf8;
/*!40101 SET character_set_client = @saved_cs_client */;

--
-- Dumping data for table `Country_r_LangISOs`
--

LOCK TABLES `Country_r_LangISOs` WRITE;
/*!40000 ALTER TABLE `Country_r_LangISOs` DISABLE KEYS */;
INSERT INTO `Country_r_LangISOs` VALUES (4,38),(5,29),(6,29),(7,29),(7,38),(8,26),(9,26),(10,89),(11,26),(11,38),(11,57),(12,29),(13,31),(14,38),(15,21),(15,31),(15,33),(15,42),(16,57),(17,96);
/*!40000 ALTER TABLE `Country_r_LangISOs` ENABLE KEYS */;
UNLOCK TABLES;

--
-- Table structure for table `DirtyCountry`
--

DROP TABLE IF EXISTS `DirtyCountry`;
/*!40101 SET @saved_cs_client     = @@character_set_client */;
/*!40101 SET character_set_client = utf8 */;
CREATE TABLE `DirtyCountry` (
  `dirtyCountryId` int(10) unsigned NOT NULL auto_increment,
  `name` varchar(255) NOT NULL default '',
  PRIMARY KEY  (`dirtyCountryId`)
) ENGINE=MyISAM AUTO_INCREMENT=214 DEFAULT CHARSET=utf8;
/*!40101 SET character_set_client = @saved_cs_client */;

--
-- Dumping data for table `DirtyCountry`
--

LOCK TABLES `DirtyCountry` WRITE;
/*!40000 ALTER TABLE `DirtyCountry` DISABLE KEYS */;
INSERT INTO `DirtyCountry` VALUES (200,'Cuba'),(201,'Islandia'),(202,'Libano'),(203,'Irak'),(204,'GB'),(205,'Hong Kong, China'),(206,'Japón'),(207,'México'),(208,'China'),(209,'Suecia'),(210,'Irlanda'),(211,'GB, Zimbawe'),(212,'Checoslovaquia'),(213,'Dinamarca');
/*!40000 ALTER TABLE `DirtyCountry` ENABLE KEYS */;
UNLOCK TABLES;

--
-- Table structure for table `Genre`
--

DROP TABLE IF EXISTS `Genre`;
/*!40101 SET @saved_cs_client     = @@character_set_client */;
/*!40101 SET character_set_client = utf8 */;
CREATE TABLE `Genre` (
  `elementId` int(10) unsigned NOT NULL auto_increment,
  `value` varchar(255) NOT NULL default '',
  `slug` varchar(255) NOT NULL default '',
  PRIMARY KEY  (`elementId`)
) ENGINE=MyISAM AUTO_INCREMENT=44 DEFAULT CHARSET=utf8;
/*!40101 SET character_set_client = @saved_cs_client */;

--
-- Dumping data for table `Genre`
--

LOCK TABLES `Genre` WRITE;
/*!40000 ALTER TABLE `Genre` DISABLE KEYS */;
INSERT INTO `Genre` VALUES (4,'Drama','drama'),(5,'Comedia','comedia'),(6,'Drama - Romántica','drama-romantica'),(7,'Drama - Thriller','drama-thriller'),(8,'Documental','documental'),(9,'Terror - Thriller','terror-thriller'),(10,'Bélica - Drama','belica-drama'),(11,'Comedia - Familiar','comedia-familiar'),(12,'Aventuras','aventuras'),(13,'Ciencia-Ficción - Acción','ciencia-ficcion-accion'),(14,'Thriller','thriller'),(15,'Animación - Familiar','animacion-familiar'),(16,'Animación','animacion'),(17,'Terror','terror'),(18,'Ciencia-Ficción','ciencia-ficcion'),(19,'Aventuras - Ciencia Ficción','aventuras-ciencia-ficcion'),(20,'Acción','accion'),(21,'Fantástico - Familiar','fantastico-familiar'),(22,'Terror - Fantástico','terror-fantastico'),(23,'Comedia Romántica','comedia-romantica'),(24,'Musical - Thriller','musical-thriller'),(25,'Ciencia-Ficción - Thriller','ciencia-ficcion-thriller'),(26,'Western','western'),(27,'Aventuras - Fantástico','aventuras-fantastico'),(28,'Fantástico - Aventuras','fantastico-aventuras'),(29,'Comedia - Drama','comedia-drama'),(30,'Romántica - Drama','romantica-drama'),(31,'Comedia - Musical','comedia-musical'),(32,'Drama - Romance','drama-romance'),(33,'Bélico','belico'),(34,'Animation','animation'),(35,'Aventure','aventure'),(36,'Comédie','comedie'),(37,'Romance','romance'),(38,'Acción / Fantástico','accion-fantastico'),(39,'Fantástico - Acción','fantastico-accion'),(40,'Fantástica - Terror','fantastica-terror'),(41,'Thriller - Drama','thriller-drama'),(42,'Guerre','guerre'),(43,'Drame','drame');
/*!40000 ALTER TABLE `Genre` ENABLE KEYS */;
UNLOCK TABLES;

--
-- Table structure for table `Image`
--

DROP TABLE IF EXISTS `Image`;
/*!40101 SET @saved_cs_client     = @@character_set_client */;
/*!40101 SET character_set_client = utf8 */;
CREATE TABLE `Image` (
  `imageId` int(10) unsigned NOT NULL auto_increment,
  `localUrl` varchar(255) NOT NULL default '',
  PRIMARY KEY  (`imageId`)
) ENGINE=MyISAM AUTO_INCREMENT=364 DEFAULT CHARSET=utf8;
/*!40101 SET character_set_client = @saved_cs_client */;

--
-- Dumping data for table `Image`
--

LOCK TABLES `Image` WRITE;
/*!40000 ALTER TABLE `Image` DISABLE KEYS */;
INSERT INTO `Image` VALUES (4,'/Library/WebServer/Documents/Tests/document_root/images/the-inner-life-of-martin-frost.jpg'),(5,'/Library/WebServer/Documents/Tests/document_root/images/juno.jpg'),(6,'/Library/WebServer/Documents/Tests/document_root/images/the-moguls-aka-the-amateurs.jpg'),(7,'/Library/WebServer/Documents/Tests/document_root/images/atonement.jpg'),(8,'/Library/WebServer/Documents/Tests/document_root/images/grace-is-gone.jpg'),(9,'/Library/WebServer/Documents/Tests/document_root/images/the-walker.jpg'),(10,'/Library/WebServer/Documents/Tests/document_root/images/nanking.jpg'),(11,'/Library/WebServer/Documents/Tests/document_root/images/1408.jpg'),(12,'/Library/WebServer/Documents/Tests/document_root/images/lust-caution-se-jie.jpg'),(13,'/Library/WebServer/Documents/Tests/document_root/images/irina-palm.jpg'),(14,'/Library/WebServer/Documents/Tests/document_root/images/battle-for-haditha.jpg'),(15,'/Library/WebServer/Documents/Tests/document_root/images/the-perfect-holiday.jpg'),(16,'/Library/WebServer/Documents/Tests/document_root/images/el-custodio.jpg'),(17,'/Library/WebServer/Documents/Tests/document_root/images/all-the-invisible-children.jpg'),(18,'/Library/WebServer/Documents/Tests/document_root/images/national-treasure-book-of-secrets-national-treasure-2.jpg'),(19,'/Library/WebServer/Documents/Tests/document_root/images/i-am-legend.jpg'),(20,'/Library/WebServer/Documents/Tests/document_root/images/breach.jpg'),(21,'/Library/WebServer/Documents/Tests/document_root/images/alvin-and-the-chipmunks.jpg'),(22,'/Library/WebServer/Documents/Tests/document_root/images/away-from-her.jpg'),(23,'/Library/WebServer/Documents/Tests/document_root/images/el-arca-de-noe.jpg'),(24,'/Library/WebServer/Documents/Tests/document_root/images/balls-of-fury.jpg'),(25,'/Library/WebServer/Documents/Tests/document_root/images/american-gangster.jpg'),(26,'/Library/WebServer/Documents/Tests/document_root/images/school-for-scoundrels.jpg'),(27,'/Library/WebServer/Documents/Tests/document_root/images/black-christmas.jpg'),(28,'/Library/WebServer/Documents/Tests/document_root/images/no-digas-nada.jpg'),(29,'/Library/WebServer/Documents/Tests/document_root/images/la-masseria-delle-allodole.jpg'),(30,'/Library/WebServer/Documents/Tests/document_root/images/chrysalis.jpg'),(31,'/Library/WebServer/Documents/Tests/document_root/images/la-edad-de-la-peseta.jpg'),(32,'/Library/WebServer/Documents/Tests/document_root/images/les-aiguilles-rouges.jpg'),(33,'/Library/WebServer/Documents/Tests/document_root/images/strakarnir-okkar-eleven-men-out.jpg'),(34,'/Library/WebServer/Documents/Tests/document_root/images/halloween.jpg'),(35,'/Library/WebServer/Documents/Tests/document_root/images/the-darjeeling-limited.jpg'),(36,'/Library/WebServer/Documents/Tests/document_root/images/the-last-mimzy.jpg'),(37,'/Library/WebServer/Documents/Tests/document_root/images/tehilim.jpg'),(38,'/Library/WebServer/Documents/Tests/document_root/images/the-killing-of-john-lennon.jpg'),(39,'/Library/WebServer/Documents/Tests/document_root/images/one-missed-call.jpg'),(40,'/Library/WebServer/Documents/Tests/document_root/images/the-business-of-being-born.jpg'),(41,'/Library/WebServer/Documents/Tests/document_root/images/the-bucket-list.jpg'),(42,'/Library/WebServer/Documents/Tests/document_root/images/rambo-rambo-iv.jpg'),(43,'/Library/WebServer/Documents/Tests/document_root/images/cloverfield.jpg'),(44,'/Library/WebServer/Documents/Tests/document_root/images/mortadelo-y-filemon-mision-salvar-la-tierra.jpg'),(45,'/Library/WebServer/Documents/Tests/document_root/images/myway.jpg'),(46,'/Library/WebServer/Documents/Tests/document_root/images/underdog.jpg'),(47,'/Library/WebServer/Documents/Tests/document_root/images/caramel.jpg'),(48,'/Library/WebServer/Documents/Tests/document_root/images/the-eye.jpg'),(49,'/Library/WebServer/Documents/Tests/document_root/images/over-her-dead-body.jpg'),(50,'/Library/WebServer/Documents/Tests/document_root/images/in-bruges.jpg'),(51,'/Library/WebServer/Documents/Tests/document_root/images/sweeney-todd-the-demon-barber-of-fleet-street.jpg'),(52,'/Library/WebServer/Documents/Tests/document_root/images/jumper.jpg'),(53,'/Library/WebServer/Documents/Tests/document_root/images/10-000-b-c.jpg'),(54,'/Library/WebServer/Documents/Tests/document_root/images/the-kite-runner.jpg'),(55,'/Library/WebServer/Documents/Tests/document_root/images/seraphim-falls.jpg'),(56,'/Library/WebServer/Documents/Tests/document_root/images/the-water-horse-legend-of-the-deep.jpg'),(57,'/Library/WebServer/Documents/Tests/document_root/images/lo-mejor-de-mi.jpg'),(58,'/Library/WebServer/Documents/Tests/document_root/images/sleeping-dogs-lie-stay.jpg'),(59,'/Library/WebServer/Documents/Tests/document_root/images/arctic-tale.jpg'),(60,'/Library/WebServer/Documents/Tests/document_root/images/the-spiderwick-chronicles.jpg'),(61,'/Library/WebServer/Documents/Tests/document_root/images/auf-der-anderen-seite-the-edge-of-heaven.jpg'),(62,'/Library/WebServer/Documents/Tests/document_root/images/horton-hears-a-who.jpg'),(63,'/Library/WebServer/Documents/Tests/document_root/images/die-falscher-the-counterfeiters.jpg'),(64,'/Library/WebServer/Documents/Tests/document_root/images/el-menor-de-los-males.jpg'),(65,'/Library/WebServer/Documents/Tests/document_root/images/i-want-candy.jpg'),(66,'/Library/WebServer/Documents/Tests/document_root/images/closing-the-ring.jpg'),(67,'/Library/WebServer/Documents/Tests/document_root/images/funny-games-u-s.jpg'),(68,'/Library/WebServer/Documents/Tests/document_root/images/silk.jpg'),(69,'/Library/WebServer/Documents/Tests/document_root/images/ahlaam-dreams.jpg'),(70,'/Library/WebServer/Documents/Tests/document_root/images/dan-in-real-life.jpg'),(71,'/Library/WebServer/Documents/Tests/document_root/images/walk-hard-the-dewey-cox-story.jpg'),(72,'/Library/WebServer/Documents/Tests/document_root/images/under-the-same-moon.jpg'),(73,'/Library/WebServer/Documents/Tests/document_root/images/drillbit-taylor.jpg'),(74,'/Library/WebServer/Documents/Tests/document_root/images/planet-b-boy.jpg'),(75,'/Library/WebServer/Documents/Tests/document_root/images/shelter.jpg'),(76,'/Library/WebServer/Documents/Tests/document_root/images/shutter.jpg'),(77,'/Library/WebServer/Documents/Tests/document_root/images/tyler-perrys-meet-the-browns.jpg'),(78,'/Library/WebServer/Documents/Tests/document_root/images/speed-racer.jpg'),(79,'/Library/WebServer/Documents/Tests/document_root/images/what-happens-in-vegas.jpg'),(80,'/Library/WebServer/Documents/Tests/document_root/images/casual-day.jpg'),(81,'/Library/WebServer/Documents/Tests/document_root/images/stop-loss.jpg'),(82,'/Library/WebServer/Documents/Tests/document_root/images/death-sentence.jpg'),(83,'/Library/WebServer/Documents/Tests/document_root/images/honeydripper.jpg'),(84,'/Library/WebServer/Documents/Tests/document_root/images/seven-women.JPG'),(85,'/Library/WebServer/Documents/Tests/document_root/images/winchester-73.jpg'),(86,'/Library/WebServer/Documents/Tests/document_root/images/tales-of-manhattan.jpg'),(87,'/Library/WebServer/Documents/Tests/document_root/images/gone-in-sixty-seconds.jpg'),(88,'/Library/WebServer/Documents/Tests/document_root/images/se7en.jpg'),(89,'/Library/WebServer/Documents/Tests/document_root/images/im-with-lucy.jpg'),(90,'/Library/WebServer/Documents/Tests/document_root/images/54.jpg'),(91,'/Library/WebServer/Documents/Tests/document_root/images/55-days-at-pekin.jpg'),(92,'/Library/WebServer/Documents/Tests/document_root/images/tarzan-and-the-lost-city.jpg'),(93,'/Library/WebServer/Documents/Tests/document_root/images/40-days-and-40-nights.jpg'),(94,'/Library/WebServer/Documents/Tests/document_root/images/tranvia-a-la-malvarrosa.jpg'),(95,'/Library/WebServer/Documents/Tests/document_root/images/l-a-story.jpg'),(96,'/Library/WebServer/Documents/Tests/document_root/images/sergeants-3.jpg'),(97,'/Library/WebServer/Documents/Tests/document_root/images/the-39-steps.jpg'),(98,'/Library/WebServer/Documents/Tests/document_root/images/2-fast-2-furious.jpg'),(99,'/Library/WebServer/Documents/Tests/document_root/images/20-dates.jpg'),(100,'/Library/WebServer/Documents/Tests/document_root/images/20-000-leagues-under-the-sea.jpg'),(101,'/Library/WebServer/Documents/Tests/document_root/images/2001-a-space-odyssey.jpg'),(102,'/Library/WebServer/Documents/Tests/document_root/images/escape-fron-l-a.jpg'),(103,'/Library/WebServer/Documents/Tests/document_root/images/24-hour-party-people.jpg'),(104,'/Library/WebServer/Documents/Tests/document_root/images/27-horas.jpg'),(105,'/Library/WebServer/Documents/Tests/document_root/images/28-days.jpg'),(106,'/Library/WebServer/Documents/Tests/document_root/images/28-days-later.jpg'),(107,'/Library/WebServer/Documents/Tests/document_root/images/splash.jpg'),(108,'/Library/WebServer/Documents/Tests/document_root/images/10-things-i-hate-about-you.jpg'),(109,'/Library/WebServer/Documents/Tests/document_root/images/10.jpg'),(110,'/Library/WebServer/Documents/Tests/document_root/images/one-hundred-and-one-dalmatians.jpg'),(111,'/Library/WebServer/Documents/Tests/document_root/images/101-dalmatians.jpg'),(112,'/Library/WebServer/Documents/Tests/document_root/images/101-reykjavik.jpg'),(113,'/Library/WebServer/Documents/Tests/document_root/images/102-dalmatians.JPG'),(114,'/Library/WebServer/Documents/Tests/document_root/images/12-angry-men.jpg'),(115,'/Library/WebServer/Documents/Tests/document_root/images/twelve-monkeys.jpg'),(116,'/Library/WebServer/Documents/Tests/document_root/images/thir13en-ghosts.jpg'),(117,'/Library/WebServer/Documents/Tests/document_root/images/13-rue-madeleine.jpg'),(118,'/Library/WebServer/Documents/Tests/document_root/images/1492-the-conquest-of-paradise.JPG'),(119,'/Library/WebServer/Documents/Tests/document_root/images/15-minutes.jpg'),(120,'/Library/WebServer/Documents/Tests/document_root/images/sixteen-candles.jpg'),(121,'/Library/WebServer/Documents/Tests/document_root/images/1941.jpg'),(122,'/Library/WebServer/Documents/Tests/document_root/images/1990-i-guerrieri-del-bronx.jpg'),(123,'/Library/WebServer/Documents/Tests/document_root/images/escape-from-new-york.jpg'),(124,'/Library/WebServer/Documents/Tests/document_root/images/desk-set.jpg'),(125,'/Library/WebServer/Documents/Tests/document_root/images/the-living-daylights.jpg'),(126,'/Library/WebServer/Documents/Tests/document_root/images/tomorrow-never-dies.jpg'),(127,'/Library/WebServer/Documents/Tests/document_root/images/the-world-is-not-enough.jpg'),(128,'/Library/WebServer/Documents/Tests/document_root/images/licence-to-kill.jpg'),(129,'/Library/WebServer/Documents/Tests/document_root/images/from-russia-with-love.jpg'),(130,'/Library/WebServer/Documents/Tests/document_root/images/007-die-another-day.jpg'),(131,'/Library/WebServer/Documents/Tests/document_root/images/grease.jpg'),(132,'/Library/WebServer/Documents/Tests/document_root/images/zapping.jpg'),(133,'/Library/WebServer/Documents/Tests/document_root/images/zelig.jpg'),(134,'/Library/WebServer/Documents/Tests/document_root/images/zoolander.jpg'),(135,'/Library/WebServer/Documents/Tests/document_root/images/arthur-3-la-guerre-des-deux-mondes.jpg'),(136,'/Library/WebServer/Documents/Tests/document_root/images/going-the-distance.jpg'),(137,'/Library/WebServer/Documents/Tests/document_root/images/shu-shan-zheng-zhuan.jpg'),(138,'/Library/WebServer/Documents/Tests/document_root/images/me-myself-and-irene.jpg'),(139,'/Library/WebServer/Documents/Tests/document_root/images/yojimbo.JPG'),(140,'/Library/WebServer/Documents/Tests/document_root/images/young-sanchez.JPG'),(141,'/Library/WebServer/Documents/Tests/document_root/images/youre-the-one.jpg'),(142,'/Library/WebServer/Documents/Tests/document_root/images/yoyes.jpg'),(143,'/Library/WebServer/Documents/Tests/document_root/images/gladiator.jpg'),(144,'/Library/WebServer/Documents/Tests/document_root/images/y-decirte-alguna-estupidez-por-ejemplo-te-quiero.jpg'),(145,'/Library/WebServer/Documents/Tests/document_root/images/y-tu-mama-tambien.jpg'),(146,'/Library/WebServer/Documents/Tests/document_root/images/cant-hardly-wait.jpg'),(147,'/Library/WebServer/Documents/Tests/document_root/images/the-yakuza.jpg'),(148,'/Library/WebServer/Documents/Tests/document_root/images/yamakasi.jpg'),(149,'/Library/WebServer/Documents/Tests/document_root/images/yerma.jpg'),(150,'/Library/WebServer/Documents/Tests/document_root/images/i-walked-with-a-zombie.jpg'),(151,'/Library/WebServer/Documents/Tests/document_root/images/i-confess.jpg'),(152,'/Library/WebServer/Documents/Tests/document_root/images/i-shot-andy-warhol.jpg'),(153,'/Library/WebServer/Documents/Tests/document_root/images/yo-hice-a-roque-iii.jpg'),(154,'/Library/WebServer/Documents/Tests/document_root/images/quien-sabe.jpg'),(155,'/Library/WebServer/Documents/Tests/document_root/images/i-am-sam.jpg'),(156,'/Library/WebServer/Documents/Tests/document_root/images/i-walk-the-line.jpg'),(157,'/Library/WebServer/Documents/Tests/document_root/images/only-the-lonely.jpg'),(158,'/Library/WebServer/Documents/Tests/document_root/images/waterworld.jpg'),(159,'/Library/WebServer/Documents/Tests/document_root/images/x.jpg'),(160,'/Library/WebServer/Documents/Tests/document_root/images/x-men.jpg'),(161,'/Library/WebServer/Documents/Tests/document_root/images/x2.jpg'),(162,'/Library/WebServer/Documents/Tests/document_root/images/tian-yu.jpg'),(163,'/Library/WebServer/Documents/Tests/document_root/images/xxx.jpg'),(164,'/Library/WebServer/Documents/Tests/document_root/images/todo-esta-oscuro.jpg'),(165,'/Library/WebServer/Documents/Tests/document_root/images/woman-on-top.jpg'),(166,'/Library/WebServer/Documents/Tests/document_root/images/wonderland.JPG'),(167,'/Library/WebServer/Documents/Tests/document_root/images/wyatt-earp.jpg'),(168,'/Library/WebServer/Documents/Tests/document_root/images/home-alone-3.jpg'),(169,'/Library/WebServer/Documents/Tests/document_root/images/waking-life.jpg'),(170,'/Library/WebServer/Documents/Tests/document_root/images/wall-street.jpg'),(171,'/Library/WebServer/Documents/Tests/document_root/images/wallace-gromit-the-best-of-aardman-animation.JPG'),(172,'/Library/WebServer/Documents/Tests/document_root/images/wasabi.jpg'),(173,'/Library/WebServer/Documents/Tests/document_root/images/washington-square.jpg'),(174,'/Library/WebServer/Documents/Tests/document_root/images/west-beirut.jpg'),(175,'/Library/WebServer/Documents/Tests/document_root/images/west-side-story.jpg'),(176,'/Library/WebServer/Documents/Tests/document_root/images/the-white-river-kid.jpg'),(177,'/Library/WebServer/Documents/Tests/document_root/images/wichita.jpg'),(178,'/Library/WebServer/Documents/Tests/document_root/images/wild-bill.jpg'),(179,'/Library/WebServer/Documents/Tests/document_root/images/wild-man-blues.jpg'),(180,'/Library/WebServer/Documents/Tests/document_root/images/wild-wild-west.jpg'),(181,'/Library/WebServer/Documents/Tests/document_root/images/willard.jpg'),(182,'/Library/WebServer/Documents/Tests/document_root/images/willow.jpg'),(183,'/Library/WebServer/Documents/Tests/document_root/images/windtalkers.jpg'),(184,'/Library/WebServer/Documents/Tests/document_root/images/wing-commander.jpg'),(185,'/Library/WebServer/Documents/Tests/document_root/images/wishmaster.jpg'),(186,'/Library/WebServer/Documents/Tests/document_root/images/sinatra.jpg'),(187,'/Library/WebServer/Documents/Tests/document_root/images/you-cant-take-it-with-you.jpg'),(188,'/Library/WebServer/Documents/Tests/document_root/images/alive.jpg'),(189,'/Library/WebServer/Documents/Tests/document_root/images/go.jpg'),(190,'/Library/WebServer/Documents/Tests/document_root/images/holiday.jpg'),(191,'/Library/WebServer/Documents/Tests/document_root/images/fly-away-home.jpg'),(192,'/Library/WebServer/Documents/Tests/document_root/images/blown-away.jpg'),(193,'/Library/WebServer/Documents/Tests/document_root/images/volaverunt.jpg'),(194,'/Library/WebServer/Documents/Tests/document_root/images/iron-will.jpg'),(195,'/Library/WebServer/Documents/Tests/document_root/images/volunteers.jpg'),(196,'/Library/WebServer/Documents/Tests/document_root/images/volver-a-empezar.jpg'),(197,'/Library/WebServer/Documents/Tests/document_root/images/volveras.jpg'),(198,'/Library/WebServer/Documents/Tests/document_root/images/whirpool.jpg'),(199,'/Library/WebServer/Documents/Tests/document_root/images/back-to-gods-country.jpg'),(200,'/Library/WebServer/Documents/Tests/document_root/images/father-of-the-bride-ii.jpg'),(201,'/Library/WebServer/Documents/Tests/document_root/images/high-noon.JPG'),(202,'/Library/WebServer/Documents/Tests/document_root/images/the-man-who-cried.jpg'),(203,'/Library/WebServer/Documents/Tests/document_root/images/vidas-privadas.jpg'),(204,'/Library/WebServer/Documents/Tests/document_root/images/vidocq.jpg'),(205,'/Library/WebServer/Documents/Tests/document_root/images/friday-the-13th.jpg'),(206,'/Library/WebServer/Documents/Tests/document_root/images/friday-the-13th-part-vi-jason-lives.jpg'),(207,'/Library/WebServer/Documents/Tests/document_root/images/jason-goes-to-hell-the-final-friday.jpg'),(208,'/Library/WebServer/Documents/Tests/document_root/images/friday-the-13th-a-new-beginning.jpg'),(209,'/Library/WebServer/Documents/Tests/document_root/images/vigo.jpg'),(210,'/Library/WebServer/Documents/Tests/document_root/images/violetas-imperiales.jpg'),(211,'/Library/WebServer/Documents/Tests/document_root/images/virtuosity.jpg'),(212,'/Library/WebServer/Documents/Tests/document_root/images/virus.jpg'),(213,'/Library/WebServer/Documents/Tests/document_root/images/visionarios.jpg'),(214,'/Library/WebServer/Documents/Tests/document_root/images/the-confession.JPG'),(215,'/Library/WebServer/Documents/Tests/document_root/images/vivancos-3-si-gusta-haremos-las-dos-primeras.jpg'),(216,'/Library/WebServer/Documents/Tests/document_root/images/windows.jpg'),(217,'/Library/WebServer/Documents/Tests/document_root/images/venus-beaute.JPG'),(218,'/Library/WebServer/Documents/Tests/document_root/images/vera-cruz.jpg'),(219,'/Library/WebServer/Documents/Tests/document_root/images/apt-pupil.jpg'),(220,'/Library/WebServer/Documents/Tests/document_root/images/veronica-guerin.jpg'),(221,'/Library/WebServer/Documents/Tests/document_root/images/vertigo.jpg'),(222,'/Library/WebServer/Documents/Tests/document_root/images/very-bad-things.jpg'),(223,'/Library/WebServer/Documents/Tests/document_root/images/best-in-show.JPG'),(224,'/Library/WebServer/Documents/Tests/document_root/images/dressed-to-kill.JPG'),(225,'/Library/WebServer/Documents/Tests/document_root/images/va-savoir.jpg'),(226,'/Library/WebServer/Documents/Tests/document_root/images/viagem-ao-principio-do-mundo.jpg'),(227,'/Library/WebServer/Documents/Tests/document_root/images/fantastic-voyage.jpg'),(228,'/Library/WebServer/Documents/Tests/document_root/images/this-boy-s-life.jpg'),(229,'/Library/WebServer/Documents/Tests/document_root/images/she-devil.jpg'),(230,'/Library/WebServer/Documents/Tests/document_root/images/total-eclipse.jpg'),(231,'/Library/WebServer/Documents/Tests/document_root/images/peyton-place.jpg'),(232,'/Library/WebServer/Documents/Tests/document_root/images/thirteen-conversations-about-one-thing-13-conversations-about-one-thing.jpg'),(233,'/Library/WebServer/Documents/Tests/document_root/images/short-cuts.JPG'),(234,'/Library/WebServer/Documents/Tests/document_root/images/jackie-brown.jpg'),(235,'/Library/WebServer/Documents/Tests/document_root/images/roman-holiday.jpg'),(236,'/Library/WebServer/Documents/Tests/document_root/images/vacas.jpg'),(237,'/Library/WebServer/Documents/Tests/document_root/images/valentin.jpg'),(238,'/Library/WebServer/Documents/Tests/document_root/images/valmont.jpg'),(239,'/Library/WebServer/Documents/Tests/document_root/images/john-carpenters-vampires.jpg'),(240,'/Library/WebServer/Documents/Tests/document_root/images/vampires-los-muertos.jpg'),(241,'/Library/WebServer/Documents/Tests/document_root/images/inferno.jpg'),(242,'/Library/WebServer/Documents/Tests/document_root/images/van-wilder.JPG'),(243,'/Library/WebServer/Documents/Tests/document_root/images/vanya-on-42nd-street.JPG'),(244,'/Library/WebServer/Documents/Tests/document_root/images/vanilla-sky.jpg'),(245,'/Library/WebServer/Documents/Tests/document_root/images/varietes.jpg'),(246,'/Library/WebServer/Documents/Tests/document_root/images/vatel.jpg'),(247,'/Library/WebServer/Documents/Tests/document_root/images/kingpin.jpg'),(248,'/Library/WebServer/Documents/Tests/document_root/images/wrongfully-accused.jpg'),(249,'/Library/WebServer/Documents/Tests/document_root/images/judgement-at-nuremberg.jpg'),(250,'/Library/WebServer/Documents/Tests/document_root/images/venezia-la-luna-e-tu.jpg'),(251,'/Library/WebServer/Documents/Tests/document_root/images/vengo.jpg'),(252,'/Library/WebServer/Documents/Tests/document_root/images/soldados-de-salamina.jpg'),(253,'/Library/WebServer/Documents/Tests/document_root/images/baby-geniuses.jpg'),(254,'/Library/WebServer/Documents/Tests/document_root/images/urga.JPG'),(255,'/Library/WebServer/Documents/Tests/document_root/images/utopia.jpg'),(256,'/Library/WebServer/Documents/Tests/document_root/images/space-cowboys.jpg'),(257,'/Library/WebServer/Documents/Tests/document_root/images/the-real-blonde.jpg'),(258,'/Library/WebServer/Documents/Tests/document_root/images/switch.jpg'),(259,'/Library/WebServer/Documents/Tests/document_root/images/legally-blonde.jpg'),(260,'/Library/WebServer/Documents/Tests/document_root/images/legally-blonde-2-red-white-and-blonde.jpg'),(261,'/Library/WebServer/Documents/Tests/document_root/images/una-sombra-en-el-jardin.JPG'),(262,'/Library/WebServer/Documents/Tests/document_root/images/a-smile-like-yours.jpg'),(263,'/Library/WebServer/Documents/Tests/document_root/images/at-the-circus.JPG'),(264,'/Library/WebServer/Documents/Tests/document_root/images/analyze-this.jpg'),(265,'/Library/WebServer/Documents/Tests/document_root/images/a-distant-trumpet.jpg'),(266,'/Library/WebServer/Documents/Tests/document_root/images/the-turn-of-the-screw.JPG'),(267,'/Library/WebServer/Documents/Tests/document_root/images/unabomber-the-true-story.jpg'),(268,'/Library/WebServer/Documents/Tests/document_root/images/under-the-sun.JPG'),(269,'/Library/WebServer/Documents/Tests/document_root/images/underworld.jpg'),(270,'/Library/WebServer/Documents/Tests/document_root/images/witness.jpg'),(271,'/Library/WebServer/Documents/Tests/document_root/images/une-chance-sur-deux.jpg'),(272,'/Library/WebServer/Documents/Tests/document_root/images/goodfellas.jpg'),(273,'/Library/WebServer/Documents/Tests/document_root/images/one-two-three.jpg'),(274,'/Library/WebServer/Documents/Tests/document_root/images/unos-granujas-decentes.jpg'),(275,'/Library/WebServer/Documents/Tests/document_root/images/top-hat.jpg'),(276,'/Library/WebServer/Documents/Tests/document_root/images/big-bad-mama.jpg'),(277,'/Library/WebServer/Documents/Tests/document_root/images/a-beautiful-mind.jpg'),(278,'/Library/WebServer/Documents/Tests/document_root/images/an-unmarried-woman.jpg'),(279,'/Library/WebServer/Documents/Tests/document_root/images/lady-in-the-dark.jpg'),(280,'/Library/WebServer/Documents/Tests/document_root/images/design-for-living.jpg'),(281,'/Library/WebServer/Documents/Tests/document_root/images/a-dangerous-woman.jpg'),(282,'/Library/WebServer/Documents/Tests/document_root/images/una-noche-con-sabrina-love.jpg'),(283,'/Library/WebServer/Documents/Tests/document_root/images/a-night-at-the-opera.JPG'),(284,'/Library/WebServer/Documents/Tests/document_root/images/the-third-wheel.jpg'),(285,'/Library/WebServer/Documents/Tests/document_root/images/like-mike.jpg'),(286,'/Library/WebServer/Documents/Tests/document_root/images/una-pareja-perfecta.JPG'),(287,'/Library/WebServer/Documents/Tests/document_root/images/una-pirana-en-el-bide.jpg'),(288,'/Library/WebServer/Documents/Tests/document_root/images/una-preciosa-puesta-de-sol.jpg'),(289,'/Library/WebServer/Documents/Tests/document_root/images/und-das-ist-erst-der-anfang.jpg'),(290,'/Library/WebServer/Documents/Tests/document_root/images/tank-girl.jpg'),(291,'/Library/WebServer/Documents/Tests/document_root/images/the-crew.jpg'),(292,'/Library/WebServer/Documents/Tests/document_root/images/room-to-rent.JPG'),(293,'/Library/WebServer/Documents/Tests/document_root/images/funny-face.jpg'),(294,'/Library/WebServer/Documents/Tests/document_root/images/lauberge-espagnol.jpg'),(295,'/Library/WebServer/Documents/Tests/document_root/images/una-chica-casi-formal.jpg'),(296,'/Library/WebServer/Documents/Tests/document_root/images/dream-a-little-dream.jpg'),(297,'/Library/WebServer/Documents/Tests/document_root/images/una-chica-y-un-senor.jpg'),(298,'/Library/WebServer/Documents/Tests/document_root/images/teen-witch.jpg'),(299,'/Library/WebServer/Documents/Tests/document_root/images/a-bronx-tale.jpg'),(300,'/Library/WebServer/Documents/Tests/document_root/images/a-life-less-ordinary.jpg'),(301,'/Library/WebServer/Documents/Tests/document_root/images/the-birdcage.jpg'),(302,'/Library/WebServer/Documents/Tests/document_root/images/basic.jpg'),(303,'/Library/WebServer/Documents/Tests/document_root/images/a-fish-called-wanda.jpg'),(304,'/Library/WebServer/Documents/Tests/document_root/images/best-laid-plans.jpg'),(305,'/Library/WebServer/Documents/Tests/document_root/images/a-simple-plan.jpg'),(306,'/Library/WebServer/Documents/Tests/document_root/images/renaissance-man.jpg'),(307,'/Library/WebServer/Documents/Tests/document_root/images/dantes-peak.jpg'),(308,'/Library/WebServer/Documents/Tests/document_root/images/a-bridge-too-far.jpg'),(309,'/Library/WebServer/Documents/Tests/document_root/images/a-handful-of-dust.jpg'),(310,'/Library/WebServer/Documents/Tests/document_root/images/mouse-hunt.jpg'),(311,'/Library/WebServer/Documents/Tests/document_root/images/out-of-sight.jpg'),(312,'/Library/WebServer/Documents/Tests/document_root/images/valentine.jpg'),(313,'/Library/WebServer/Documents/Tests/document_root/images/stars-and-bars.jpg'),(314,'/Library/WebServer/Documents/Tests/document_root/images/un-silencio-de-tumba.jpg'),(315,'/Library/WebServer/Documents/Tests/document_root/images/what-a-girl-wants.jpg'),(316,'/Library/WebServer/Documents/Tests/document_root/images/the-pest.JPG'),(317,'/Library/WebServer/Documents/Tests/document_root/images/sommaren-med-monika.jpg'),(318,'/Library/WebServer/Documents/Tests/document_root/images/this-is-my-father.jpg'),(319,'/Library/WebServer/Documents/Tests/document_root/images/sissi-die-junge-kaiserin.jpg'),(320,'/Library/WebServer/Documents/Tests/document_root/images/gregoire-moulin-contre-lhumanite.jpg'),(321,'/Library/WebServer/Documents/Tests/document_root/images/un-maledetto-imbroglio.jpg'),(322,'/Library/WebServer/Documents/Tests/document_root/images/an-ideal-husband.jpg'),(323,'/Library/WebServer/Documents/Tests/document_root/images/north.jpg'),(324,'/Library/WebServer/Documents/Tests/document_root/images/the-mighty.jpg'),(325,'/Library/WebServer/Documents/Tests/document_root/images/a-world-apart.jpg'),(326,'/Library/WebServer/Documents/Tests/document_root/images/dark-blue-world.jpg'),(327,'/Library/WebServer/Documents/Tests/document_root/images/a-perfect-world.JPG'),(328,'/Library/WebServer/Documents/Tests/document_root/images/about-a-boy.jpg'),(329,'/Library/WebServer/Documents/Tests/document_root/images/un-oso-rojo.jpg'),(330,'/Library/WebServer/Documents/Tests/document_root/images/joe-somebody.jpg'),(331,'/Library/WebServer/Documents/Tests/document_root/images/big-daddy.jpg'),(332,'/Library/WebServer/Documents/Tests/document_root/images/un-paraguas-para-tres.JPG'),(333,'/Library/WebServer/Documents/Tests/document_root/images/a-walk-in-the-clouds.jpg'),(334,'/Library/WebServer/Documents/Tests/document_root/images/a-little-romance.jpg'),(335,'/Library/WebServer/Documents/Tests/document_root/images/un-perro-llamado-dolor.jpg'),(336,'/Library/WebServer/Documents/Tests/document_root/images/hear-no-evil.jpg'),(337,'/Library/WebServer/Documents/Tests/document_root/images/the-leading-man.jpg'),(338,'/Library/WebServer/Documents/Tests/document_root/images/et-rigtigt-menneske.jpg'),(339,'/Library/WebServer/Documents/Tests/document_root/images/a-man-called-horse.jpg'),(340,'/Library/WebServer/Documents/Tests/document_root/images/un-hombre-llamado-flor-de-otono.jpg'),(341,'/Library/WebServer/Documents/Tests/document_root/images/an-american-werewolf-in-paris.jpg'),(342,'/Library/WebServer/Documents/Tests/document_root/images/mies-vailla-menneisyytta.jpg'),(343,'/Library/WebServer/Documents/Tests/document_root/images/lake-consequence-a-man-two-women.jpg'),(344,'/Library/WebServer/Documents/Tests/document_root/images/fard-and-away.JPG'),(345,'/Library/WebServer/Documents/Tests/document_root/images/the-long-goodbye.jpg'),(346,'/Library/WebServer/Documents/Tests/document_root/images/fathers-day.jpg'),(347,'/Library/WebServer/Documents/Tests/document_root/images/the-cable-guy.jpg'),(348,'/Library/WebServer/Documents/Tests/document_root/images/un-lugar-en-el-mundo.jpg'),(349,'/Library/WebServer/Documents/Tests/document_root/images/running-on-empty.jpg'),(350,'/Library/WebServer/Documents/Tests/document_root/images/universal-soldier-the-return.jpg'),(351,'/Library/WebServer/Documents/Tests/document_root/images/un-caballero-andaluz.jpg'),(352,'/Library/WebServer/Documents/Tests/document_root/images/enid-is-sleeping.jpg'),(353,'/Library/WebServer/Documents/Tests/document_root/images/un-crime-au-paradis.jpg'),(354,'/Library/WebServer/Documents/Tests/document_root/images/a-perfect-murder.jpg'),(355,'/Library/WebServer/Documents/Tests/document_root/images/falling-down.jpg'),(356,'/Library/WebServer/Documents/Tests/document_root/images/un-dia-de-suerte.jpg'),(357,'/Library/WebServer/Documents/Tests/document_root/images/a-day-at-the-races.jpg'),(358,'/Library/WebServer/Documents/Tests/document_root/images/one-fine-day.jpg'),(359,'/Library/WebServer/Documents/Tests/document_root/images/un-dolar-por-los-muertos.jpg'),(360,'/Library/WebServer/Documents/Tests/document_root/images/any-given-sunday.jpg'),(361,'/Library/WebServer/Documents/Tests/document_root/images/the-good-german.jpg'),(362,'/Library/WebServer/Documents/Tests/document_root/images/5-a-day.jpg'),(363,'/Library/WebServer/Documents/Tests/document_root/images/1-chance-sur-2.jpg');
/*!40000 ALTER TABLE `Image` ENABLE KEYS */;
UNLOCK TABLES;

--
-- Table structure for table `LangDirty`
--

DROP TABLE IF EXISTS `LangDirty`;
/*!40101 SET @saved_cs_client     = @@character_set_client */;
/*!40101 SET character_set_client = utf8 */;
CREATE TABLE `LangDirty` (
  `langDirtyId` int(10) unsigned NOT NULL auto_increment,
  `value` varchar(255) NOT NULL default '',
  PRIMARY KEY  (`langDirtyId`)
) ENGINE=MyISAM AUTO_INCREMENT=168 DEFAULT CHARSET=utf8;
/*!40101 SET character_set_client = @saved_cs_client */;

--
-- Dumping data for table `LangDirty`
--

LOCK TABLES `LangDirty` WRITE;
/*!40000 ALTER TABLE `LangDirty` DISABLE KEYS */;
INSERT INTO `LangDirty` VALUES (147,'franzosish'),(148,'romanch'),(149,'romanch'),(150,'romanch'),(151,'romanch'),(152,'romanch'),(153,'romanch'),(154,'romanch'),(155,'romanch'),(156,'romanch'),(157,'romanch'),(158,'romanch'),(159,'romanch'),(160,'romanch'),(161,'romanch'),(162,'or'),(163,'or'),(164,'or'),(165,'or'),(166,'or'),(167,'assameses');
/*!40000 ALTER TABLE `LangDirty` ENABLE KEYS */;
UNLOCK TABLES;

--
-- Table structure for table `LangISO`
--

DROP TABLE IF EXISTS `LangISO`;
/*!40101 SET @saved_cs_client     = @@character_set_client */;
/*!40101 SET character_set_client = utf8 */;
CREATE TABLE `LangISO` (
  `langISOId` int(10) unsigned NOT NULL auto_increment,
  `value` varchar(255) NOT NULL default '',
  `slug` varchar(255) NOT NULL default '',
  PRIMARY KEY  (`langISOId`)
) ENGINE=MyISAM AUTO_INCREMENT=147 DEFAULT CHARSET=utf8;
/*!40101 SET character_set_client = @saved_cs_client */;

--
-- Dumping data for table `LangISO`
--

LOCK TABLES `LangISO` WRITE;
/*!40000 ALTER TABLE `LangISO` DISABLE KEYS */;
INSERT INTO `LangISO` VALUES (4,'or','oriya'),(5,'as','assamese'),(6,'aa','afar'),(7,'ab','abkhazian'),(8,'af','afrikaans'),(9,'am','amharic'),(10,'ar','arabic'),(11,'ay','aymara'),(12,'az','azerbaijani'),(13,'ba','bashkir'),(14,'be','byelorussian'),(15,'bg','bulgarian'),(16,'bh','bihari'),(17,'bi','bislama'),(18,'bn','bengali'),(19,'bo','tibetan'),(20,'br','breton'),(21,'ca','catalan'),(22,'co','corsican'),(23,'cs','czech'),(24,'cy','welsh'),(25,'da','danish'),(26,'de','german'),(27,'dz','bhutani'),(28,'el','greek'),(29,'en','english'),(30,'eo','esperanto'),(31,'es','spanish'),(32,'et','estonian'),(33,'eu','basque'),(34,'fa','persian'),(35,'fi','finnish'),(36,'fj','fiji'),(37,'fo','faroese'),(38,'fr','french'),(39,'fy','frisian'),(40,'ga','irish'),(41,'gd','scots'),(42,'gl','galician'),(43,'gn','guarani'),(44,'gu','gujarati'),(45,'gv','manx'),(46,'ha','hausa'),(47,'he','hebrew'),(48,'hi','hindi'),(49,'hr','croatian'),(50,'hu','hungarian'),(51,'hy','armenian'),(52,'ia','interlingua'),(53,'id','indonesian'),(54,'ie','interlingue'),(55,'ik','inupiak'),(56,'is','icelandic'),(57,'it','italian'),(58,'iu','inuktitut'),(59,'ja','japanese'),(60,'jw','javanese'),(61,'ka','georgian'),(62,'kk','kazakh'),(63,'kl','greenlandic'),(64,'km','cambodian'),(65,'kn','kannada'),(66,'ko','korean'),(67,'ks','kashmiri'),(68,'ku','kurdish'),(69,'kw','cornish'),(70,'ky','kirghiz'),(71,'la','latin'),(72,'lb','luxemburgish'),(73,'ln','lingala'),(74,'lo','laothian'),(75,'lt','lithuanian'),(76,'lv','latvian'),(77,'mg','malagasy'),(78,'mi','maori'),(79,'mk','macedonian'),(80,'ml','malayalam'),(81,'mn','mongolian'),(82,'mo','moldavian'),(83,'mr','marathi'),(84,'ms','malay'),(85,'mt','maltese'),(86,'my','burmese'),(87,'na','nauru'),(88,'ne','nepali'),(89,'nl','dutch'),(90,'no','norwegian'),(91,'oc','occitan'),(92,'om','oromo'),(93,'pa','punjabi'),(94,'pl','polish'),(95,'ps','pashto'),(96,'pt','portuguese'),(97,'qu','quechua'),(98,'rm','rhaeto'),(99,'rn','kirundi'),(100,'ro','romanian'),(101,'ru','russian'),(102,'rw','kinyarwanda'),(103,'sa','sanskrit'),(104,'sd','sindhi'),(105,'se','northern'),(106,'sg','sangho'),(107,'sh','serbo'),(108,'si','singhalese'),(109,'sk','slovak'),(110,'sl','slovenian'),(111,'sm','samoan'),(112,'sn','shona'),(113,'so','somali'),(114,'sq','albanian'),(115,'sr','serbian'),(116,'ss','siswati'),(117,'st','sesotho'),(118,'su','sundanese'),(119,'sv','swedish'),(120,'sw','swahili'),(121,'ta','tamil'),(122,'te','telugu'),(123,'tg','tajik'),(124,'th','thai'),(125,'ti','tigrinya'),(126,'tk','turkmen'),(127,'tl','tagalog'),(128,'tn','setswana'),(129,'to','tonga'),(130,'tr','turkish'),(131,'ts','tsonga'),(132,'tt','tatar'),(133,'tw','twi'),(134,'ug','uigur'),(135,'uk','ukrainian'),(136,'ur','urdu'),(137,'uz','uzbek'),(138,'vi','vietnamese'),(139,'vo','volapuk'),(140,'wo','wolof'),(141,'xh','xhosa'),(142,'yi','yiddish'),(143,'yo','yoruba'),(144,'za','zhuang'),(145,'zh','chinese'),(146,'zu','zulu');
/*!40000 ALTER TABLE `LangISO` ENABLE KEYS */;
UNLOCK TABLES;

--
-- Table structure for table `LangISO_Matcher`
--

DROP TABLE IF EXISTS `LangISO_Matcher`;
/*!40101 SET @saved_cs_client     = @@character_set_client */;
/*!40101 SET character_set_client = utf8 */;
CREATE TABLE `LangISO_Matcher` (
  `priority` int(10) unsigned NOT NULL auto_increment,
  `langISOId` int(10) unsigned NOT NULL default '0',
  `regex` text NOT NULL,
  PRIMARY KEY  (`priority`)
) ENGINE=MyISAM AUTO_INCREMENT=461 DEFAULT CHARSET=utf8;
/*!40101 SET character_set_client = @saved_cs_client */;

--
-- Dumping data for table `LangISO_Matcher`
--

LOCK TABLES `LangISO_Matcher` WRITE;
/*!40000 ALTER TABLE `LangISO_Matcher` DISABLE KEYS */;
INSERT INTO `LangISO_Matcher` VALUES (318,4,'/oriya/ui'),(319,5,'/assamese/ui'),(320,6,'/afar/ui'),(321,7,'/abkhazian/ui'),(322,8,'/afrikaans/ui'),(323,9,'/amharic/ui'),(324,10,'/arabic/ui'),(325,11,'/aymara/ui'),(326,12,'/azerbaijani/ui'),(327,13,'/bashkir/ui'),(328,14,'/byelorussian/ui'),(329,15,'/bulgarian/ui'),(330,16,'/bihari/ui'),(331,17,'/bislama/ui'),(332,18,'/bengali/ui'),(333,19,'/tibetan/ui'),(334,20,'/breton/ui'),(335,21,'/catalan/ui'),(336,22,'/corsican/ui'),(337,23,'/czech/ui'),(338,24,'/welsh/ui'),(339,25,'/danish/ui'),(340,26,'/german/ui'),(341,27,'/bhutani/ui'),(342,28,'/greek/ui'),(343,29,'/english/ui'),(344,30,'/esperanto/ui'),(345,31,'/spanish/ui'),(346,32,'/estonian/ui'),(347,33,'/basque/ui'),(348,34,'/persian/ui'),(349,35,'/finnish/ui'),(350,36,'/fiji/ui'),(351,37,'/faroese/ui'),(352,38,'/french/ui'),(353,39,'/frisian/ui'),(354,40,'/uirish/ui'),(355,41,'/scots/ui'),(356,42,'/galician/ui'),(357,43,'/guarani/ui'),(358,44,'/gujarati/ui'),(359,45,'/manx/ui'),(360,46,'/hausa/ui'),(361,47,'/hebrew/ui'),(362,48,'/hindi/ui'),(363,49,'/croatian/ui'),(364,50,'/hungarian/ui'),(365,51,'/armenian/ui'),(366,52,'/uinterlingua/ui'),(367,53,'/uindonesian/ui'),(368,54,'/uinterlingue/ui'),(369,55,'/uinupiak/ui'),(370,56,'/uicelandic/ui'),(371,57,'/uitalian/ui'),(372,58,'/uinuktitut/ui'),(373,59,'/japanese/ui'),(374,60,'/javanese/ui'),(375,61,'/georgian/ui'),(376,62,'/kazakh/ui'),(377,63,'/greenlandic/ui'),(378,64,'/cambodian/ui'),(379,65,'/kannada/ui'),(380,66,'/korean/ui'),(381,67,'/kashmiri/ui'),(382,68,'/kurdish/ui'),(383,69,'/cornish/ui'),(384,70,'/kirghiz/ui'),(385,71,'/latin/ui'),(386,72,'/luxemburgish/ui'),(387,73,'/lingala/ui'),(388,74,'/laothian/ui'),(389,75,'/lithuanian/ui'),(390,76,'/latvian/ui'),(391,77,'/malagasy/ui'),(392,78,'/maori/ui'),(393,79,'/macedonian/ui'),(394,80,'/malayalam/ui'),(395,81,'/mongolian/ui'),(396,82,'/moldavian/ui'),(397,83,'/marathi/ui'),(398,84,'/malay/ui'),(399,85,'/maltese/ui'),(400,86,'/burmese/ui'),(401,87,'/nauru/ui'),(402,88,'/nepali/ui'),(403,89,'/dutch/ui'),(404,90,'/norwegian/ui'),(405,91,'/occitan/ui'),(406,92,'/oromo/ui'),(407,93,'/punjabi/ui'),(408,94,'/polish/ui'),(409,95,'/pashto/ui'),(410,96,'/portuguese/ui'),(411,97,'/quechua/ui'),(412,98,'/rhaeto/ui'),(413,99,'/kirundi/ui'),(414,100,'/romanian/ui'),(415,101,'/russian/ui'),(416,102,'/kinyarwanda/ui'),(417,103,'/sanskrit/ui'),(418,104,'/sindhi/ui'),(419,105,'/northern/ui'),(420,106,'/sangho/ui'),(421,107,'/serbo/ui'),(422,108,'/singhalese/ui'),(423,109,'/slovak/ui'),(424,110,'/slovenian/ui'),(425,111,'/samoan/ui'),(426,112,'/shona/ui'),(427,113,'/somali/ui'),(428,114,'/albanian/ui'),(429,115,'/serbian/ui'),(430,116,'/siswati/ui'),(431,117,'/sesotho/ui'),(432,118,'/sundanese/ui'),(433,119,'/swedish/ui'),(434,120,'/swahili/ui'),(435,121,'/tamil/ui'),(436,122,'/telugu/ui'),(437,123,'/tajik/ui'),(438,124,'/thai/ui'),(439,125,'/tigrinya/ui'),(440,126,'/turkmen/ui'),(441,127,'/tagalog/ui'),(442,128,'/setswana/ui'),(443,129,'/tonga/ui'),(444,130,'/turkish/ui'),(445,131,'/tsonga/ui'),(446,132,'/tatar/ui'),(447,133,'/twi/ui'),(448,134,'/uigur/ui'),(449,135,'/ukrainian/ui'),(450,136,'/urdu/ui'),(451,137,'/uzbek/ui'),(452,138,'/vietnamese/ui'),(453,139,'/volapuk/ui'),(454,140,'/wolof/ui'),(455,141,'/xhosa/ui'),(456,142,'/yiddish/ui'),(457,143,'/yoruba/ui'),(458,144,'/zhuang/ui'),(459,145,'/chinese/ui'),(460,146,'/zulu/ui');
/*!40000 ALTER TABLE `LangISO_Matcher` ENABLE KEYS */;
UNLOCK TABLES;

--
-- Table structure for table `MIE`
--

DROP TABLE IF EXISTS `MIE`;
/*!40101 SET @saved_cs_client     = @@character_set_client */;
/*!40101 SET character_set_client = utf8 */;
CREATE TABLE `MIE` (
  `mIEId` int(10) unsigned NOT NULL auto_increment,
  `name` varchar(255) NOT NULL default '',
  `slug` varchar(255) NOT NULL default 'N/A',
  `countryId` int(10) unsigned NOT NULL default '0',
  PRIMARY KEY  (`mIEId`)
) ENGINE=MyISAM AUTO_INCREMENT=2434 DEFAULT CHARSET=utf8;
/*!40101 SET character_set_client = @saved_cs_client */;

--
-- Dumping data for table `MIE`
--

LOCK TABLES `MIE` WRITE;
/*!40000 ALTER TABLE `MIE` DISABLE KEYS */;
INSERT INTO `MIE` VALUES (4,'Paul Auster','paul-auster',0),(5,'David Thewlis','david-thewlis',0),(6,' Irène Jacob','irene-jacob',0),(7,' Sophie Auster','sophie-auster',0),(8,' Michael Imperioli','michael-imperioli',0),(9,'Coproducción USA - Francia - España ','coproduccion-usa-francia-espana',0),(10,'Jason Reitman','jason-reitman',0),(11,'Ellen Page','ellen-page',0),(12,' Michael Cera','michael-cera',0),(13,' Jennifer Garner','jennifer-garner',0),(14,' Jason Bateman','jason-bateman',0),(15,' Olivia Thirlby','olivia-thirlby',0),(16,' J.K. Simmons','j-k-simmons',0),(17,' Allison Janney','allison-janney',0),(18,' Rainn Wilson','rainn-wilson',0),(19,'Fox Searchlight Pictures ','fox-searchlight-pictures',0),(20,'Michael Traeger','michael-traeger',0),(21,'Jeff Bridges','jeff-bridges',0),(22,' Ted Danson','ted-danson',0),(23,' Lauren Graham','lauren-graham',0),(24,' Joe Pantoliano','joe-pantoliano',0),(25,' Jeanne Tripplehorn','jeanne-tripplehorn',0),(26,' William Fichtner','william-fichtner',0),(27,' Patrick Fugit','patrick-fugit',0),(28,' Tim Blake Nelson','tim-blake-nelson',0),(29,' Isaiah Washington','isaiah-washington',0),(30,' Glenne Headly','glenne-headly',0),(31,' Judy Greer','judy-greer',0),(32,' Steven Weber','steven-weber',0),(33,' Eileen Brennan','eileen-brennan',0),(34,' Brad Garrett','brad-garrett',0),(35,'First Look Studios ','first-look-studios',0),(36,'Joe Wright','joe-wright',0),(37,'Keira Knightley','keira-knightley',0),(38,' James McAvoy','james-mcavoy',0),(39,' Romola Garai','romola-garai',0),(40,' Saoirse Ronan','saoirse-ronan',0),(41,' Brenda Blethyn','brenda-blethyn',0),(42,' Vanessa Redgrave','vanessa-redgrave',0),(43,' Juno Temple','juno-temple',0),(44,' Gina McKee','gina-mckee',0),(45,' Michelle Duncan','michelle-duncan',0),(46,'Coproducción Gran Bretaña - USA / Focus Feature ','coproduccion-gran-bretana-usa-focus-feature',0),(47,'James C. Strouse','james-c-strouse',0),(48,'John Cusack','john-cusack',0),(49,' Alessandro Nivola','alessandro-nivola',0),(50,' Shélan OKeefe','shelan-okeefe',0),(51,' Gracie Bdenarczyk','gracie-bdenarczyk',0),(52,' Mary Kay Place','mary-kay-place',0),(53,' Doug Dearth','doug-dearth',0),(54,' Michael Thomas Dunn','michael-thomas-dunn',0),(55,' Brian Patrick Farrell','brian-patrick-farrell',0),(56,'The Weinstein Company ','the-weinstein-company',0),(57,'Paul Schrader','paul-schrader',0),(58,'Woody Harrelson','woody-harrelson',0),(59,' Kristin Scott Thomas','kristin-scott-thomas',0),(60,' Lauren Bacall','lauren-bacall',0),(61,' Moritz Bleibtreu','moritz-bleibtreu',0),(62,' Lily Tomlin','lily-tomlin',0),(63,' Willem Dafoe','willem-dafoe',0),(64,' Ned Beatty','ned-beatty',0),(65,'Coproducción USA - Reino Unido / THINKFilm ','coproduccion-usa-reino-unido-thinkfilm',0),(66,'Bill Guttentag','bill-guttentag',0),(67,' Dan Sturman','dan-sturman',0),(68,' Mariel Hemingway','mariel-hemingway',0),(69,' Jurgen Prochnow','jurgen-prochnow',0),(70,' Stephen Dorff','stephen-dorff',0),(71,'THINKFilm ','thinkfilm',0),(72,'Mikael Håfström','mikael-hafstrom',0),(73,' Samuel L. Jackson','samuel-l-jackson',0),(74,' Mary McCormack','mary-mccormack',0),(75,' Jasmine Jessica Anthony','jasmine-jessica-anthony',0),(76,' Tony Shalhoub','tony-shalhoub',0),(77,'Dimension Films / MGM ','dimension-films-mgm',0),(78,'Ang Lee','ang-lee',0),(79,'Tony Leung (Tony Leung Chiu Wai)','tony-leung-tony-leung-chiu-wai',0),(80,' Joan Chen','joan-chen',0),(81,' Wei Tang','wei-tang',0),(82,' Lee-Hom Wang','lee-hom-wang',0),(83,' Johnson Yuen','johnson-yuen',0),(84,' Chih-ying Chu','chih-ying-chu',0),(85,' Anupam Kher ','anupam-kher',0),(86,'Focus Features / River Road Entertainment ','focus-features-river-road-entertainment',0),(87,'Sam Garbarski','sam-garbarski',0),(88,'Marianne Faithfull','marianne-faithfull',0),(89,' Miki Manojlovic','miki-manojlovic',0),(90,' Kevin Bishop','kevin-bishop',0),(91,' Siobhan Hewlett','siobhan-hewlett',0),(92,' Dorka Gryllus','dorka-gryllus',0),(93,' Jenny Agutter','jenny-agutter',0),(94,' Corey Burke','corey-burke',0),(95,' Meg Wynn Owen','meg-wynn-owen',0),(96,' Susan Hitch','susan-hitch',0),(97,' Flip Webster','flip-webster',0),(98,'Coproducción Reino Unido - Bélgica - Luxemburgo - Alemania - Francia ','coproduccion-reino-unido-belgica-luxemburgo-alemania-francia',0),(99,'Nick Broomfield','nick-broomfield',0),(100,'Elliot Ruiz','elliot-ruiz',0),(101,' Yasmine Hanani','yasmine-hanani',0),(102,' Andrew McLaren','andrew-mclaren',0),(103,' Matthew Knoll','matthew-knoll',0),(104,' Thomas Hennessy','thomas-hennessy',0),(105,' Vernon Gaines','vernon-gaines',0),(106,' Danny Martinez','danny-martinez',0),(107,' Joe Chacon','joe-chacon',0),(108,' Eric Mehalacopoulos','eric-mehalacopoulos',0),(109,' Jase Willette','jase-willette',0),(110,' Antonio Tostado','antonio-tostado',0),(111,' Tony Spencer','tony-spencer',0),(112,' Nick Shakoour','nick-shakoour',0),(113,' Alysha Westlake','alysha-westlake',0),(114,'Lafayette Film ','lafayette-film',0),(115,'Lance Rivera','lance-rivera',0),(116,'Gabrielle Union','gabrielle-union',0),(117,' Morris Chestnut','morris-chestnut',0),(118,' Queen Latifah','queen-latifah',0),(119,' Terrence Howard','terrence-howard',0),(120,' Malik Hammond','malik-hammond',0),(121,' Charlie Murphy','charlie-murphy',0),(122,' Faizon Love','faizon-love',0),(123,' Jeremy Gumbs','jeremy-gumbs',0),(124,' Jill Marie Jones','jill-marie-jones',0),(125,' Rachel True','rachel-true',0),(126,'Yari Film Group ','yari-film-group',0),(127,'Rodrigo Moreno','rodrigo-moreno',0),(128,'Julio Chávez','julio-chavez',0),(129,' Osvaldo Djeredjian','osvaldo-djeredjian',0),(130,' Adrián Andrada','adrian-andrada',0),(131,' Osmar Núñez','osmar-nunez',0),(132,' Julieta Vallina','julieta-vallina',0),(133,' Elvira Onetto','elvira-onetto',0),(134,'Coproducción Argentina - Uruguay ','coproduccion-argentina-uruguay',0),(135,'Mehdi Charef','mehdi-charef',0),(136,' Emir Kusturica','emir-kusturica',0),(137,' Spike Lee','spike-lee',0),(138,' Kátia Lund','katia-lund',0),(139,' Jordan Scott','jordan-scott',0),(140,' Ridley Scott','ridley-scott',0),(141,' Stefano Veneruso','stefano-veneruso',0),(142,' John Woo','john-woo',0),(143,'Maria Grazia Cucinotta','maria-grazia-cucinotta',0),(144,' Wenli Jiang','wenli-jiang',0),(145,' Francisco Anawake','francisco-anawake',0),(146,' Kelly Macdonald','kelly-macdonald',0),(147,'RAI Cinema ','rai-cinema',0),(148,'Jon Turteltaub','jon-turteltaub',0),(149,'Nicolas Cage','nicolas-cage',0),(150,' Jon Voight','jon-voight',0),(151,' Harvey Keitel','harvey-keitel',0),(152,' Ed Harris','ed-harris',0),(153,' Diane Kruger','diane-kruger',0),(154,' Helen Mirren','helen-mirren',0),(155,' Justin Bartha','justin-bartha',0),(156,' Bruce Greenwood','bruce-greenwood',0),(157,' Alicia Coppola','alicia-coppola',0),(158,' Joel Gretsch','joel-gretsch',0),(159,'Walt Disney Pictures / Jerry Bruckheimer Films ','walt-disney-pictures-jerry-bruckheimer-films',0),(160,'Francis Lawrence','francis-lawrence',0),(161,'Will Smith','will-smith',0),(162,' Alice Braga','alice-braga',0),(163,' Salli Richardson','salli-richardson',0),(164,' Paradox Pollack','paradox-pollack',0),(165,' Charlie Tahan','charlie-tahan',0),(166,'Warner Bros. Pictures ','warner-bros-pictures',0),(167,'Billy Ray','billy-ray',0),(168,'Chris Cooper','chris-cooper',0),(169,' Ryan Phillippe','ryan-phillippe',0),(170,' Laura Linney','laura-linney',0),(171,' Dennis Haysbert','dennis-haysbert',0),(172,' Kathleen Quinlan','kathleen-quinlan',0),(173,' Gary Cole','gary-cole',0),(174,' Bruce Davison','bruce-davison',0),(175,' Caroline Dhavernas','caroline-dhavernas',0),(176,' Mary Jo Deschanel','mary-jo-deschanel',0),(177,' Aaron Abrams','aaron-abrams',0),(178,'Universal Pictures ','universal-pictures',0),(179,'Tim Hill','tim-hill',0),(180,'Jason Lee','jason-lee',0),(181,' Don Tiffany','don-tiffany',0),(182,' David Cross','david-cross',0),(183,' Cameron Richardson','cameron-richardson',0),(184,' Jane Lynch','jane-lynch',0),(185,'Bagdasarian Productions / Regency Enterprises ','bagdasarian-productions-regency-enterprises',0),(186,'Sarah Polley','sarah-polley',0),(187,'Julie Christie','julie-christie',0),(188,' Gordon Pinset','gordon-pinset',0),(189,' Olympia Dukakis','olympia-dukakis',0),(190,' Wendy Crewson','wendy-crewson',0),(191,' Kristen Thomson','kristen-thomson',0),(192,' Michael Murphy','michael-murphy',0),(193,'The Film Farm & Foundry Films ','the-film-farm-foundry-films',0),(194,'Juan Pablo Buscarini','juan-pablo-buscarini',0),(195,'Animación','animacion',0),(196,'Patagonik Film Group ','patagonik-film-group',0),(197,'Robert Ben Garant','robert-ben-garant',0),(198,'Dan Fogler','dan-fogler',0),(199,' Christopher Walken','christopher-walken',0),(200,' George Lopez','george-lopez',0),(201,' Maggie Q','maggie-q',0),(202,' Thomas Lennon','thomas-lennon',0),(203,' Jason Scott Lee','jason-scott-lee',0),(204,' James Hong','james-hong',0),(205,' Terry Crews','terry-crews',0),(206,' Robert Patrick','robert-patrick',0),(207,' Diedrich Bader','diedrich-bader',0),(208,' Aisha Tyler','aisha-tyler',0),(209,'Rogue Pictures / Intrepid Pictures ','rogue-pictures-intrepid-pictures',0),(210,'Denzel Washington','denzel-washington',0),(211,' Russell Crowe','russell-crowe',0),(212,' Carla Gugino','carla-gugino',0),(213,' Cuba Gooding Jr.','cuba-gooding-jr',0),(214,' Josh Brolin','josh-brolin',0),(215,' Chiwetel Ejiofor','chiwetel-ejiofor',0),(216,' RZA','rza',0),(217,' Ted Levine','ted-levine',0),(218,' Armand Assante','armand-assante',0),(219,' Clarence Williams III','clarence-williams-iii',0),(220,' John Ortiz','john-ortiz',0),(221,' John Hawkes','john-hawkes',0),(222,' Jon Polito','jon-polito',0),(223,' Kevin Corrigan','kevin-corrigan',0),(224,'Universal Pictures / Imagine Entertainment ','universal-pictures-imagine-entertainment',0),(225,'Todd Phillips','todd-phillips',0),(226,'Billy Bob Thornton','billy-bob-thornton',0),(227,' Jon Heder','jon-heder',0),(228,' Jacinda Barrett','jacinda-barrett',0),(229,' Ben Stiller','ben-stiller',0),(230,' Luis Guzman','luis-guzman',0),(231,' Horatio Sanz','horatio-sanz',0),(232,' Sarah Silverman','sarah-silverman',0),(233,' Michael Clarke Duncan','michael-clarke-duncan',0),(234,' Joanne Baron','joanne-baron',0),(235,' Cynthia Loebe','cynthia-loebe',0),(236,'Dimension Films ','dimension-films',0),(237,'Glen Morgan','glen-morgan',0),(238,'Katie Cassidy','katie-cassidy',0),(239,' Michelle Trachtenberg','michelle-trachtenberg',0),(240,' Mary Elizabeth Winstead','mary-elizabeth-winstead',0),(241,' Oliver Hudson','oliver-hudson',0),(242,' Lacey Chabert','lacey-chabert',0),(243,' Kristen Cloke','kristen-cloke',0),(244,' Andrea Martin','andrea-martin',0),(245,' Crystal Lowe','crystal-lowe',0),(246,'Felipe Jiménez Luna','felipe-jimenez-luna',0),(247,'Santi Rodríguez','santi-rodriguez',0),(248,' Claudia Molina','claudia-molina',0),(249,' Elio González','elio-gonzalez',0),(250,' Jimmy Barnatan','jimmy-barnatan',0),(251,' Darío Paso','dario-paso',0),(252,' Rebeca Cobos','rebeca-cobos',0),(253,' Jimmy Castro','jimmy-castro',0),(254,' Israel Rodriguez','israel-rodriguez',0),(255,' Alba Alonso','alba-alonso',0),(256,' Elsa Herrera','elsa-herrera',0),(257,' Luisa Ezquerra','luisa-ezquerra',0),(258,' Antonio Barroso','antonio-barroso',0),(259,'Mediapro / Yacare Films ','mediapro-yacare-films',0),(260,'Paolo Taviani','paolo-taviani',0),(261,' Vittorio Taviani','vittorio-taviani',0),(262,'Paz Vega','paz-vega',0),(263,' Alessandro Preziosi','alessandro-preziosi',0),(264,' Ángela Molina','angela-molina',0),(265,' Arsinée Khanjian','arsinee-khanjian',0),(266,' Mohammed Bakri','mohammed-bakri',0),(267,' Tchéky Karyo','tcheky-karyo',0),(268,' Mariano Rigillo','mariano-rigillo',0),(269,' Hristo Shopov','hristo-shopov',0),(270,' Christo Jivkov','christo-jivkov',0),(271,' Stefan Danailov','stefan-danailov',0),(272,' Linda Batista','linda-batista',0),(273,'Coproducción Italia - Francia - España ','coproduccion-italia-francia-espana',0),(274,'Julien Leclercq','julien-leclercq',0),(275,'Albert Dupontel','albert-dupontel',0),(276,' Marie Guillard','marie-guillard',0),(277,' Marthe Keller','marthe-keller',0),(278,' Mélanie Thierry','melanie-thierry',0),(279,' Estelle Lefebure','estelle-lefebure',0),(280,' Francis Renaud','francis-renaud',0),(281,' Claude Perron','claude-perron',0),(282,'Gaumont ','gaumont',0),(283,'Pavel Giroud','pavel-giroud',0),(284,'Mercedes Sampietro','mercedes-sampietro',0),(285,' Iván Carreira','ivan-carreira',0),(286,' Susana Tejera','susana-tejera',0),(287,' Carla Paneca','carla-paneca',0),(288,' Esther Cardoso','esther-cardoso',0),(289,' Claudia Valdés','claudia-valdes',0),(290,' José Ángel Egido','jose-angel-egido',0),(291,'ICAIC / Mediapro ','icaic-mediapro',0),(292,'Jean-François Davy','jean-francois-davy',0),(293,'Jules Sitruk','jules-sitruk',0),(294,' Damien Jouillerot','damien-jouillerot',0),(295,' Jonathan Demurger','jonathan-demurger',0),(296,' Pierre Derenne','pierre-derenne',0),(297,' César Domboy','cesar-domboy',0),(298,' Jules-Angelo Bigarnet','jules-angelo-bigarnet',0),(299,' Raphaël Fuchs-Willig','raphael-fuchs-willig',0),(300,' Clément Chebli','clement-chebli',0),(301,' Richard Berry','richard-berry',0),(302,'Opening Production ','opening-production',0),(303,'Róbert I. Douglas','robert-i-douglas',0),(304,'Björn Hlynur Haraldsson','bjorn-hlynur-haraldsson',0),(305,' Lilja Nótt Þórarinsdóttir','lilja-nott-thorarinsdottir',0),(306,' Arnaldur Ernst','arnaldur-ernst',0),(307,' Helgi Björnsson','helgi-bjornsson',0),(308,' Sigurður Skúlason','sigurdur-skulason',0),(309,' Þorsteinn Bachmann','thorsteinn-bachmann',0),(310,' Björk Jakobsdóttir','bjork-jakobsdottir',0),(311,' Pattra Sriyanonge','pattra-sriyanonge',0),(312,' Marius Sverrisson','marius-sverrisson',0),(313,' Damon Younger','damon-younger',0),(314,' Nanna Ósk Jónsdóttir','nanna-osk-jonsdottir',0),(315,'Coproducción Islandia - Finlandia - Gran Bretaña ','coproduccion-islandia-finlandia-gran-bretana',0),(316,'Rob Zombie','rob-zombie',0),(317,'Tyler Mane','tyler-mane',0),(318,' Scout Taylor-Compton','scout-taylor-compton',0),(319,' Daeg Faerch','daeg-faerch',0),(320,' Sheri Moon','sheri-moon',0),(321,' Malcolm McDowell','malcolm-mcdowell',0),(322,' Brad Dourif','brad-dourif',0),(323,' Danielle Harris','danielle-harris',0),(324,' Hanna Hall','hanna-hall',0),(325,' William Forsythe','william-forsythe',0),(326,' Udo Kier','udo-kier',0),(327,'Wes Anderson','wes-anderson',0),(328,'Owen Wilson','owen-wilson',0),(329,' Adrien Brody','adrien-brody',0),(330,' Jason Schwartzman','jason-schwartzman',0),(331,' Anjelica Huston','anjelica-huston',0),(332,' Bill Murray','bill-murray',0),(333,' Amara Karan','amara-karan',0),(334,' Camilla Rutherford','camilla-rutherford',0),(335,' Irfan Khan','irfan-khan',0),(336,' Natalie Portman','natalie-portman',0),(337,'American Empirical Pictures ','american-empirical-pictures',0),(338,'Robert Shaye','robert-shaye',0),(339,'Timothy Hutton','timothy-hutton',0),(340,' Joely Richardson','joely-richardson',0),(341,' Chris ONeil','chris-oneil',0),(342,' Rhiannon Leigh Wryn','rhiannon-leigh-wryn',0),(343,' Kathryn Hahn','kathryn-hahn',0),(344,' Kirsten Williamson','kirsten-williamson',0),(345,'New Line Cinema ','new-line-cinema',0),(346,'Raphaël Nadjari','raphael-nadjari',0),(347,'Michael Moshonov','michael-moshonov',0),(348,' Limor Goldstein','limor-goldstein',0),(349,' Shmuel Vilozni','shmuel-vilozni',0),(350,' Ilan Dar','ilan-dar',0),(351,' Yoav Hait','yoav-hait',0),(352,' Reut Lev','reut-lev',0),(353,'Coproducción Francia - Israel ','coproduccion-francia-israel',0),(354,'Andrew Piddington','andrew-piddington',0),(355,'Jonas Ball','jonas-ball',0),(356,' Mie Omori','mie-omori',0),(357,' Robert C. Kirk','robert-c-kirk',0),(358,' Sofia Dubrawsky','sofia-dubrawsky',0),(359,' Krisha Fairchild','krisha-fairchild',0),(360,' Thomas A. McMahon ','thomas-a-mcmahon',0),(361,'Picture Players Productions ','picture-players-productions',0),(362,'Eric Valette','eric-valette',0),(363,'Edward Burns','edward-burns',0),(364,' Shannyn Sossamon','shannyn-sossamon',0),(365,' Azura Skye','azura-skye',0),(366,' Ana Claudia Talancón','ana-claudia-talancon',0),(367,' Ray Wise','ray-wise',0),(368,' Rhoda Griffis','rhoda-griffis',0),(369,' Margaret Cho','margaret-cho',0),(370,' Jessica Brown','jessica-brown',0),(371,' Johnny Lewis','johnny-lewis',0),(372,'Abby Epstein','abby-epstein',0),(373,'Ricki Lake','ricki-lake',0),(374,'International Film Circuit ','international-film-circuit',0),(375,'Rob Reiner','rob-reiner',0),(376,'Jack Nicholson','jack-nicholson',0),(377,' Morgan Freeman','morgan-freeman',0),(378,' Sean Hayes','sean-hayes',0),(379,' Rob Morrow','rob-morrow',0),(380,' Beverly Todd','beverly-todd',0),(381,' Alfonso Freeman','alfonso-freeman',0),(382,' Rowena King','rowena-king',0),(383,' Serena Reeder','serena-reeder',0),(384,' Hugh B. Holub','hugh-b-holub',0),(385,'Sylvester Stallone','sylvester-stallone',0),(386,' Julie Benz','julie-benz',0),(387,' Matthew Marsden','matthew-marsden',0),(388,' Graham McTavish','graham-mctavish',0),(389,' Reynaldo Gallegos','reynaldo-gallegos',0),(390,' Jake La Botz','jake-la-botz',0),(391,' Tim Kang','tim-kang',0),(392,' Maung Maung Khim','maung-maung-khim',0),(393,' Ken Howard','ken-howard',0),(394,'Lions Gate Films ','lions-gate-films',0),(395,'Matt Reeves','matt-reeves',0),(396,'Michael Stahl-David','michael-stahl-david',0),(397,' Mike Vogel','mike-vogel',0),(398,' Jessica Lucas','jessica-lucas',0),(399,' Lizzy Caplan','lizzy-caplan',0),(400,' Odette Yustman','odette-yustman',0),(401,' T.J. Miller','t-j-miller',0),(402,' Margot Farley','margot-farley',0),(403,' Theo Rossi','theo-rossi',0),(404,'Paramount Pictures ','paramount-pictures',0),(405,'Miguel Bardem','miguel-bardem',0),(406,'Eduard Soto','eduard-soto',0),(407,' Pepe Viyuela','pepe-viyuela',0),(408,' Berta Ojea','berta-ojea',0),(409,' Mariano Venancio','mariano-venancio',0),(410,' Janfri Topera','janfri-topera',0),(411,' Carlos Santos','carlos-santos',0),(412,' Emilio Gavira','emilio-gavira',0),(413,' Carmen Ruiz','carmen-ruiz',0),(414,'Ensueño Films / Zeta Audiovisual ','ensueno-films-zeta-audiovisual',0),(415,'José Antonio Salgot','jose-antonio-salgot',0),(416,'Ariel Casas','ariel-casas',0),(417,' Silvia Marsó','silvia-marso',0),(418,' Asunción Balaguer','asuncion-balaguer',0),(419,' Joan Dalmau','joan-dalmau',0),(420,' Ramon Pujol','ramon-pujol',0),(421,' Jordi Sánchez','jordi-sanchez',0),(422,' Jaume García','jaume-garcia',0),(423,' Ana Fibla','ana-fibla',0),(424,' Susana Fawaz','susana-fawaz',0),(425,' Miquel Folch','miquel-folch',0),(426,'Alguienvoló / Zip films ','alguienvolo-zip-films',0),(427,'Frederik Du Chau','frederik-du-chau',0),(428,'James Belushi','james-belushi',0),(429,' Peter Dinklage','peter-dinklage',0),(430,' John Slattery','john-slattery',0),(431,' Patrick Warburton','patrick-warburton',0),(432,'Walt Disney Pictures ','walt-disney-pictures',0),(433,'Nadine Labaki','nadine-labaki',0),(434,' Yasmine Al Masri','yasmine-al-masri',0),(435,' Joanna Moukarzel','joanna-moukarzel',0),(436,' Gisèle Aouad','gisele-aouad',0),(437,' Adel Karam','adel-karam',0),(438,' Siham Haddad','siham-haddad',0),(439,' Aziza Semaan','aziza-semaan',0),(440,' Fatme Safa','fatme-safa',0),(441,' Dimitri Stancofski','dimitri-stancofski',0),(442,' Fadia Stella','fadia-stella',0),(443,' Ismail Antar','ismail-antar',0),(444,'Coproducción Líbano - Francia / Roadside Attractions ','coproduccion-libano-francia-roadside-attractions',0),(445,'David Moreau','david-moreau',0),(446,' Xavier Palud','xavier-palud',0),(447,'Jessica Alba','jessica-alba',0),(448,' Parker Posey','parker-posey',0),(449,'Lionsgate ','lionsgate',0),(450,'Jeff Lowell','jeff-lowell',0),(451,'Eva Longoria','eva-longoria',0),(452,' Paul Rudd','paul-rudd',0),(453,' Lake Bell','lake-bell',0),(454,' Jason Biggs','jason-biggs',0),(455,' Lindsay Sloane','lindsay-sloane',0),(456,' Stephen Root','stephen-root',0),(457,'Gold Circle Films ','gold-circle-films',0),(458,'Martin McDonagh','martin-mcdonagh',0),(459,'Ralph Fiennes','ralph-fiennes',0),(460,' Colin Farrell','colin-farrell',0),(461,' Brendan Gleeson','brendan-gleeson',0),(462,' Clémence Poésy','clemence-poesy',0),(463,' Jérémie Rénier','jeremie-renier',0),(464,' Thekla Reuten','thekla-reuten',0),(465,' Jordan Prentice','jordan-prentice',0),(466,'Focus Features ','focus-features',0),(467,'Tim Burton','tim-burton',0),(468,'Johnny Depp','johnny-depp',0),(469,' Helena Bonham Carter','helena-bonham-carter',0),(470,' Sacha Baron Cohen','sacha-baron-cohen',0),(471,' Alan Rickman','alan-rickman',0),(472,' Timothy Spall','timothy-spall',0),(473,'DreamWorks Pictures / Warner Bros. Pictures ','dreamworks-pictures-warner-bros-pictures',0),(474,'Doug Liman','doug-liman',0),(475,'Hayden Christensen','hayden-christensen',0),(476,' Diane Lane','diane-lane',0),(477,' Jamie Bell','jamie-bell',0),(478,' AnnaSophia Robb','annasophia-robb',0),(479,' Michael Rooker','michael-rooker',0),(480,' Rachel Bilson','rachel-bilson',0),(481,' Tom Hulce','tom-hulce',0),(482,' Sean Baek','sean-baek',0),(483,' Katie Boland','katie-boland',0),(484,'20th Century Fox ','20th-century-fox',0),(485,'Roland Emmerich','roland-emmerich',0),(486,'Steven Strait','steven-strait',0),(487,' Camilla Belle','camilla-belle',0),(488,' Cliff Curtis','cliff-curtis',0),(489,' Omar Sharif','omar-sharif',0),(490,' Tim Barlow','tim-barlow',0),(491,' Marco Khan','marco-khan',0),(492,' Reece Ritchie','reece-ritchie',0),(493,' Mo Zinal','mo-zinal',0),(494,'Marc Forster','marc-forster',0),(495,'Khalid Abdalla','khalid-abdalla',0),(496,' Ahmad Khan Mahmidzada','ahmad-khan-mahmidzada',0),(497,' Zekeria Ebrahimi','zekeria-ebrahimi',0),(498,' Saïd Taghmaoui','said-taghmaoui',0),(499,' Atossa Leoni','atossa-leoni',0),(500,' Homayon Ershadi','homayon-ershadi',0),(501,'DreamWorks Pictures ','dreamworks-pictures',0),(502,'David Von Ancken','david-von-ancken',0),(503,'Pierce Brosnan','pierce-brosnan',0),(504,' Liam Neeson','liam-neeson',0),(505,' Michael Wincott','michael-wincott',0),(506,'Samuel Goldwyn Films ','samuel-goldwyn-films',0),(507,'Jay Russell','jay-russell',0),(508,'Bruce Allpress','bruce-allpress',0),(509,' Eddie Campbell','eddie-campbell',0),(510,' Ben Chaplin','ben-chaplin',0),(511,' Peter Corrigan','peter-corrigan',0),(512,' Brian Cox','brian-cox',0),(513,' Carl Dixon','carl-dixon',0),(514,' Alex Etel','alex-etel',0),(515,' Craig Hall','craig-hall',0),(516,'Columbia Pictures ','columbia-pictures',0),(517,'Roser Aguilar','roser-aguilar',0),(518,'Marián Álvarez','marian-alvarez',0),(519,' Juan Sanz','juan-sanz',0),(520,' Lluís Homar','lluis-homar',0),(521,' Alberto Jiménez','alberto-jimenez',0),(522,' Marieta Orozco','marieta-orozco',0),(523,' Carmen Machi','carmen-machi',0),(524,' Pablo Derqui','pablo-derqui',0),(525,'Escándalo Films ','escandalo-films',0),(526,'Bobcat Goldthwait','bobcat-goldthwait',0),(527,'Melinda Page Hamilton','melinda-page-hamilton',0),(528,' Bryce Johnson','bryce-johnson',0),(529,' Geoff Pierson','geoff-pierson',0),(530,' Colby French','colby-french',0),(531,' Jack Plotnick','jack-plotnick',0),(532,'Harebrained Pictures ','harebrained-pictures',0),(533,'Sarah Robertson','sarah-robertson',0),(534,' Adam Ravetch','adam-ravetch',0),(535,'Documental','documental',0),(536,'Paramount Classics / National Geographic Films ','paramount-classics-national-geographic-films',0),(537,'Mark S. Waters (Mark Waters)','mark-s-waters-mark-waters',0),(538,'Freddie Highmore','freddie-highmore',0),(539,' Sarah Bolger','sarah-bolger',0),(540,' Mary-Louise Parker','mary-louise-parker',0),(541,' David Strathairn','david-strathairn',0),(542,'Nickelodeon Movies ','nickelodeon-movies',0),(543,'Fatih Akin','fatih-akin',0),(544,'Tuncel Kurtiz','tuncel-kurtiz',0),(545,' Nursel Köse','nursel-kose',0),(546,' Patrycia Ziolkowska','patrycia-ziolkowska',0),(547,' Hanna Schygulla','hanna-schygulla',0),(548,' Nurgül Yesilcay','nurgul-yesilcay',0),(549,' Baki Davrak','baki-davrak',0),(550,'Coproducción Alemania-Turquía ','coproduccion-alemania-turquia',0),(551,'Jimmy Hayward','jimmy-hayward',0),(552,' Steve Martino','steve-martino',0),(553,'Stefan Ruzowitzky','stefan-ruzowitzky',0),(554,'Karl Markovics','karl-markovics',0),(555,' August Diehl','august-diehl',0),(556,' Devid Striesow','devid-striesow',0),(557,' Martin Brambach','martin-brambach',0),(558,' August Zirner','august-zirner',0),(559,' Veit Stübner','veit-stubner',0),(560,' Sebastian Urzendowsky','sebastian-urzendowsky',0),(561,' Andreas Schmidt','andreas-schmidt',0),(562,'Coproducción Austria - Alemania ','coproduccion-austria-alemania',0),(563,'Antonio Hernández','antonio-hernandez',0),(564,'Carmen Maura','carmen-maura',0),(565,' Roberto Álvarez','roberto-alvarez',0),(566,' Verónica Echegui','veronica-echegui',0),(567,' Marta Belenguer','marta-belenguer',0),(568,' Antonio Durán','antonio-duran',0),(569,' César Cambeiro','cesar-cambeiro',0),(570,' Xavier Deive','xavier-deive',0),(571,'Voz Audiovisual ','voz-audiovisual',0),(572,'Stephen Surjik','stephen-surjik',0),(573,'Tom Riley','tom-riley',0),(574,' Tom Burke','tom-burke',0),(575,' Carmen Electra','carmen-electra',0),(576,' Michelle Ryan','michelle-ryan',0),(577,' Eddie Marsan','eddie-marsan',0),(578,' Mackenzie Crook','mackenzie-crook',0),(579,' Jimmy Carr ','jimmy-carr',0),(580,'Ealing Studios ','ealing-studios',0),(581,'Richard Attenborough','richard-attenborough',0),(582,'Shirley MacLaine','shirley-maclaine',0),(583,' Christopher Plummer','christopher-plummer',0),(584,' Mischa Barton','mischa-barton',0),(585,' Neve Campbell','neve-campbell',0),(586,' Stephen Amell','stephen-amell',0),(587,' Brenda Fricker','brenda-fricker',0),(588,' Pete Postlethwaite','pete-postlethwaite',0),(589,' Gregory Smith','gregory-smith',0),(590,'Michael Haneke','michael-haneke',0),(591,'Naomi Watts','naomi-watts',0),(592,' Tim Roth','tim-roth',0),(593,' Michael Pitt','michael-pitt',0),(594,' Brady Corbet','brady-corbet',0),(595,' Siobhan Fallon','siobhan-fallon',0),(596,' Boyd Gaines','boyd-gaines',0),(597,' Devon Gearhart','devon-gearhart',0),(598,' Robert LuPone','robert-lupone',0),(599,' Linda Moran','linda-moran',0),(600,'Warner Independent Pictures ','warner-independent-pictures',0),(601,'Warner Bros Picture ','warner-bros-picture',0),(602,'François Girard','francois-girard',0),(603,' Koji Yakusho','koji-yakusho',0),(604,' Alfred Molina','alfred-molina',0),(605,'Rhombus Media / Fandango / Bee Vine Pictures ','rhombus-media-fandango-bee-vine-pictures',0),(606,'Mohamed Al Daradji','mohamed-al-daradji',0),(607,'Aseel Adel','aseel-adel',0),(608,' Bashir Al Majid','bashir-al-majid',0),(609,' Mohamed Hashim ','mohamed-hashim',0),(610,'Human Film / Sagrera ','human-film-sagrera',0),(611,'Peter Hedges','peter-hedges',0),(612,'Steve Carell','steve-carell',0),(613,' Juliette Binoche','juliette-binoche',0),(614,' Dane Cook','dane-cook',0),(615,' Norbert Leo Butz','norbert-leo-butz',0),(616,' John Mahoney','john-mahoney',0),(617,' Dianne Wiest','dianne-wiest',0),(618,' Alison Pill','alison-pill',0),(619,' Brittany Robertson','brittany-robertson',0),(620,' Marlene Lawston','marlene-lawston',0),(621,'Focus Features / Touchstone Pictures ','focus-features-touchstone-pictures',0),(622,'Jake Kasdan','jake-kasdan',0),(623,'John C. Reilly','john-c-reilly',0),(624,' Jenna Fischer','jenna-fischer',0),(625,' Jack Black','jack-black',0),(626,' Justin Long','justin-long',0),(627,' Jack White','jack-white',0),(628,' Conner Rayburn','conner-rayburn',0),(629,'Columbia Pictures / Apatow Productions ','columbia-pictures-apatow-productions',0),(630,'Patricia Riggen','patricia-riggen',0),(631,'Kate del Castillo','kate-del-castillo',0),(632,' Adrián Alonso','adrian-alonso',0),(633,' Eugenio Derbez','eugenio-derbez',0),(634,' Isaac Bravo','isaac-bravo',0),(635,' Mario Almada','mario-almada',0),(636,' Maya Zapata','maya-zapata',0),(637,' Carmen Salinas','carmen-salinas',0),(638,' America Ferrera','america-ferrera',0),(639,'Fox Searchlight Pictures, The Weinstein Company ','fox-searchlight-pictures-the-weinstein-company',0),(640,'Steven Brill','steven-brill',0),(641,' Leslie Mann','leslie-mann',0),(642,' Danny McBride','danny-mcbride',0),(643,' Josh Peck','josh-peck',0),(644,' David Dorfman','david-dorfman',0),(645,' Alex Frost','alex-frost',0),(646,' Troy Gentile','troy-gentile',0),(647,' Nate Hartley','nate-hartley',0),(648,' Casey Boersma','casey-boersma',0),(649,' Dylan Boersma','dylan-boersma',0),(650,'Benson Lee','benson-lee',0),(651,'Elephant Eye Films ','elephant-eye-films',0),(652,'Jonah Markowitz','jonah-markowitz',0),(653,'Trevor Wright','trevor-wright',0),(654,' Brad Rowe','brad-rowe',0),(655,' Tina Holmes','tina-holmes',0),(656,'Regent Releasing ','regent-releasing',0),(657,'Masayuki Ochiai','masayuki-ochiai',0),(658,'Joshua Jackson','joshua-jackson',0),(659,' Rachael Taylor','rachael-taylor',0),(660,' David Denman','david-denman',0),(661,' James Kyson Lee','james-kyson-lee',0),(662,' John Hensley','john-hensley',0),(663,'20th Century Fox /  Vertigo Entertainment ','20th-century-fox-vertigo-entertainment',0),(664,'Tyler Perry','tyler-perry',0),(665,' David Mann','david-mann',0),(666,' Tamela J. Mann','tamela-j-mann',0),(667,' Angela Bassett','angela-bassett',0),(668,' Lance Gross','lance-gross',0),(669,' Chloe Bailey','chloe-bailey',0),(670,' Mariana Tolbert','mariana-tolbert',0),(671,' Rick Fox','rick-fox',0),(672,' Sofía Vergara','sofia-vergara',0),(673,' Irma P. Hall','irma-p-hall',0),(674,' Frankie Faison','frankie-faison',0),(675,' Margaret Avery','margaret-avery',0),(676,' Jenifer Lewis','jenifer-lewis',0),(677,' Lamman Rucker','lamman-rucker',0),(678,' Kristopher Lofton','kristopher-lofton',0),(679,'Andy Wachowski','andy-wachowski',0),(680,' Larry Wachowski','larry-wachowski',0),(681,'Christina Ricci','christina-ricci',0),(682,' Emile Hirsch','emile-hirsch',0),(683,' John Goodman','john-goodman',0),(684,' Susan Sarandon','susan-sarandon',0),(685,' Matthew Fox','matthew-fox',0),(686,' Hiroyuki Sanada','hiroyuki-sanada',0),(687,' Scott Porter','scott-porter',0),(688,' Christian Oliver','christian-oliver',0),(689,' Benno Fürmann','benno-furmann',0),(690,' Rain','rain',0),(691,' Richard Roundtree','richard-roundtree',0),(692,' Paulie Litt','paulie-litt',0),(693,'Tom Vaughan','tom-vaughan',0),(694,'Cameron Diaz','cameron-diaz',0),(695,' Ashton Kutcher','ashton-kutcher',0),(696,' Rob Corddry','rob-corddry',0),(697,' Treat Williams','treat-williams',0),(698,' Dennis Farina','dennis-farina',0),(699,'Max Lemcke','max-lemcke',0),(700,'Juan Diego','juan-diego',0),(701,' Luis Tosar','luis-tosar',0),(702,' Javier Ríos','javier-rios',0),(703,' Estíbaliz Gabilondo','estibaliz-gabilondo',0),(704,' Alberto San Juan','alberto-san-juan',0),(705,' Arturo Valls','arturo-valls',0),(706,' Álex Angulo','alex-angulo',0),(707,' Carlos Kaniowsky','carlos-kaniowsky',0),(708,' Secun de la Rosa','secun-de-la-rosa',0),(709,' Mikel Losada','mikel-losada',0),(710,' Malena Alterio','malena-alterio',0),(711,' Marta Etura ','marta-etura',0),(712,'El Deseo ','el-deseo',0),(713,'Kimberly Peirce','kimberly-peirce',0),(714,' Joseph Gordon-Levitt','joseph-gordon-levitt',0),(715,' Rob Brown','rob-brown',0),(716,' Channing Tatum','channing-tatum',0),(717,' Victor Rasuk','victor-rasuk',0),(718,' Terry Quay','terry-quay',0),(719,' Matthew Scott Wilcox','matthew-scott-wilcox',0),(720,' Timothy Olyphant','timothy-olyphant',0),(721,' Josef Sommer','josef-sommer',0),(722,' Linda Emond','linda-emond',0),(723,' Ciarán Hinds','ciaran-hinds',0),(724,'James Wan','james-wan',0),(725,'Kevin Bacon','kevin-bacon',0),(726,' Kelly Preston','kelly-preston',0),(727,' Garrett Hedlund','garrett-hedlund',0),(728,' Matt O´Leary','matt-oleary',0),(729,' Leigh Whannell','leigh-whannell',0),(730,'John Sayles','john-sayles',0),(731,'Danny Glover','danny-glover',0),(732,' Lisa Gay Hamilton','lisa-gay-hamilton',0),(733,' Yaya da Costa','yaya-da-costa',0),(734,' Charles S. Dutton','charles-s-dutton',0),(735,' Gary Clark Jr.','gary-clark-jr',0),(736,'John Ford','john-ford',0),(737,'Anne Bancroft ','anne-bancroft',0),(738,' Sue Lyon','sue-lyon',0),(739,' Margaret Leighton ','margaret-leighton',0),(740,' Woody Strode','woody-strode',0),(741,'Anthony Mann','anthony-mann',0),(742,'James Stewart','james-stewart',0),(743,' Shelley Winters','shelley-winters',0),(744,' Dan Duryea','dan-duryea',0),(745,'Julien Duvivier','julien-duvivier',0),(746,'Charles Boyer','charles-boyer',0),(747,' Rita Hayworth','rita-hayworth',0),(748,' Ginger Rogers','ginger-rogers',0),(749,' Henry Fonda','henry-fonda',0),(750,' Charles Laughton','charles-laughton',0),(751,' Edward G. Robinson','edward-g-robinson',0),(752,' Paul Robeson','paul-robeson',0),(753,' Ethel Waters','ethel-waters',0),(754,'Dominic Sena','dominic-sena',0),(755,'Angelina Jolie','angelina-jolie',0),(756,' Will Patton','will-patton',0),(757,'David Fincher','david-fincher',0),(758,'Brad Pitt','brad-pitt',0),(759,' Gwyneth Paltrow','gwyneth-paltrow',0),(760,' Kevin Spacey','kevin-spacey',0),(761,' John C. McGinley','john-c-mcginley',0),(762,' R. Lee Meyer','r-lee-meyer',0),(763,' Leland Orser','leland-orser',0),(764,' Richard Schiff','richard-schiff',0),(765,'Jon Sherman','jon-sherman',0),(766,'Monica Potter. Gael García Bernal. David Boreanaz. John Hannah. Anthony LaPaglia. Henry Thomas. Harold Ramis. Julie Christie','monica-potter-gael-garcia-bernal-david-boreanaz-john-hannah-anthony-lapaglia-henry-thomas-harold-ramis-julie-christie',0),(767,'Mark Christopher','mark-christopher',0),(768,' Salma Hayek','salma-hayek',0),(769,' Mike Myers','mike-myers',0),(770,' Sela Ward','sela-ward',0),(771,' Breckin Meyer','breckin-meyer',0),(772,' Sherry Stringfield','sherry-stringfield',0),(773,' Ellen Albertini Dow','ellen-albertini-dow',0),(774,' Cameron Mathison','cameron-mathison',0),(775,' Noam Jenkins','noam-jenkins',0),(776,'Nicholas Ray','nicholas-ray',0),(777,'David Niven','david-niven',0),(778,' Ava Gardner','ava-gardner',0),(779,' Charlton Heston','charlton-heston',0),(780,' Harry Andrews','harry-andrews',0),(781,' Lucy Appleby','lucy-appleby',0),(782,' Geoffrey Bayldon','geoffrey-bayldon',0),(783,' Carlos Cas','carlos-cas',0),(784,'Carl Schenkel','carl-schenkel',0),(785,'Casper Van Dien','casper-van-dien',0),(786,' Jane March','jane-march',0),(787,' Steven Waddington','steven-waddington',0),(788,'Michael Lehmann','michael-lehmann',0),(789,'Josh Hartnett','josh-hartnett',0),(790,' Paulo Costanzo','paulo-costanzo',0),(791,' Adam Trese','adam-trese',0),(792,' Emmanuelle Vaugier','emmanuelle-vaugier',0),(793,' Lorin Heath','lorin-heath',0),(794,' Aaron Trainor','aaron-trainor',0),(795,'José Luis García Sánchez','jose-luis-garcia-sanchez',0),(796,'Liberto Rabal','liberto-rabal',0),(797,' Jorge Merino','jorge-merino',0),(798,' Ariadna Gil','ariadna-gil',0),(799,' Sergio Villanueva','sergio-villanueva',0),(800,' Antonio Resines','antonio-resines',0),(801,' Juan Luis Galiardo','juan-luis-galiardo',0),(802,' Fernando Fernán Gómez','fernando-fernan-gomez',0),(803,' Vicente Parra','vicente-parra',0),(804,' Ramón Rivera','ramon-rivera',0),(805,' Joan Molina','joan-molina',0),(806,'Mick Jackson','mick-jackson',0),(807,'Steve Martin','steve-martin',0),(808,' Victoria Tennat','victoria-tennat',0),(809,' Richard E. Grant','richard-e-grant',0),(810,'John Sturges','john-sturges',0),(811,'Frank Sinatra','frank-sinatra',0),(812,' Dean Martin','dean-martin',0),(813,' Sammy Davis Jr.','sammy-davis-jr',0),(814,' Peter Lawford','peter-lawford',0),(815,' Joey Bishop','joey-bishop',0),(816,' Henry Silva','henry-silva',0),(817,' Ruta Lee','ruta-lee',0),(818,' Buddy Lester','buddy-lester',0),(819,'Alfred Hitchcock','alfred-hitchcock',0),(820,'Robert Donat','robert-donat',0),(821,' Madeleine Carroll','madeleine-carroll',0),(822,' Lucie Mannheim','lucie-mannheim',0),(823,' Godfrey Tearle','godfrey-tearle',0),(824,' Peggy Ashcroft','peggy-ashcroft',0),(825,' John Laurie','john-laurie',0),(826,' Helen Haye','helen-haye',0),(827,'John Singleton','john-singleton',0),(828,'Paul Walker','paul-walker',0),(829,' Tyrese','tyrese',0),(830,' Eva Mendes','eva-mendes',0),(831,' Cole Hauser','cole-hauser',0),(832,' Ludacris','ludacris',0),(833,' Thom Barry','thom-barry',0),(834,' James Remar','james-remar',0),(835,' Devon Aoki','devon-aoki',0),(836,' Amaury Nolasco','amaury-nolasco',0),(837,' Michael Ealy','michael-ealy',0),(838,'Myles Berkowitz','myles-berkowitz',0),(839,' Elisabeth Wagner','elisabeth-wagner',0),(840,' Richard Arlook','richard-arlook',0),(841,' Tia Carrere','tia-carrere',0),(842,' Robert McKee','robert-mckee',0),(843,' Elie Samaha','elie-samaha',0),(844,' Tom Ardavany','tom-ardavany',0),(845,' Signy Coleman','signy-coleman',0),(846,' Stacy Sanches','stacy-sanches',0),(847,'Richard Fleischer','richard-fleischer',0),(848,'Kirk Douglas','kirk-douglas',0),(849,' James Mason','james-mason',0),(850,' Paul Lukas','paul-lukas',0),(851,' Peter Lorre','peter-lorre',0),(852,' Robert J. Wilke','robert-j-wilke',0),(853,' Ted de Corsia','ted-de-corsia',0),(854,'Stanley Kubrick','stanley-kubrick',0),(855,'Keir Dullea','keir-dullea',0),(856,' Gary Loclwood','gary-loclwood',0),(857,' William Sylvester','william-sylvester',0),(858,' Leonard Rossiter','leonard-rossiter',0),(859,'John Carpenter','john-carpenter',0),(860,'Kurt Russell','kurt-russell',0),(861,' A.J. Langer','a-j-langer',0),(862,' Steve Buscemi','steve-buscemi',0),(863,' Georges Corraface','georges-corraface',0),(864,' Stacy Keach','stacy-keach',0),(865,' Michelle Forbes','michelle-forbes',0),(866,' Pam Grier','pam-grier',0),(867,' Jeff Imada','jeff-imada',0),(868,' Cliff Robertson','cliff-robertson',0),(869,' Valeria Golino','valeria-golino',0),(870,'MichaeWinterbottom','michaewinterbottom',0),(871,'Steve Coogan','steve-coogan',0),(872,' Shirley Henderson','shirley-henderson',0),(873,' Paddy Considine','paddy-considine',0),(874,' Sean Harris','sean-harris',0),(875,' Danny Cunningham','danny-cunningham',0),(876,' Andy Serkis','andy-serkis',0),(877,' Chris Coghill','chris-coghill',0),(878,' Lennie James','lennie-james',0),(879,' Ralf Little','ralf-little',0),(880,' Paul Popplewell','paul-popplewell',0),(881,' John Simm','john-simm',0),(882,' Keith Allen','keith-allen',0),(883,' Rob Brydon','rob-brydon',0),(884,'Montxo Armendariz','montxo-armendariz',0),(885,'Antonio Banderas','antonio-banderas',0),(886,' Jon Donosti','jon-donosti',0),(887,' Maribel Verdú','maribel-verdu',0),(888,' Josu Balbuena','josu-balbuena',0),(889,' Michel Duperrer','michel-duperrer',0),(890,' Martxelo Rubio','martxelo-rubio',0),(891,'Betty Thomas','betty-thomas',0),(892,'Sandra Bullock','sandra-bullock',0),(893,' Dominic West','dominic-west',0),(894,' Viggo Mortensen','viggo-mortensen',0),(895,' Elisabeth Perkins','elisabeth-perkins',0),(896,'Danny Boyle','danny-boyle',0),(897,'Cillian Murphy','cillian-murphy',0),(898,' Naomie Harris','naomie-harris',0),(899,' Megan Burns','megan-burns',0),(900,' Christopher Eccleston ','christopher-eccleston',0),(901,'Ron Howard','ron-howard',0),(902,'Daryl Hannah ','daryl-hannah',0),(903,' Tom Hanks ','tom-hanks',0),(904,' Eugene Levy','eugene-levy',0),(905,' John Candy','john-candy',0),(906,'Gil Jungers','gil-jungers',0),(907,'Heath Ledger','heath-ledger',0),(908,' Julia Stiles','julia-stiles',0),(909,' Larisa Oleynick','larisa-oleynick',0),(910,' David Krumholtz','david-krumholtz',0),(911,' Andrew Keegan','andrew-keegan',0),(912,' David Leisure','david-leisure',0),(913,'Touchstone Pictures ','touchstone-pictures',0),(914,'Blake Edwards','blake-edwards',0),(915,'Dudley Moore','dudley-moore',0),(916,' Julie Andrews','julie-andrews',0),(917,' Bo Derek ','bo-derek',0),(918,' Robert Webber','robert-webber',0),(919,' Dee Wallace-Stone','dee-wallace-stone',0),(920,'Wolfgang Reitherman','wolfgang-reitherman',0),(921,' Hamilton Luke','hamilton-luke',0),(922,' Clyde Jeromine','clyde-jeromine',0),(923,'Dibujos Animados','dibujos-animados',0),(924,'Stephen Herek','stephen-herek',0),(925,'Glenn Close','glenn-close',0),(926,' Jeff Daniels','jeff-daniels',0),(927,' Joan Plowright','joan-plowright',0),(928,' Hugh Laurie','hugh-laurie',0),(929,' Mark Williams','mark-williams',0),(930,' John Shrapnel','john-shrapnel',0),(931,' Tim McInnerny','tim-mcinnerny',0),(932,' Hugh Fraser','hugh-fraser',0),(933,' Zohren Weiss','zohren-weiss',0),(934,'Baltasar Kormákur','baltasar-kormakur',0),(935,'Victoria Abril','victoria-abril',0),(936,' Hanna Maria Karlsdottir','hanna-maria-karlsdottir',0),(937,' Thrudur Vilhjalmdottir','thrudur-vilhjalmdottir',0),(938,'Kevin Lima','kevin-lima',0),(939,' Gerard Depardieu','gerard-depardieu',0),(940,' Ioan Gruffudd','ioan-gruffudd',0),(941,' Alice Evans','alice-evans',0),(942,' Ben Crompton','ben-crompton',0),(943,' Ron Cook','ron-cook',0),(944,'Sidney Lumet','sidney-lumet',0),(945,' Lee J. Cobb','lee-j-cobb',0),(946,' Ed Begley','ed-begley',0),(947,' E.G. Marshall','e-g-marshall',0),(948,' Jack Warden','jack-warden',0),(949,' Martin Balsam','martin-balsam',0),(950,' John Fiedler','john-fiedler',0),(951,' Jack Klugman','jack-klugman',0),(952,' Ed Binns','ed-binns',0),(953,' Joseph Sweeney','joseph-sweeney',0),(954,'Terry Gilliam','terry-gilliam',0),(955,'Bruce Willis','bruce-willis',0),(956,' Madeleine Stowe','madeleine-stowe',0),(957,' Jon Seda','jon-seda',0),(958,' Michael Chance','michael-chance',0),(959,' Joseph Melito','joseph-melito',0),(960,' Vernon Campbell','vernon-campbell',0),(961,' H. Michael Walls','h-michael-walls',0),(962,' Bob Adrian','bob-adrian',0),(963,' Simon Jones','simon-jones',0),(964,' Carol Florence','carol-florence',0),(965,' Bill Raymond','bill-raymond',0),(966,'Steve Beck','steve-beck',0),(967,' Embeth Davidtz','embeth-davidtz',0),(968,' Shannon Elizabeth','shannon-elizabeth',0),(969,'Henry Hathaway','henry-hathaway',0),(970,'James Cagney','james-cagney',0),(971,' Annabella','annabella',0),(972,' Richard Conte','richard-conte',0),(973,' Sigourney Weaver ','sigourney-weaver',0),(974,' Fernando Rey','fernando-rey',0),(975,'John Herzfeld','john-herzfeld',0),(976,'Robert De Niro ','robert-de-niro',0),(977,' Vera Farmiga ','vera-farmiga',0),(978,' Kelsey Grammer','kelsey-grammer',0),(979,'John Hughes','john-hughes',0),(980,'Molly Ringwald','molly-ringwald',0),(981,' Justin Henry','justin-henry',0),(982,' Michael Schoeffling','michael-schoeffling',0),(983,' Haviland Morris','haviland-morris',0),(984,' Gedde Watanabe','gedde-watanabe',0),(985,' Anthony Michael Hall','anthony-michael-hall',0),(986,' Paul Dooley','paul-dooley',0),(987,' Carlin Glynn','carlin-glynn',0),(988,' Blanche Baker','blanche-baker',0),(989,' Edward Andrews','edward-andrews',0),(990,'Steven Spielberg','steven-spielberg',0),(991,'Dan Aykroyd','dan-aykroyd',0),(992,' John Belushi','john-belushi',0),(993,' Lorraine Gary','lorraine-gary',0),(994,' Murray Hamilton','murray-hamilton',0),(995,' Christopher Lee','christopher-lee',0),(996,' Tim Matheson','tim-matheson',0),(997,' Toshirô Mifune','toshiro-mifune',0),(998,' Warren Oates','warren-oates',0),(999,' Robert Stack','robert-stack',0),(1000,'Enzo G. Castellari','enzo-g-castellari',0),(1001,'Mark Gregory','mark-gregory',0),(1002,' Vic Morrow','vic-morrow',0),(1003,' Fred Williamson','fred-williamson',0),(1004,' Lee Van Cleef','lee-van-cleef',0),(1005,' Ernest Borgnine','ernest-borgnine',0),(1006,' Donald Pleasence','donald-pleasence',0),(1007,' Isaac Hayes','isaac-hayes',0),(1008,' Season Hubley','season-hubley',0),(1009,' Harry Dean Stanton','harry-dean-stanton',0),(1010,' Adrienne Barbeau','adrienne-barbeau',0),(1011,' Tom Atkins','tom-atkins',0),(1012,' Charles Cyphers','charles-cyphers',0),(1013,' Joe Unger','joe-unger',0),(1014,' Frank Doubleday','frank-doubleday',0),(1015,'Walter Lang','walter-lang',0),(1016,'Spencer Tracy','spencer-tracy',0),(1017,' Katharine Hepburn','katharine-hepburn',0),(1018,' Gig Young','gig-young',0),(1019,' Joan Blondell','joan-blondell',0),(1020,' Dina Merrill','dina-merrill',0),(1021,' Sue Randall','sue-randall',0),(1022,' Neva Patterson','neva-patterson',0),(1023,' Harry Ellerbe','harry-ellerbe',0),(1024,' Nicholas Joy','nicholas-joy',0),(1025,' Diane Jergens','diane-jergens',0),(1026,'John Glen','john-glen',0),(1027,'Timothy Dalton','timothy-dalton',0),(1028,' Maryam dAbo','maryam-dabo',0),(1029,' Jeroen Krabbé','jeroen-krabbe',0),(1030,' Joe Don Baker','joe-don-baker',0),(1031,' John Rhys-Davies','john-rhys-davies',0),(1032,' Art Malik','art-malik',0),(1033,' Andreas Wisniewski','andreas-wisniewski',0),(1034,' Thomas Wheatley','thomas-wheatley',0),(1035,' Desmond Llewelyn','desmond-llewelyn',0),(1036,' Robert Brown','robert-brown',0),(1037,'Roger Spottiswoode','roger-spottiswoode',0),(1038,' Jonathan Pryce','jonathan-pryce',0),(1039,' Michelle Yeoh','michelle-yeoh',0),(1040,' Teri Hatcher','teri-hatcher',0),(1041,'Michael Apted','michael-apted',0),(1042,' Sophie Marceau','sophie-marceau',0),(1043,' Robert Carlyle','robert-carlyle',0),(1044,' Denise Richards','denise-richards',0),(1045,'John Glenn','john-glenn',0),(1046,' Caey Lowell','caey-lowell',0),(1047,' Robert Davi','robert-davi',0),(1048,' Anthony Zerbe','anthony-zerbe',0),(1049,'Terence Young','terence-young',0),(1050,'Sean Connery','sean-connery',0),(1051,' Daniela Bianchi','daniela-bianchi',0),(1052,' Pedro Armendáriz','pedro-armendariz',0),(1053,' Lotte Lenya','lotte-lenya',0),(1054,' Robert Shaw','robert-shaw',0),(1055,' Bernard Lee','bernard-lee',0),(1056,' Eunice Gayson','eunice-gayson',0),(1057,' Walter Gotell','walter-gotell',0),(1058,' Francis De Wolff','francis-de-wolff',0),(1059,' George Pastell','george-pastell',0),(1060,'Lee Tamahori','lee-tamahori',0),(1061,' Halle Berry','halle-berry',0),(1062,' Toby Stephens','toby-stephens',0),(1063,' Rosamund Pike','rosamund-pike',0),(1064,' Rick Yune','rick-yune',0),(1065,' John Cleese','john-cleese',0),(1066,' Judi Dench','judi-dench',0),(1067,' Michael Madsen','michael-madsen',0),(1068,' Will Yun Lee','will-yun-lee',0),(1069,' Samantha Bond','samantha-bond',0),(1070,' Colin Salmon','colin-salmon',0),(1071,'Randall Kleiser','randall-kleiser',0),(1072,'John Travolta','john-travolta',0),(1073,' Olivia Newton John','olivia-newton-john',0),(1074,' Stockard Channing','stockard-channing',0),(1075,'Chumilla Carbajosa','chumilla-carbajosa',0),(1076,'Natalia Dicenta','natalia-dicenta',0),(1077,' Eduard Fernández','eduard-fernandez',0),(1078,'Woody Allen','woody-allen',0),(1079,' Mia Farrow','mia-farrow',0),(1080,' Stephanie Farrow','stephanie-farrow',0),(1081,' Milla Jovovich','milla-jovovich',0),(1082,'Hark Tsui','hark-tsui',0),(1083,'Zhang Ziyi. Cecilia Cheung. Louis Koo. Ekin Cheng','zhang-ziyi-cecilia-cheung-louis-koo-ekin-cheng',0),(1084,'Peter Farrelly','peter-farrelly',0),(1085,' Bobby Farrelly','bobby-farrelly',0),(1086,'Jim Carrey','jim-carrey',0),(1087,' Renée Zellweger','renee-zellweger',0),(1088,' Robert Forster','robert-forster',0),(1089,'Akira Kurosawa','akira-kurosawa',0),(1090,' Eijiro Tono ','eijiro-tono',0),(1091,' Seizaburo Kawazu','seizaburo-kawazu',0),(1092,' Isuzu Yamada','isuzu-yamada',0),(1093,'Mario Camus.','mario-camus',0),(1094,'Julian Mateos','julian-mateos',0),(1095,' Luis Del Pueblo','luis-del-pueblo',0),(1096,' Miguel Graneri','miguel-graneri',0),(1097,' Luis Cigel','luis-cigel',0),(1098,' Carlos Otero','carlos-otero',0),(1099,' Manuel Ruiz','manuel-ruiz',0),(1100,' Luis Romero','luis-romero',0),(1101,' Consuelo De Nieva','consuelo-de-nieva',0),(1102,' Juan Torres.','juan-torres',0),(1103,'Jose Luis Garci','jose-luis-garci',0),(1104,'Lydia Bosch','lydia-bosch',0),(1105,' Julia Gutiérrez Caba','julia-gutierrez-caba',0),(1106,' Ana Fernandez','ana-fernandez',0),(1107,' Manuel Lozano','manuel-lozano',0),(1108,' Carlos Hipolito','carlos-hipolito',0),(1109,'Helena Taberna','helena-taberna',0),(1110,'Ana Torrent','ana-torrent',0),(1111,' Ernesto Alterio','ernesto-alterio',0),(1112,' Florence Pernel','florence-pernel',0),(1113,' Ramón Langa','ramon-langa',0),(1114,' Iñaki Aierra','inaki-aierra',0),(1115,' Joaquin Phoenix','joaquin-phoenix',0),(1116,' Connie Nielsen','connie-nielsen',0),(1117,' Oliver Reed','oliver-reed',0),(1118,' Derek Jacobi','derek-jacobi',0),(1119,'Antonio del Real','antonio-del-real',0),(1120,'Sergio Martín','sergio-martin',0),(1121,' Blanca Jara','blanca-jara',0),(1122,' Tito Augusto','tito-augusto',0),(1123,' Alejo Sauras','alejo-sauras',0),(1124,' David Carrillo','david-carrillo',0),(1125,' Concha Cuetos','concha-cuetos',0),(1126,' Emilio Gutiérrez Caba','emilio-gutierrez-caba',0),(1127,' María Isbert','maria-isbert',0),(1128,'Alfonso Cuarón','alfonso-cuaron',0),(1129,' Gael García Bernal','gael-garcia-bernal',0),(1130,' Diego Luna','diego-luna',0),(1131,' Diana Bracho','diana-bracho',0),(1132,' Emilio Echeverría','emilio-echeverria',0),(1133,' Ana López Mercado','ana-lopez-mercado',0),(1134,' María Aura','maria-aura',0),(1135,'Harry Elfont','harry-elfont',0),(1136,' Deborah Kaplan','deborah-kaplan',0),(1137,'Jennifer Love Hewitt','jennifer-love-hewitt',0),(1138,' Ethan Embry','ethan-embry',0),(1139,' Charlie Korsmo','charlie-korsmo',0),(1140,' Lauren Ambrose','lauren-ambrose',0),(1141,' Peter Falcinelli','peter-falcinelli',0),(1142,' Seth Green','seth-green',0),(1143,'Sydney Pollack','sydney-pollack',0),(1144,'Robert Mitchum','robert-mitchum',0),(1145,' Ken Takakura','ken-takakura',0),(1146,' Brian Keith','brian-keith',0),(1147,' Herb Edelman','herb-edelman',0),(1148,' Richard Jordan','richard-jordan',0),(1149,' Keiko Kishi','keiko-kishi',0),(1150,' Eiji Okada','eiji-okada',0),(1151,' James Shigeta','james-shigeta',0),(1152,' Kyosuke Mashida','kyosuke-mashida',0),(1153,' Christina Kokubo','christina-kokubo',0),(1154,'Ariel Zeitoun','ariel-zeitoun',0),(1155,'Châu Belle Dinh','chau-belle-dinh',0),(1156,' Williams Belle','williams-belle',0),(1157,' Malik Diouf','malik-diouf',0),(1158,' Yann Hnautra','yann-hnautra',0),(1159,' Guylain N´Guba','guylain-nguba',0),(1160,'Pilar Távora','pilar-tavora',0),(1161,'Aitana Sánchez Gijón','aitana-sanchez-gijon',0),(1162,' Irene Papas','irene-papas',0),(1163,' Mercedes Bernal','mercedes-bernal',0),(1164,' Jesús Cabrero','jesus-cabrero',0),(1165,' María Galiana','maria-galiana',0),(1166,'Jacques Tourneur','jacques-tourneur',0),(1167,'Frances Dee','frances-dee',0),(1168,' Tom Conway','tom-conway',0),(1169,' James Ellison','james-ellison',0),(1170,' Edith Barret','edith-barret',0),(1171,' James Bell.','james-bell',0),(1172,'Montgomery Clift','montgomery-clift',0),(1173,' Anne Baxter','anne-baxter',0),(1174,' Karl Malden','karl-malden',0),(1175,' Brian Aherne','brian-aherne',0),(1176,' O.E. Hasse','o-e-hasse',0),(1177,' Dolly Haas','dolly-haas',0),(1178,' Roger Dann','roger-dann',0),(1179,' Charles André','charles-andre',0),(1180,' Judson Pratt','judson-pratt',0),(1181,'Mary Harron','mary-harron',0),(1182,'Lili Taylor','lili-taylor',0),(1183,' Jared Harris','jared-harris',0),(1184,' Martha Plimpton','martha-plimpton',0),(1185,'Mariano Ozores','mariano-ozores',0),(1186,'Florinda Chico','florinda-chico',0),(1187,' Andrés Pajares','andres-pajares',0),(1188,' Fernando Esteso','fernando-esteso',0),(1189,' Rafael Hernández','rafael-hernandez',0),(1190,' Narciso Ibáñez Menta','narciso-ibanez-menta',0),(1191,' Mirta Miller','mirta-miller',0),(1192,' Antonio Ozores','antonio-ozores',0),(1193,'Damiano Damiani','damiano-damiani',0),(1194,'Gian Maria Volonté','gian-maria-volonte',0),(1195,' Klaus Kinski','klaus-kinski',0),(1196,' Martine Beswick','martine-beswick',0),(1197,' Lou Castel','lou-castel',0),(1198,' Andrea Checchi','andrea-checchi',0),(1199,' Spartaco Conversi','spartaco-conversi',0),(1200,' Jaime Fernández','jaime-fernandez',0),(1201,' Joaquín Parra','joaquin-parra',0),(1202,'Jessie Nelson','jessie-nelson',0),(1203,'Sean Penn','sean-penn',0),(1204,' Michelle Pfeiffer','michelle-pfeiffer',0),(1205,' Laura Dern','laura-dern',0),(1206,' Brad Silverman','brad-silverman',0),(1207,'John Frankenheimer','john-frankenheimer',0),(1208,'Gregory Peck','gregory-peck',0),(1209,' Tuesday Weld','tuesday-weld',0),(1210,' Estelle Parsons','estelle-parsons',0),(1211,' Ralph Meeker','ralph-meeker',0),(1212,' Lonny Chapman','lonny-chapman',0),(1213,' Charles Durning','charles-durning',0),(1214,' Jeff Dalton','jeff-dalton',0),(1215,' Freddie McCloud','freddie-mccloud',0),(1216,' Jane Rose','jane-rose',0),(1217,'Chris Columbus','chris-columbus',0),(1218,' Maureen O`Hara','maureen-ohara',0),(1219,' Ally Sheedy','ally-sheedy',0),(1220,' Anthony Quinn','anthony-quinn',0),(1221,' Macaulay Culkin','macaulay-culkin',0),(1222,' Kevin Dunn','kevin-dunn',0),(1223,'Kevin Reynolds','kevin-reynolds',0),(1224,'Kevin Costner','kevin-costner',0),(1225,' Dennis Hopper','dennis-hopper',0),(1226,' R. D. Call','r-d-call',0),(1227,' Tina Majorino','tina-majorino',0),(1228,' Michael Jeter','michael-jeter',0),(1229,' Chaim J','chaim-j',0),(1230,'Luis Marías','luis-marias',0),(1231,' María Adanez','maria-adanez',0),(1232,' Esperanza Roy','esperanza-roy',0),(1233,' Manuel Galiana','manuel-galiana',0),(1234,' Marta Belaustegui','marta-belaustegui',0),(1235,'Bryan Singer','bryan-singer',0),(1236,'Hugh Jackman','hugh-jackman',0),(1237,' Anna Paquin','anna-paquin',0),(1238,' Patrick Stewart','patrick-stewart',0),(1239,' Ian McKellen','ian-mckellen',0),(1240,' Famke Janssen','famke-janssen',0),(1241,'Patrick Stewart. Hugh Jackman. Ian McKellen. Halle Berry. Famke Janssen. James Marsden. Rebecca Romijn-Stamos. Brian Cox. Alan Cumming. Bruce Davison. Anna Paquin. Kelly Hu','patrick-stewart-hugh-jackman-ian-mckellen-halle-berry-famke-janssen-james-marsden-rebecca-romijn-stamos-brian-cox-alan-cumming-bruce-davison-anna-paquin-kelly-hu',0),(1242,'Lu Lu','lu-lu',0),(1243,' Lopsang','lopsang',0),(1244,' Zheng Qian','zheng-qian',0),(1245,' Jie Gao','jie-gao',0),(1246,' Qianqian Li','qianqian-li',0),(1247,' Yue Lu','yue-lu',0),(1248,'Rob Cohen','rob-cohen',0),(1249,'Vin Diesel','vin-diesel',0),(1250,' Asia Argento','asia-argento',0),(1251,' Marton Csokas','marton-csokas',0),(1252,' Eve Frandsen','eve-frandsen',0),(1253,'Ana Díez','ana-diez',0),(1254,'Silvia Munt','silvia-munt',0),(1255,' Klara Badiola','klara-badiola',0),(1256,' Diego Achury','diego-achury',0),(1257,' Valeria Santa','valeria-santa',0),(1258,'Fina Torres','fina-torres',0),(1259,'Penélope Cruz','penelope-cruz',0),(1260,' Murilo Benício','murilo-benicio',0),(1261,' Harold Perreneau','harold-perreneau',0),(1262,' Mark Feuerstein','mark-feuerstein',0),(1263,'Michael Winterbottom','michael-winterbottom',0),(1264,' Molly Parker','molly-parker',0),(1265,' Ian Hart','ian-hart',0),(1266,'Lawrence Kasdan','lawrence-kasdan',0),(1267,' Gene Hackman','gene-hackman',0),(1268,' Dennis Quaid','dennis-quaid',0),(1269,'Raja Gosnell','raja-gosnell',0),(1270,'Alex D. Linz','alex-d-linz',0),(1271,' Olek Krupa','olek-krupa',0),(1272,' Rya Kihlstedt','rya-kihlstedt',0),(1273,'Richard Linklater','richard-linklater',0),(1274,'Oliver Stone','oliver-stone',0),(1275,'Charlie Sheen','charlie-sheen',0),(1276,' Tamara Tunie Bouquett','tamara-tunie-bouquett',0),(1277,' Franklin Cover','franklin-cover',0),(1278,' Chuck Pfeiffer','chuck-pfeiffer',0),(1279,' Hal Holbrook','hal-holbrook',0),(1280,' James Karen','james-karen',0),(1281,' Leslie Lyles.','leslie-lyles',0),(1282,'Nick Park','nick-park',0),(1283,' Peter Lord','peter-lord',0),(1284,'Gérard Krawczyk','gerard-krawczyk',0),(1285,'Michel Muller','michel-muller',0),(1286,' Jean Reno','jean-reno',0),(1287,' Carole Bouquet','carole-bouquet',0),(1288,'Agnieszka Holland','agnieszka-holland',0),(1289,'Jennifer Jason Leigh','jennifer-jason-leigh',0),(1290,' Albert Finney','albert-finney',0),(1291,' Maggie Smith','maggie-smith',0),(1292,' Judith Ivey','judith-ivey',0),(1293,' Arthur Laupus','arthur-laupus',0),(1294,' Robert Stanton','robert-stanton',0),(1295,' Betsy Brantley','betsy-brantley',0),(1296,' Nancy Daly','nancy-daly',0),(1297,'Ziad Doueiri','ziad-doueiri',0),(1298,'Rami Doueiri','rami-doueiri',0),(1299,' Mohamad Chamas','mohamad-chamas',0),(1300,' Rola Al Amin','rola-al-amin',0),(1301,' Carmen Lebbos','carmen-lebbos',0),(1302,' Joseph Bou Hassar','joseph-bou-hassar',0),(1303,' Liliane Nemry','liliane-nemry',0),(1304,' Leila Karam','leila-karam',0),(1305,'Robert Wise','robert-wise',0),(1306,'Richard Beymer','richard-beymer',0),(1307,' Natalie Wood','natalie-wood',0),(1308,' George Chakiris','george-chakiris',0),(1309,' Rita Moreno','rita-moreno',0),(1310,' Tucker Smith','tucker-smith',0),(1311,' Russ Tamblyn','russ-tamblyn',0),(1312,' Tony Danza','tony-danza',0),(1313,'Arne Glimcher','arne-glimcher',0),(1314,' Bob Hoskins','bob-hoskins',0),(1315,' Ellen Barkin','ellen-barkin',0),(1316,' Wes Bentley','wes-bentley',0),(1317,' Beau Bridges','beau-bridges',0),(1318,'Joel MCrea','joel-mcrea',0),(1319,' Vera Miles','vera-miles',0),(1320,' Lloyd Bridges','lloyd-bridges',0),(1321,' Wallace Ford','wallace-ford',0),(1322,' Edgar Buchanan','edgar-buchanan',0),(1323,' Peter Graves','peter-graves',0),(1324,' Keith Larsen','keith-larsen',0),(1325,' Carl Benton Reid','carl-benton-reid',0),(1326,' John Smith','john-smith',0),(1327,'Walter Hill','walter-hill',0),(1328,' Keith Carradine','keith-carradine',0),(1329,' Bruce Dern','bruce-dern',0),(1330,' David Arquette','david-arquette',0),(1331,' Marjoe Gortner','marjoe-gortner',0),(1332,' Christina Applegate.','christina-applegate',0),(1333,'Barbara Kopple','barbara-kopple',0),(1334,' Dan Barrett','dan-barrett',0),(1335,' Simon Wettenhall','simon-wettenhall',0),(1336,' John Gill','john-gill',0),(1337,' Cynthia Sayer','cynthia-sayer',0),(1338,' Greg Cohen','greg-cohen',0),(1339,'Barry Sonnenfeld','barry-sonnenfeld',0),(1340,' Kevin Klein','kevin-klein',0),(1341,' Salma Hayekc','salma-hayekc',0),(1342,' Kenneth Branagh','kenneth-branagh',0),(1343,' M. Emmet Walsh','m-emmet-walsh',0),(1344,'Crispin Glover','crispin-glover',0),(1345,' R. Lee Ermey','r-lee-ermey',0),(1346,' Laura Elena Harring','laura-elena-harring',0),(1347,' Jackie Burroughs','jackie-burroughs',0),(1348,' Kim McKamy','kim-mckamy',0),(1349,' William S. Taylor','william-s-taylor',0),(1350,' Gus Lynch','gus-lynch',0),(1351,' Laara Sadiq','laara-sadiq',0),(1352,'Warwick Davis','warwick-davis',0),(1353,' Val Kilmer','val-kilmer',0),(1354,' Joanne Whalley','joanne-whalley',0),(1355,' Jean Marsh','jean-marsh',0),(1356,' Kate Greenfield','kate-greenfield',0),(1357,' Adam Beach','adam-beach',0),(1358,' Christian Slater','christian-slater',0),(1359,' Peter Stormare','peter-stormare',0),(1360,' Roger Willie','roger-willie',0),(1361,' Jason Isaacs','jason-isaacs',0),(1362,' Mark Ruffalo','mark-ruffalo',0),(1363,'Chris Roberts','chris-roberts',0),(1364,'Freddie Prinze Jr.','freddie-prinze-jr',0),(1365,' Saffron Burrows','saffron-burrows',0),(1366,' Matthew Lillard','matthew-lillard',0),(1367,' David Suchet','david-suchet',0),(1368,'Robert Kurtzman','robert-kurtzman',0),(1369,'Tammy Lauren','tammy-lauren',0),(1370,' Andrew Divoff','andrew-divoff',0),(1371,' Robert Englund','robert-englund',0),(1372,' Chris Lemmon','chris-lemmon',0),(1373,' Wendy Benson','wendy-benson',0),(1374,' Tony Crane','tony-crane',0),(1375,' Kane Hodder','kane-hodder',0),(1376,' Tony Todd','tony-todd',0),(1377,' Jenny OHara','jenny-ohara',0),(1378,' Ricco Ross','ricco-ross',0),(1379,'Francesc Betriu','francesc-betriu',0),(1380,'Alfredo Landa','alfredo-landa',0),(1381,' Ana Obregón','ana-obregon',0),(1382,' Manuel Alexandre','manuel-alexandre',0),(1383,' Julita Martínez','julita-martinez',0),(1384,'Frank Capra','frank-capra',0),(1385,' Jean Arthur','jean-arthur',0),(1386,' Lionel Barrymore','lionel-barrymore',0),(1387,' Edward Arnold','edward-arnold',0),(1388,'Frank Marshall','frank-marshall',0),(1389,'Ethan Hawke ','ethan-hawke',0),(1390,' Vincent Spano','vincent-spano',0),(1391,' Josh Hamilton','josh-hamilton',0),(1392,' Bruce Ramsay','bruce-ramsay',0),(1393,'Katie Holmes','katie-holmes',0),(1394,' Desmond Askew','desmond-askew',0),(1395,' Nathan Bexton','nathan-bexton',0),(1396,' Robert Peters','robert-peters',0),(1397,'George Cukor','george-cukor',0),(1398,' Cary Grant','cary-grant',0),(1399,' Doris Nolan','doris-nolan',0),(1400,' Lew Ayres','lew-ayres',0),(1401,' Edward Everett Horton','edward-everett-horton',0),(1402,' Henry Kolker','henry-kolker',0),(1403,' Binnie Barnes','binnie-barnes',0),(1404,' Jean Dixon','jean-dixon',0),(1405,' Henry Daniell','henry-daniell',0),(1406,' Harry Allen','harry-allen',0),(1407,' Frank Benson','frank-benson',0),(1408,' Aileen Carlyle','aileen-carlyle',0),(1409,' Edward Cooper','edward-cooper',0),(1410,'Caroll Ballard','caroll-ballard',0),(1411,' Dana Delany','dana-delany',0),(1412,' Terry Kinney','terry-kinney',0),(1413,' Holter Graham','holter-graham',0),(1414,' Jeremy Ratchford','jeremy-ratchford',0),(1415,' Deborah Verginella','deborah-verginella',0),(1416,' Michael J. Reynolds','michael-j-reynolds',0),(1417,' David Hemblen','david-hemblen',0),(1418,'Stephen Hopkins','stephen-hopkins',0),(1419,' Tommy Lee Jones ','tommy-lee-jones',0),(1420,' Forest Whitaker','forest-whitaker',0),(1421,'Bigas Luna','bigas-luna',0),(1422,' Jordi Mollà','jordi-molla',0),(1423,' Jorge Perugorría','jorge-perugorria',0),(1424,' Stefania Sandrelli','stefania-sandrelli',0),(1425,' Zoe Berriatúa','zoe-berriatua',0),(1426,' Fermí Reixach','fermi-reixach',0),(1427,' Jean Marie Juan','jean-marie-juan',0),(1428,'Charles Haid','charles-haid',0),(1429,'MacKenzie Astin','mackenzie-astin',0),(1430,' David Ogden Stiers','david-ogden-stiers',0),(1431,' August Schellenberg','august-schellenberg',0),(1432,' George Gerdes','george-gerdes',0),(1433,' John Terry','john-terry',0),(1434,' Penelope Windust','penelope-windust',0),(1435,' Jeffrey Alan Chandler','jeffrey-alan-chandler',0),(1436,' Michael Laskin','michael-laskin',0),(1437,'Nicholas Meyer','nicholas-meyer',0),(1438,' Rita Wilson','rita-wilson',0),(1439,' Tim Thomerson','tim-thomerson',0),(1440,' George Plimpton','george-plimpton',0),(1441,' Ernest Harada','ernest-harada',0),(1442,'Antonio Ferrandis ','antonio-ferrandis',0),(1443,' Encarna Paso','encarna-paso',0),(1444,' José Bódalo ','jose-bodalo',0),(1445,' Agustín González','agustin-gonzalez',0),(1446,'Antonio Chavarrías','antonio-chavarrias',0),(1447,'Tristán Ulloa','tristan-ulloa',0),(1448,' Unax Ugalde','unax-ugalde',0),(1449,' Elizabeth Cervantes','elizabeth-cervantes',0),(1450,' Joana Rañé','joana-rane',0),(1451,'Otto Preminger','otto-preminger',0),(1452,'Gene Tierney','gene-tierney',0),(1453,' José Ferrer','jose-ferrer',0),(1454,' Charles Bickford','charles-bickford',0),(1455,' Barbara O´Neil','barbara-oneil',0),(1456,'Joseph Pevney','joseph-pevney',0),(1457,'Rock Hudson','rock-hudson',0),(1458,' Marcia Henderson','marcia-henderson',0),(1459,' Steve Cochran','steve-cochran',0),(1460,' Hugh OBrian','hugh-obrian',0),(1461,' Chubby Johnson','chubby-johnson',0),(1462,' Tudor Owen','tudor-owen',0),(1463,' Arthur Space','arthur-space',0),(1464,' Bill Radovich','bill-radovich',0),(1465,' John Cliff','john-cliff',0),(1466,' Pat Hogan','pat-hogan',0),(1467,' Ivan Triesault','ivan-triesault',0),(1468,'Charles Shyer','charles-shyer',0),(1469,' Diane Keaton','diane-keaton',0),(1470,' Martin Short','martin-short',0),(1471,' Kimberly Williams','kimberly-williams',0),(1472,'Fred Zinnemann','fred-zinnemann',0),(1473,'Gary Cooper','gary-cooper',0),(1474,' Grace Kelly','grace-kelly',0),(1475,' Thomas Mitchell','thomas-mitchell',0),(1476,' Katy Jurado','katy-jurado',0),(1477,' Lon Chaney','lon-chaney',0),(1478,' Ian Mac Donald','ian-mac-donald',0),(1479,'Sally Potter','sally-potter',0),(1480,'Christina Ricci. Johnny Depp. Cate Blanchett. John Turturro. Harry Dean Stanton','christina-ricci-johnny-depp-cate-blanchett-john-turturro-harry-dean-stanton',0),(1481,'Fito Páez','fito-paez',0),(1482,'Cecilia Roth','cecilia-roth',0),(1483,' Héctor Alterio','hector-alterio',0),(1484,' Luis Ziembrowsky','luis-ziembrowsky',0),(1485,'Pitof','pitof',0),(1486,' Guillaume Canet','guillaume-canet',0),(1487,' Inés Sastre','ines-sastre',0),(1488,'Sean Cunningham','sean-cunningham',0),(1489,'Betsy Palmer','betsy-palmer',0),(1490,' Adrienne King','adrienne-king',0),(1491,' Jeannine Taylor','jeannine-taylor',0),(1492,' Robbin Morgan','robbin-morgan',0),(1493,'Tom McLoughlin','tom-mcloughlin',0),(1494,'Thom Mathews','thom-mathews',0),(1495,' Jennifer Cooke','jennifer-cooke',0),(1496,' David Kagen','david-kagen',0),(1497,' Kerry Noonan','kerry-noonan',0),(1498,' Renée Jones','renee-jones',0),(1499,' Tom Fridley','tom-fridley',0),(1500,' C.J. Graham','c-j-graham',0),(1501,' Darcy DeMoss','darcy-demoss',0),(1502,' Vincent Guastaferro','vincent-guastaferro',0),(1503,' Tony Goldwyn','tony-goldwyn',0),(1504,' Nancy McLoughlin','nancy-mcloughlin',0),(1505,' Ron Palillo','ron-palillo',0),(1506,' Alan Blumenfeld','alan-blumenfeld',0),(1507,'Adam Marcus','adam-marcus',0),(1508,'John D. LeMay','john-d-lemay',0),(1509,' Kari Keegan','kari-keegan',0),(1510,' Steven Williams','steven-williams',0),(1511,' Steven Culp','steven-culp',0),(1512,' Erin Gray','erin-gray',0),(1513,' Rusty Schwimmer','rusty-schwimmer',0),(1514,' Richard Gant','richard-gant',0),(1515,' Leslie Jordan','leslie-jordan',0),(1516,' Billy Green Bush','billy-green-bush',0),(1517,' Kipp Marcus','kipp-marcus',0),(1518,'Danny Steinmann','danny-steinmann',0),(1519,'Melanie Kinnaman','melanie-kinnaman',0),(1520,' John Shepherd','john-shepherd',0),(1521,' Shavar Ross','shavar-ross',0),(1522,' Richard Young','richard-young',0),(1523,' Marco St. John','marco-st-john',0),(1524,' Juliette Cummins','juliette-cummins',0),(1525,' Carol Lacatell','carol-lacatell',0),(1526,' Vernon Washington','vernon-washington',0),(1527,' John Robert Dixon','john-robert-dixon',0),(1528,' Jerry Pavlon','jerry-pavlon',0),(1529,' Caskey Swaim','caskey-swaim',0),(1530,' Mark Venturini','mark-venturini',0),(1531,'Julien Temple','julien-temple',0),(1532,'Romane Bohringer','romane-bohringer',0),(1533,' James Frain','james-frain',0),(1534,' Jim Carter','jim-carter',0),(1535,' Diana Quick','diana-quick',0),(1536,' William Scott-Masson','william-scott-masson',0),(1537,' Adolfo Fernández','adolfo-fernandez',0),(1538,'Richard Pottier','richard-pottier',0),(1539,' Fortunato Bernal','fortunato-bernal',0),(1540,'Luis Mariano','luis-mariano',0),(1541,' Carmen Sevilla','carmen-sevilla',0),(1542,' Simone Valère','simone-valere',0),(1543,' Rafael Arcos','rafael-arcos',0),(1544,'Brett Leonard','brett-leonard',0),(1545,' Kelly Lynch','kelly-lynch',0),(1546,'John Bruno','john-bruno',0),(1547,'Jamie Lee Curtis','jamie-lee-curtis',0),(1548,' William Baldwin','william-baldwin',0),(1549,' Donald Sutherland','donald-sutherland',0),(1550,' Joanna Pacula','joanna-pacula',0),(1551,' Marshall Bell','marshall-bell',0),(1552,' Julio Oscar Mechoso','julio-oscar-mechoso',0),(1553,' Sherman Augustus','sherman-augustus',0),(1554,' Yuri Chervotkin','yuri-chervotkin',0),(1555,' Keith Flippen','keith-flippen',0),(1556,' Olga Rzhepetskaya-Retchin','olga-rzhepetskaya-retchin',0),(1557,' Leva','leva',0),(1558,'Manuel Gutiérrez Aragón','manuel-gutierrez-aragon',0),(1559,'Ingrid Rubio','ingrid-rubio',0),(1560,' Eduardo Noriega','eduardo-noriega',0),(1561,' Karra Elejalde','karra-elejalde',0),(1562,' Emma Suárez','emma-suarez',0),(1563,' Jaime Barnatán','jaime-barnatan',0),(1564,'David Jones','david-jones',0),(1565,'Alec Baldwin','alec-baldwin',0),(1566,' Ben Kingsley','ben-kingsley',0),(1567,' Amy Irving','amy-irving',0),(1568,' Jay O. Sanders','jay-o-sanders',0),(1569,' Kevin Conway','kevin-conway',0),(1570,' Anne Twomey','anne-twomey',0),(1571,' Richard Jenkins','richard-jenkins',0),(1572,' Gerry Bamman','gerry-bamman',0),(1573,' Chris Noth','chris-noth',0),(1574,' Lázaro Pérez','lazaro-perez',0),(1575,'Albert Saguer','albert-saguer',0),(1576,'El Gran Wyoming','el-gran-wyoming',0),(1577,' Anna Galiena','anna-galiena',0),(1578,' Javier Gurruchaga','javier-gurruchaga',0),(1579,' Santi Millán','santi-millan',0),(1580,'Gordon Willis','gordon-willis',0),(1581,'Elizabeth Ashley','elizabeth-ashley',0),(1582,' Talia Shire','talia-shire',0),(1583,' Joseph Cortese','joseph-cortese',0),(1584,'Tonie Marshall','tonie-marshall',0),(1585,'Nathalie Baye','nathalie-baye',0),(1586,' Bulle Ogier','bulle-ogier',0),(1587,' Samuel Le Bihan','samuel-le-bihan',0),(1588,' Jacques Bonnaffé','jacques-bonnaffe',0),(1589,' Mathilde Seigner','mathilde-seigner',0),(1590,'Robert Aldrich','robert-aldrich',0),(1591,' Burt Lancaster','burt-lancaster',0),(1592,' Denise Darcel','denise-darcel',0),(1593,' Cesar Romero','cesar-romero',0),(1594,' Sara Montiel','sara-montiel',0),(1595,'Brad Renfro','brad-renfro',0),(1596,' Mickey Cottrell','mickey-cottrell',0),(1597,' Michael Reid MacKay','michael-reid-mackay',0),(1598,' Ann Dowd','ann-dowd',0),(1599,' Marjorie Lovett','marjorie-lovett',0),(1600,' David Cooley','david-cooley',0),(1601,'Joel Schumacher','joel-schumacher',0),(1602,'Cate Blanchett. Don Wycherley. Colin Farrell. Brenda Fricker. Laurence Kinlan. Gerard McSorley. Ciarán Hinds','cate-blanchett-don-wycherley-colin-farrell-brenda-fricker-laurence-kinlan-gerard-mcsorley-ciaran-hinds',0),(1603,' Kim Novak','kim-novak',0),(1604,' Barbara Bel Geddes','barbara-bel-geddes',0),(1605,' Tom Helmore','tom-helmore',0),(1606,' Henry Jones','henry-jones',0),(1607,' Ellen Corby','ellen-corby',0),(1608,' Raymond Bailey','raymond-bailey',0),(1609,' Lee Patrick.','lee-patrick',0),(1610,'Peter Berg','peter-berg',0),(1611,'Jon Favreau','jon-favreau',0),(1612,' Leland Roser','leland-roser',0),(1613,' Rob Brownstein','rob-brownstein',0),(1614,' Jeremy Piven','jeremy-piven',0),(1615,' Daniel Stern','daniel-stern',0),(1616,' Joey Zimmerman','joey-zimmerman',0),(1617,' Tyler Cole Malinger','tyler-cole-malinger',0),(1618,'Christopher Guest','christopher-guest',0),(1619,'Jennifer Coolildge ','jennifer-coolildge',0),(1620,' John Michael Higgins','john-michael-higgins',0),(1621,' Michael Hitchcock','michael-hitchcock',0),(1622,'Brian De Palma','brian-de-palma',0),(1623,'Michael Caine ','michael-caine',0),(1624,' Nancy Allen ','nancy-allen',0),(1625,' Angie Dickinson ','angie-dickinson',0),(1626,' Keith Gordon','keith-gordon',0),(1627,'Jacques Rivette','jacques-rivette',0),(1628,'Jeanne Balibar','jeanne-balibar',0),(1629,' Sergio Castellito','sergio-castellito',0),(1630,' Marianne Basler','marianne-basler',0),(1631,'Manoel de Oliveira','manoel-de-oliveira',0),(1632,'Marcello Mastroianni','marcello-mastroianni',0),(1633,' Jean-Yves Gautier','jean-yves-gautier',0),(1634,' Leonor Silveira','leonor-silveira',0),(1635,' Diogo Dória','diogo-doria',0),(1636,' Isabel de Castro','isabel-de-castro',0),(1637,' José Pinto','jose-pinto',0),(1638,' Isabel Ruth','isabel-ruth',0),(1639,' Adelaide Teixeira','adelaide-teixeira',0),(1640,' Cécile Sanz de Alba','cecile-sanz-de-alba',0),(1641,'Stephen Boyd','stephen-boyd',0),(1642,' Raquel Welch','raquel-welch',0),(1643,' Edmond OBrien','edmond-obrien',0),(1644,' Arthur OConnell','arthur-oconnell',0),(1645,' William Redfield','william-redfield',0),(1646,' Arthur Kennedy','arthur-kennedy',0),(1647,'Michael Caton-James','michael-caton-james',0),(1648,' Leonardo DiCaprio','leonardo-dicaprio',0),(1649,'Susan Seidelman','susan-seidelman',0),(1650,'Meryl Streep','meryl-streep',0),(1651,' Roseanne','roseanne',0),(1652,' Ed Begley Jr.','ed-begley-jr',0),(1653,' Linda Hunt','linda-hunt',0),(1654,' Sylvia Miles','sylvia-miles',0),(1655,' Elisebeth Peters','elisebeth-peters',0),(1656,' Bryan Larkin','bryan-larkin',0),(1657,' A Martinez','a-martinez',0),(1658,' Maria Pitillo','maria-pitillo',0),(1659,'Mark Robson','mark-robson',0),(1660,'Lana Turner ','lana-turner',0),(1661,' Hope Lange','hope-lange',0),(1662,' Lloyd Nolan','lloyd-nolan',0),(1663,'Jill Sprecher','jill-sprecher',0),(1664,'Matthew McConaughey. John Turturro. Amy Irving. Barbara Sukowa. Alan Arkin','matthew-mcconaughey-john-turturro-amy-irving-barbara-sukowa-alan-arkin',0),(1665,'Sony Pictures ','sony-pictures',0),(1666,'Robert Altman','robert-altman',0),(1667,'Andie McDowell ','andie-mcdowell',0),(1668,' Jack Lemmon ','jack-lemmon',0),(1669,' Matthew Modine','matthew-modine',0),(1670,'Quentin Tarantino','quentin-tarantino',0),(1671,' Bridget Fonda','bridget-fonda',0),(1672,' Michael Keaton','michael-keaton',0),(1673,'William Wyler','william-wyler',0),(1674,' Audrey Hepburn','audrey-hepburn',0),(1675,' Eddie Albert','eddie-albert',0),(1676,' Hartley Power','hartley-power',0),(1677,' Harcourt Williams','harcourt-williams',0),(1678,' Margaret Rawlings','margaret-rawlings',0),(1679,' Tullio Carminati','tullio-carminati',0),(1680,' Paolo Carlini','paolo-carlini',0),(1681,' Claudio Ermelli','claudio-ermelli',0),(1682,' Paola Borboni','paola-borboni',0),(1683,' Alfredo Rizzo','alfredo-rizzo',0),(1684,' Laura Solari','laura-solari',0),(1685,'Julio Medem','julio-medem',0),(1686,'Carmelo Gómez','carmelo-gomez',0),(1687,' Txema Blasco','txema-blasco',0),(1688,'Juan Luis Iborra','juan-luis-iborra',0),(1689,'Alberto San Juan. Iñaki Font. David Selvas. Lola Cardona. Mercè Pons. Armando del Río. Roberto Álamo. Elisa Matilla. Jorge Bosch. Lluís Homar','alberto-san-juan-inaki-font-david-selvas-lola-cardona-merce-pons-armando-del-rio-roberto-alamo-elisa-matilla-jorge-bosch-lluis-homar',0),(1690,'Milos Forman','milos-forman',0),(1691,'Colin Firth','colin-firth',0),(1692,' Annette Bening','annette-bening',0),(1693,' Meg Tilly','meg-tilly',0),(1694,' Fairuza Balk','fairuza-balk',0),(1695,' Siân Phillips','sian-phillips',0),(1696,' Jeffrey Jones','jeffrey-jones',0),(1697,' Henry Thomas','henry-thomas',0),(1698,' Fabia Drake','fabia-drake',0),(1699,' T.P. McKenna','t-p-mckenna',0),(1700,' Isla Blair','isla-blair',0),(1701,'James Woods','james-woods',0),(1702,' Daniel Baldwin','daniel-baldwin',0),(1703,' Sheryl Lee','sheryl-lee',0),(1704,' Thomas Ian Griffith','thomas-ian-griffith',0),(1705,' Maximilian Schell','maximilian-schell',0),(1706,' Tim Guinee','tim-guinee',0),(1707,' Mark Boone Jr.','mark-boone-jr',0),(1708,' Gregory Sierra.','gregory-sierra',0),(1709,'Tommy Lee Wallace','tommy-lee-wallace',0),(1710,'Jon Bon Jovi. Natasha Gregson Wagner. Diego Luna','jon-bon-jovi-natasha-gregson-wagner-diego-luna',0),(1711,'John G. Avildsen','john-g-avildsen',0),(1712,'Jean Claude Van Damme','jean-claude-van-damme',0),(1713,' Gabrielle Fitpatrick','gabrielle-fitpatrick',0),(1714,' Pat Morita','pat-morita',0),(1715,'Walt Becker','walt-becker',0),(1716,'Ryan Reynolds','ryan-reynolds',0),(1717,' Tara Reid','tara-reid',0),(1718,' Kal Penn','kal-penn',0),(1719,' Kim Smith','kim-smith',0),(1720,' Curtis Armstrong','curtis-armstrong',0),(1721,'Louis Malle','louis-malle',0),(1722,'Wallace Shawn','wallace-shawn',0),(1723,' Brooke Smith','brooke-smith',0),(1724,' Georges Gaynes','georges-gaynes',0),(1725,' Julianne Moore','julianne-moore',0),(1726,'Cameron Crowe','cameron-crowe',0),(1727,'Tom Cruise','tom-cruise',0),(1728,'Juan Antonio Bardem','juan-antonio-bardem',0),(1729,'Jose Marfa Mompin','jose-marfa-mompin',0),(1730,' Chris Avram','chris-avram',0),(1731,' Emilio Laguna','emilio-laguna',0),(1732,' Trini Alonso','trini-alonso',0),(1733,' Rafael Alonso.','rafael-alonso',0),(1734,'Roland Joffé','roland-joffe',0),(1735,' Uma Thurman','uma-thurman',0),(1736,'Peter y Bobby Farrely','peter-y-bobby-farrely',0),(1737,' Randy Quaid','randy-quaid',0),(1738,'Motion Picture Corporation of America ','motion-picture-corporation-of-america',0),(1739,'Pat Proft','pat-proft',0),(1740,'Leslie Nielsen','leslie-nielsen',0),(1741,' Richard Crenna','richard-crenna',0),(1742,' Kelly LeBrock','kelly-lebrock',0),(1743,' Melinda McGraw','melinda-mcgraw',0),(1744,' Aaron Pearl','aaron-pearl',0),(1745,' Leslie Jones','leslie-jones',0),(1746,' Benjamin Ratner','benjamin-ratner',0),(1747,' Sandra Bernhard','sandra-bernhard',0),(1748,' Michael York','michael-york',0),(1749,'Stanley Kramer','stanley-kramer',0),(1750,' Marlene Dietrich','marlene-dietrich',0),(1751,' Richard Widmark','richard-widmark',0),(1752,' Judy Garland','judy-garland',0),(1753,'Dino Risi','dino-risi',0),(1754,'Alberto Sordi','alberto-sordi',0),(1755,' Marisa Allasio','marisa-allasio',0),(1756,' Ingeborg Schöner','ingeborg-schoner',0),(1757,' Niki Dantine','niki-dantine',0),(1758,' Riccardo Garrone','riccardo-garrone',0),(1759,' Luciano Marcelli','luciano-marcelli',0),(1760,' Anna Campori','anna-campori',0),(1761,'Tony Gatlif','tony-gatlif',0),(1762,'Antonio Canales','antonio-canales',0),(1763,' Orestes Villasan Rodriguez ','orestes-villasan-rodriguez',0),(1764,' Antonio Dechent','antonio-dechent',0),(1765,' Bobote','bobote',0),(1766,'David Trueba','david-trueba',0),(1767,'Ariadna Gil. María Botto. Ramón Fontserè','ariadna-gil-maria-botto-ramon-fontsere',0),(1768,'Bob Clark','bob-clark',0),(1769,'Kathleen Turner','kathleen-turner',0),(1770,' Christopher Lloyd','christopher-lloyd',0),(1771,' Kim Cattrall','kim-cattrall',0),(1772,' Peter MacNicol','peter-macnicol',0),(1773,' Dom DeLuise','dom-deluise',0),(1774,'Nikita Mikhalkov','nikita-mikhalkov',0),(1775,'Bayaertu','bayaertu',0),(1776,' Badema','badema',0),(1777,' Vladimir Gostukhin','vladimir-gostukhin',0),(1778,' Babushka','babushka',0),(1779,'María Ripoll','maria-ripoll',0),(1780,'Leonardo Sbaraglia. Najwa Nimri. Tchéky Karyo. José Garcia. Emma Vilarasau. Fele Martínez. Héctor Alterio. Carlos Vellido','leonardo-sbaraglia-najwa-nimri-tcheky-karyo-jose-garcia-emma-vilarasau-fele-martinez-hector-alterio-carlos-vellido',0),(1781,'Clint Eastwood','clint-eastwood',0),(1782,' James Garner','james-garner',0),(1783,' James Cromwell','james-cromwell',0),(1784,' Marcia Gay Harden','marcia-gay-harden',0),(1785,' William Devane','william-devane',0),(1786,' Loren Dean','loren-dean',0),(1787,' Courtney B. Vance','courtney-b-vance',0),(1788,' Rade Serbedzija','rade-serbedzija',0),(1789,'Tom DiCillo','tom-dicillo',0),(1790,' Catherine Keener','catherine-keener',0),(1791,' Maxwell Caulfield','maxwell-caulfield',0),(1792,' Elizabeth Berkley','elizabeth-berkley',0),(1793,' Marlo Thomas','marlo-thomas',0),(1794,' Bridgette Wilson','bridgette-wilson',0),(1795,' Buck Henry','buck-henry',0),(1796,' Jimmy Smits','jimmy-smits',0),(1797,' JoBeth Williams','jobeth-williams',0),(1798,' Lorraine Bracco','lorraine-bracco',0),(1799,' Tony Roberts','tony-roberts',0),(1800,' Perry King','perry-king',0),(1801,' Bruce Payne','bruce-payne',0),(1802,' Lysette Anthony','lysette-anthony',0),(1803,' Victoria Mahoney','victoria-mahoney',0),(1804,'Robert Luketic','robert-luketic',0),(1805,'Reese Witherspoon','reese-witherspoon',0),(1806,' Luke Wilson','luke-wilson',0),(1807,' Selma Blair','selma-blair',0),(1808,' Matthew Davis','matthew-davis',0),(1809,' Victor Garber','victor-garber',0),(1810,'Charles Herman-Wurmfeld','charles-herman-wurmfeld',0),(1811,'Reese Witherspoon. Sally Field. Regina King. Jennifer Coolidge. Bruce McGill. Dana Ivey. Luke Wilson. Alanna Ubach. Bob Newhart','reese-witherspoon-sally-field-regina-king-jennifer-coolidge-bruce-mcgill-dana-ivey-luke-wilson-alanna-ubach-bob-newhart',0),(1812,'Mathieu Carrière ','mathieu-carriere',0),(1813,' María Barranco ','maria-barranco',0),(1814,' Mar Targarona','mar-targarona',0),(1815,'Keith Samples','keith-samples',0),(1816,'Greg Kinnear','greg-kinnear',0),(1817,' Lauren Holly','lauren-holly',0),(1818,' Joan Cusack','joan-cusack',0),(1819,' Jay Thomas','jay-thomas',0),(1820,' Jill Hennessy','jill-hennessy',0),(1821,' Christopher McDonald','christopher-mcdonald',0),(1822,' Donald Moffat','donald-moffat',0),(1823,' France Nuyen','france-nuyen',0),(1824,' Marianne Muellerleile','marianne-muellerleile',0),(1825,' Sheridan Samples','sheridan-samples',0),(1826,'Edward Buzzell','edward-buzzell',0),(1827,'Groucho','groucho',0),(1828,' Chico y Harpo Marx ','chico-y-harpo-marx',0),(1829,' Margaret Dumont ','margaret-dumont',0),(1830,' Eve Arden','eve-arden',0),(1831,'Harold Ramis','harold-ramis',0),(1832,' Billy Crystal','billy-crystal',0),(1833,' Lisa Kudrow','lisa-kudrow',0),(1834,' Chazz Palminteri','chazz-palminteri',0),(1835,' Joe Viterelli','joe-viterelli',0),(1836,' Joe Rigano Guión: Kenneth Lonergan','joe-rigano-guion-kenneth-lonergan',0),(1837,' Peter Tolan','peter-tolan',0),(1838,'Raoul Walsh','raoul-walsh',0),(1839,'Troy Donahue','troy-donahue',0),(1840,' Suzanne Pleshette','suzanne-pleshette',0),(1841,' Diane McBain','diane-mcbain',0),(1842,' James Gregory','james-gregory',0),(1843,' William Reynolds','william-reynolds',0),(1844,' Claude Akins','claude-akins',0),(1845,'Rusty Lemorande','rusty-lemorande',0),(1846,'Patsy Kensit','patsy-kensit',0),(1847,' Stephane Audran','stephane-audran',0),(1848,' Julian Sands','julian-sands',0),(1849,'Jon Purdy','jon-purdy',0),(1850,'Robert Hays','robert-hays',0),(1851,' Dean Stockwell','dean-stockwell',0),(1852,' Tobin Bell','tobin-bell',0),(1853,' Victoria Mallory','victoria-mallory',0),(1854,' Bill Mondy','bill-mondy',0),(1855,' Scott Wilkinson','scott-wilkinson',0),(1856,' Michael Flynn','michael-flynn',0),(1857,' Noel De Souza','noel-de-souza',0),(1858,' Joyce Cohen','joyce-cohen',0),(1859,'Colin Nutley','colin-nutley',0),(1860,'Rolf Lassgard','rolf-lassgard',0),(1861,' Helena Bergström','helena-bergstrom',0),(1862,' Joham Widerberg','joham-widerberg',0),(1863,' Jonas Falk','jonas-falk',0),(1864,'Len Wiseman','len-wiseman',0),(1865,'Kate Beckinsale','kate-beckinsale',0),(1866,' Scott Speedman','scott-speedman',0),(1867,' Michael Sheen','michael-sheen',0),(1868,' Shane Brolly','shane-brolly',0),(1869,' Bill Nighy','bill-nighy',0),(1870,' Erwin Leder','erwin-leder',0),(1871,' Sophia Myles','sophia-myles',0),(1872,' Robbie Gee','robbie-gee',0),(1873,' Wentworth Miller','wentworth-miller',0),(1874,' Kevin Grevioux','kevin-grevioux',0),(1875,'Lakeshore Entertainment / Screen Gems ','lakeshore-entertainment-screen-gems',0),(1876,'Peter Weir','peter-weir',0),(1877,'Harrison Ford','harrison-ford',0),(1878,' Kelly McGillis','kelly-mcgillis',0),(1879,' Lukas Haas','lukas-haas',0),(1880,' Jan Rubes','jan-rubes',0),(1881,' Alexander Godunov','alexander-godunov',0),(1882,'Patrice Leconte','patrice-leconte',0),(1883,'Jean-Paul Belmondo','jean-paul-belmondo',0),(1884,' Alain Delon','alain-delon',0),(1885,' Vanessa Paradis','vanessa-paradis',0),(1886,' Eric Defosse','eric-defosse',0),(1887,' Aleksandr Yakovlev','aleksandr-yakovlev',0),(1888,' Valeri Gatayev','valeri-gatayev',0),(1889,' Michel Aumont','michel-aumont',0),(1890,' Jacques Roman','jacques-roman',0),(1891,'Martin Scorsese','martin-scorsese',0),(1892,' Ray Liotta','ray-liotta',0),(1893,' Joe Pesci','joe-pesci',0),(1894,' Paul Sorvino','paul-sorvino',0),(1895,' Frank Sivero','frank-sivero',0),(1896,' Tony Darrow','tony-darrow',0),(1897,' Mike Starr','mike-starr',0),(1898,' Frank Vincent','frank-vincent',0),(1899,' Chuck Low','chuck-low',0),(1900,'Billy Wilder','billy-wilder',0),(1901,' Horst Buchholz ','horst-buchholz',0),(1902,' Pamela Tiffin','pamela-tiffin',0),(1903,' Arlene Francis','arlene-francis',0),(1904,'María Victoria','maria-victoria',0),(1905,' Bárbara Rey','barbara-rey',0),(1906,' Manuel Zarzo','manuel-zarzo',0),(1907,'Mark Sandrich','mark-sandrich',0),(1908,'Fred Astaire','fred-astaire',0),(1909,' Helen Broderick','helen-broderick',0),(1910,' Erik Rhodes','erik-rhodes',0),(1911,' Eric Blore','eric-blore',0),(1912,' Lucille Ball','lucille-ball',0),(1913,' Leonard Mudie','leonard-mudie',0),(1914,' Donald Meek','donald-meek',0),(1915,' Florence Roberts','florence-roberts',0),(1916,'Steve Carver','steve-carver',0),(1917,' William Shatner','william-shatner',0),(1918,' Tom Skerritt','tom-skerritt',0),(1919,' Susan Sennett','susan-sennett',0),(1920,' Robbie Lee','robbie-lee',0),(1921,' Noble Willingham','noble-willingham',0),(1922,' Dick Miller','dick-miller',0),(1923,' Jennifer Connelly','jennifer-connelly',0),(1924,' Paul Bettany','paul-bettany',0),(1925,' Adam Goldberg','adam-goldberg',0),(1926,'Paul Mazursky','paul-mazursky',0),(1927,'Jill Clayburgh','jill-clayburgh',0),(1928,' Alan Bates','alan-bates',0),(1929,' Cliff Gorman','cliff-gorman',0),(1930,' Patricia Quinn','patricia-quinn',0),(1931,' Kelly Bishop','kelly-bishop',0),(1932,'Mitchell Leisen','mitchell-leisen',0),(1933,' Ray Milland','ray-milland',0),(1934,' Warner Baxter','warner-baxter',0),(1935,' Jon Hall','jon-hall',0),(1936,' Barry Sullivan','barry-sullivan',0),(1937,' Mischa Auer','mischa-auer',0),(1938,' Phyllis Brooks','phyllis-brooks',0),(1939,' Mary Philips','mary-philips',0),(1940,' Edward Fielding','edward-fielding',0),(1941,' Don Loper','don-loper',0),(1942,' Mary Parker','mary-parker',0),(1943,' Catherine Craig','catherine-craig',0),(1944,' Marietta Canty','marietta-canty',0),(1945,'Ernst Lubitsch','ernst-lubitsch',0),(1946,'Fredric March','fredric-march',0),(1947,' Miriam Hopkins','miriam-hopkins',0),(1948,' Franklin Pangborn','franklin-pangborn',0),(1949,' Isabel Jewell','isabel-jewell',0),(1950,'Stephen Gyllenhaal','stephen-gyllenhaal',0),(1951,'Debra Winger','debra-winger',0),(1952,' Barbara Hershey','barbara-hershey',0),(1953,' Gabriel Byrne','gabriel-byrne',0),(1954,'Alejandro Agresti','alejandro-agresti',0),(1955,'Tomás Fonzi','tomas-fonzi',0),(1956,' Norma Aleandro','norma-aleandro',0),(1957,' Fabián Vena','fabian-vena',0),(1958,'Sam Wood','sam-wood',0),(1959,' Kitty Carlise','kitty-carlise',0),(1960,' Sig Rumann','sig-rumann',0),(1961,'Metro Goldwyn Mayer ','metro-goldwyn-mayer',0),(1962,'Jordan Brady','jordan-brady',0),(1963,'Ben Affleck','ben-affleck',0),(1964,' Jay Lacopo','jay-lacopo',0),(1965,'John Schultz','john-schultz',0),(1966,'Jonathan Lipnicki','jonathan-lipnicki',0),(1967,' Robert Foster','robert-foster',0),(1968,' Lil´ Bow Wow','lil-bow-wow',0),(1969,' José Sazatornil','jose-sazatornil',0),(1970,' Kiti Manver','kiti-manver',0),(1971,'Carlos Pastor','carlos-pastor',0),(1972,'Quique San Francisco','quique-san-francisco',0),(1973,' Tito Valverde','tito-valverde',0),(1974,'Álvaro del Amo','alvaro-del-amo',0),(1975,'Marisa Paredes. Ana Torrent. Marta Larralde. Chema Muñoz','marisa-paredes-ana-torrent-marta-larralde-chema-munoz',0),(1976,'Adrian Lyne','adrian-lyne',0),(1977,'Robert Redford ','robert-redford',0),(1978,' Demi Moore ','demi-moore',0),(1979,' Seymour Cassel','seymour-cassel',0),(1980,'Pierre Franckh','pierre-franckh',0),(1981,'Julia Richter','julia-richter',0),(1982,' René Hofschneider','rene-hofschneider',0),(1983,' Dieter Landuris','dieter-landuris',0),(1984,' Martin Armknecht','martin-armknecht',0),(1985,' Lukas Till Henseler','lukas-till-henseler',0),(1986,' Chris Hohenester','chris-hohenester',0),(1987,' Hardy Krüger Jr.','hardy-kruger-jr',0),(1988,' Michaela Mazac','michaela-mazac',0),(1989,' Gottfried Mehlhorn','gottfried-mehlhorn',0),(1990,' Konstantin Moser','konstantin-moser',0),(1991,'Rachel Talalay','rachel-talalay',0),(1992,'Lori Petty','lori-petty',0),(1993,' Ice-T','ice-t',0),(1994,' Don Harvey','don-harvey',0),(1995,' Jeff Kober','jeff-kober',0),(1996,' Reg E. Cathey','reg-e-cathey',0),(1997,' Scott Coffey','scott-coffey',0),(1998,'Michael Dinner','michael-dinner',0),(1999,'Richard Dreyfuss','richard-dreyfuss',0),(2000,' Burt Reynolds','burt-reynolds',0),(2001,' Dan Hedaya','dan-hedaya',0),(2002,' Carrie-Anne Moss','carrie-anne-moss',0),(2003,'Khaled El Hagar','khaled-el-hagar',0),(2004,' Juliette Lewis','juliette-lewis',0),(2005,' Anna Massey','anna-massey',0),(2006,' Rupert Graves','rupert-graves',0),(2007,' Clémentine Célarié','clementine-celarie',0),(2008,' Karim Belkhadra','karim-belkhadra',0),(2009,'Stanley Donen','stanley-donen',0),(2010,' Kay Thompson','kay-thompson',0),(2011,' Michel Auclair','michel-auclair',0),(2012,' Robert Flemyng','robert-flemyng',0),(2013,' DovimaSuzy Parker','dovimasuzy-parker',0),(2014,' Sunny Hartnett','sunny-hartnett',0),(2015,' Jean Del Val','jean-del-val',0),(2016,' Virginia Gibson','virginia-gibson',0),(2017,' Sue England','sue-england',0),(2018,'Cédric Klapish','cedric-klapish',0),(2019,'Romain Duris','romain-duris',0),(2020,' Cécile De France','cecile-de-france',0),(2021,' Judith Godrèche','judith-godreche',0),(2022,' Audrey Tautou','audrey-tautou',0),(2023,' Cristina Brondo','cristina-brondo',0),(2024,'Ladislao Vajda','ladislao-vajda',0),(2025,'Liselotte Pulver','liselotte-pulver',0),(2026,' Alberto De Mendoza','alberto-de-mendoza',0),(2027,' Alicia Altabella','alicia-altabella',0),(2028,' Mariano Azaña','mariano-azana',0),(2029,' María Cabo','maria-cabo',0),(2030,' Ana María Custodio','ana-maria-custodio',0),(2031,' Miguel Gila','miguel-gila',0),(2032,' Martin Held','martin-held',0),(2033,' Goyo Lebrero','goyo-lebrero',0),(2034,' Juanjo Menéndez','juanjo-menendez',0),(2035,' Manolo Morán','manolo-moran',0),(2036,'Marc Rocco','marc-rocco',0),(2037,'Corey Feldman','corey-feldman',0),(2038,' Corey Haim','corey-haim',0),(2039,' Jason Robards','jason-robards',0),(2040,' Piper Laurie','piper-laurie',0),(2041,' Meredith Salenger','meredith-salenger',0),(2042,' William McNamara','william-mcnamara',0),(2043,' Ria Pavia','ria-pavia',0),(2044,' Lala Sloatman','lala-sloatman',0),(2045,' Laura Lee Norton','laura-lee-norton',0),(2046,'Pedro Maso','pedro-maso',0),(2047,'Ornella Muti','ornella-muti',0),(2048,' Sergio Fantoni','sergio-fantoni',0),(2049,' Eduardo Fajardo','eduardo-fajardo',0),(2050,'Dorian Walker','dorian-walker',0),(2051,'Robyn Lively','robyn-lively',0),(2052,' Dan Gauthier','dan-gauthier',0),(2053,' Joshua John Miller','joshua-john-miller',0),(2054,' Caren Kaye','caren-kaye',0),(2055,' Dick Sargent','dick-sargent',0),(2056,' Lisa Fuller','lisa-fuller',0),(2057,' Mandy Ingber','mandy-ingber',0),(2058,' Zelda Rubinstein','zelda-rubinstein',0),(2059,' Lillo Brancato','lillo-brancato',0),(2060,' Francis Capra','francis-capra',0),(2061,' Taral Hicks','taral-hicks',0),(2062,' Kathrine Narducci','kathrine-narducci',0),(2063,' Clem Caserta','clem-caserta',0),(2064,' Alfred Sauchelli Jr.','alfred-sauchelli-jr',0),(2065,' Frank Pietrangolare','frank-pietrangolare',0),(2066,'Ewan McGregor','ewan-mcgregor',0),(2067,' Holly Hunter','holly-hunter',0),(2068,' Delroy Lindo.','delroy-lindo',0),(2069,'Mike Nichols','mike-nichols',0),(2070,'Robin Williams','robin-williams',0),(2071,'John McTiernan','john-mctiernan',0),(2072,'John Travolta. Samuel L. Jackson. Dash Mihok. Taye Diggs. Connie Nielsen. Timothy Daly. Roselyn Sanchez. Harry Connick Jr.. Giovanni Ribisi. Brian Van Holt. Cristián de la Fuente','john-travolta-samuel-l-jackson-dash-mihok-taye-diggs-connie-nielsen-timothy-daly-roselyn-sanchez-harry-connick-jr-giovanni-ribisi-brian-van-holt-cristian-de-la-fuente',0),(2073,' Charles Crichton','charles-crichton',0),(2074,' Kevin Kline','kevin-kline',0),(2075,' Michael Palin','michael-palin',0),(2076,' Maria Aitken','maria-aitken',0),(2077,' Tom Georgeson','tom-georgeson',0),(2078,' Patricia Hayes','patricia-hayes',0),(2079,' Geoffrey Palmer','geoffrey-palmer',0),(2080,' Cynthia Cleese','cynthia-cleese',0),(2081,' Mark Elwes','mark-elwes',0),(2082,'Mike Barker','mike-barker',0),(2083,' Gene Wolande','gene-wolande',0),(2084,' Jonathan McMurtry','jonathan-mcmurtry',0),(2085,'Sam Raimi','sam-raimi',0),(2086,'Bill Paxton','bill-paxton',0),(2087,' Brent Briscoe','brent-briscoe',0),(2088,' Becky Ann Baker','becky-ann-baker',0),(2089,' Chelcie Ross','chelcie-ross',0),(2090,' Jack Walsh','jack-walsh',0),(2091,' Bob Davis','bob-davis',0),(2092,' Peter Syvertsen','peter-syvertsen',0),(2093,'Penny Marshall','penny-marshall',0),(2094,'Danny DeVito','danny-devito',0),(2095,' Gregory Hines','gregory-hines',0),(2096,' Lillo Brancato Jr.','lillo-brancato-jr',0),(2097,' Stacey Dash','stacey-dash',0),(2098,' Kadeem Hardison','kadeem-hardison',0),(2099,' Richard T. Jones','richard-t-jones',0),(2100,' Khalil Kain','khalil-kain',0),(2101,'Buena Vista ','buena-vista',0),(2102,'Roger Donaldson','roger-donaldson',0),(2103,' Linda Hamilton','linda-hamilton',0),(2104,' Jamie Renée Smith','jamie-renee-smith',0),(2105,' Jeremy Foley','jeremy-foley',0),(2106,' Elizabeth Hoffman','elizabeth-hoffman',0),(2107,' Charles Hallahan','charles-hallahan',0),(2108,' Grant Heslov','grant-heslov',0),(2109,' Kirk Trutner','kirk-trutner',0),(2110,' Arabella Field','arabella-field',0),(2111,' Tzi Ma','tzi-ma',0),(2112,'Dirk Bogarde','dirk-bogarde',0),(2113,' James Caan','james-caan',0),(2114,' Edward Fox','edward-fox',0),(2115,' Elliott Gould','elliott-gould',0),(2116,' Anthony Hopkins','anthony-hopkins',0),(2117,'Charles Sturridge','charles-sturridge',0),(2118,'James Wilby','james-wilby',0),(2119,' Alec Guinness','alec-guinness',0),(2120,' Richard Beale','richard-beale',0),(2121,' Jackson Kyle','jackson-kyle',0),(2122,'Gore Verbinski','gore-verbinski',0),(2123,'Nathan Lane','nathan-lane',0),(2124,' Lee Evans','lee-evans',0),(2125,' Maury Chaykin','maury-chaykin',0),(2126,'Steven Soderbergh','steven-soderbergh',0),(2127,'George Clooney','george-clooney',0),(2128,' Jennifer Lopez','jennifer-lopez',0),(2129,' Jim Robinson','jim-robinson',0),(2130,' Elgin Marlow','elgin-marlow',0),(2131,' Donna Frenzel','donna-frenzel',0),(2132,' Manny Suárez','manny-suarez',0),(2133,' Keith Hudson','keith-hudson',0),(2134,' Paul Soileau','paul-soileau',0),(2135,' Scott Allen','scott-allen',0),(2136,'Jamie Blanks','jamie-blanks',0),(2137,' David Boreanaz','david-boreanaz',0),(2138,' Marley Shelton','marley-shelton',0),(2139,' Jessica Capshaw','jessica-capshaw',0),(2140,'Pat OConnor','pat-oconnor',0),(2141,'Daniel Day-Lewis','daniel-day-lewis',0),(2142,' Kent Broadhurst','kent-broadhurst',0),(2143,' Matthew Cowles','matthew-cowles',0),(2144,' Keith David','keith-david',0),(2145,' Spalding Gray','spalding-gray',0),(2146,' Laurie Metcalf','laurie-metcalf',0),(2147,' Bill Moor','bill-moor',0),(2148,' Deirdre OConnell','deirdre-oconnell',0),(2149,'Jesús Franco','jesus-franco',0),(2150,'Glenda Allen','glenda-allen',0),(2151,' Alberto Dalbés','alberto-dalbes',0),(2152,' Kali Hansa','kali-hansa',0),(2153,' Luis Induni','luis-induni',0),(2154,' Montserrat Prous','montserrat-prous',0),(2155,'Dennie Gordon','dennie-gordon',0),(2156,'Oliver James. Amanda Bynes. Colin Firth. Jonathan Pryce. Kelly Preston. Eileen Atkins. Anna Chancellor','oliver-james-amanda-bynes-colin-firth-jonathan-pryce-kelly-preston-eileen-atkins-anna-chancellor',0),(2157,'Paul Miller','paul-miller',0),(2158,'John Leguizamo','john-leguizamo',0),(2159,' Edoardo Ballerini','edoardo-ballerini',0),(2160,' Freddy Rodriguez','freddy-rodriguez',0),(2161,' Tammy Townsend','tammy-townsend',0),(2162,' Aries Spears','aries-spears',0),(2163,' Joe Morton.','joe-morton',0),(2164,'Ingmar Bergman','ingmar-bergman',0),(2165,'Harriet Andersson','harriet-andersson',0),(2166,' Lars Ekborg','lars-ekborg',0),(2167,' Dagmar Ebbesen','dagmar-ebbesen',0),(2168,' Åke Fridell','ake-fridell',0),(2169,' Naemi Briese','naemi-briese',0),(2170,' Åke Grönberg','ake-gronberg',0),(2171,' Sigge Fürst','sigge-furst',0),(2172,' John Harryson','john-harryson',0),(2173,'Paul Quinn','paul-quinn',0),(2174,'Aidan Quinn','aidan-quinn',0),(2175,' Stephen Rea.','stephen-rea',0),(2176,'Ernst Marischka','ernst-marischka',0),(2177,'Romy Schneider','romy-schneider',0),(2178,' Karlheinz Böhm','karlheinz-bohm',0),(2179,' Magda Schneider','magda-schneider',0),(2180,' Gustav Knuth','gustav-knuth',0),(2181,' Vilma Degischer','vilma-degischer',0),(2182,' Walter Reyer','walter-reyer',0),(2183,' Senta Wengraf','senta-wengraf',0),(2184,' Josef Meinrad','josef-meinrad',0),(2185,' Iván Petrovich','ivan-petrovich',0),(2186,' Helene Lauterböck','helene-lauterbock',0),(2187,' Erich Nikowitz','erich-nikowitz',0),(2188,' Richard Eybner','richard-eybner',0),(2189,'Artus de Penguern','artus-de-penguern',0),(2190,' Pascale Arbillot','pascale-arbillot',0),(2191,' Didier Bénureau','didier-benureau',0),(2192,'Pietro Germi','pietro-germi',0),(2193,' Claudia Cardinale','claudia-cardinale',0),(2194,' Eleonora Rossi Drago','eleonora-rossi-drago',0),(2195,' Claudio Gora','claudio-gora',0),(2196,' Franco Fabrizi','franco-fabrizi',0),(2197,' Nino Castelnuovo','nino-castelnuovo',0),(2198,' Cristina Gaioni','cristina-gaioni',0),(2199,' Saro Urzì','saro-urzi',0),(2200,' Ildebrando Santafe','ildebrando-santafe',0),(2201,' Gianni Musi','gianni-musi',0),(2202,' Toni Ucci','toni-ucci',0),(2203,' Peppino De Martino','peppino-de-martino',0),(2204,' Rosol','rosol',0),(2205,'Oliver Parker','oliver-parker',0),(2206,'Cate Blanchett','cate-blanchett',0),(2207,' Minnie Driver','minnie-driver',0),(2208,' Rupert Everett','rupert-everett',0),(2209,' Jeremy Northam','jeremy-northam',0),(2210,'Elijah Wood','elijah-wood',0),(2211,' John Lovitz','john-lovitz',0),(2212,' Matthew McCurley','matthew-mccurley',0),(2213,'Peter Chelsom','peter-chelsom',0),(2214,'Sharon Stone','sharon-stone',0),(2215,' Elden Henson','elden-henson',0),(2216,' Kieran Culkin','kieran-culkin',0),(2217,' Gena Rowlands','gena-rowlands',0),(2218,' Gilliam Anderson','gilliam-anderson',0),(2219,'Chris Menges','chris-menges',0),(2220,'Jodhi May','jodhi-may',0),(2221,' Nadine Chalmers','nadine-chalmers',0),(2222,' Maria Pilar','maria-pilar',0),(2223,' Kate Fitzpatrick','kate-fitzpatrick',0),(2224,'Jan Svérak','jan-sverak',0),(2225,'Ondrej Vetchý','ondrej-vetchy',0),(2226,' Krystof Hádek','krystof-hadek',0),(2227,'Tara Fitzgerald','tara-fitzgerald',0),(2228,' Charles Dance','charles-dance',0),(2229,' Oldrich Kaiser','oldrich-kaiser',0),(2230,' T.J. Lowther','t-j-lowther',0),(2231,' Keith Szarabajka','keith-szarabajka',0),(2232,' Leo Burmester','leo-burmester',0),(2233,' Paul Hewitt','paul-hewitt',0),(2234,' Bradley Whitford','bradley-whitford',0),(2235,' Ray McKinnon','ray-mckinnon',0),(2236,' Jennifer Griffin','jennifer-griffin',0),(2237,'Chris Weitz','chris-weitz',0),(2238,' Paul Weitz','paul-weitz',0),(2239,'Hugh Grant','hugh-grant',0),(2240,' Toni Collette','toni-collette',0),(2241,' Rachel Weisz','rachel-weisz',0),(2242,' Nicholas Hoult','nicholas-hoult',0),(2243,'Adrián Caetano','adrian-caetano',0),(2244,' Freddy Flores. Enrique Liporace. Luis Machín. Agostina Lage. René Lavan. Soledad Villamil','freddy-flores-enrique-liporace-luis-machin-agostina-lage-rene-lavan-soledad-villamil',0),(2245,'John Pasquin','john-pasquin',0),(2246,'Tim Allen','tim-allen',0),(2247,' Julie Bowen','julie-bowen',0),(2248,' Greg Germann','greg-germann',0),(2249,'Dennis Dugan','dennis-dugan',0),(2250,'Adam Sandler','adam-sandler',0),(2251,' Joey Lauren Adams','joey-lauren-adams',0),(2252,' Jon Stewart','jon-stewart',0),(2253,' Cole Sprouse','cole-sprouse',0),(2254,' Dylan Sprouse','dylan-sprouse',0),(2255,' Josh Mostel','josh-mostel',0),(2256,' Allen Covert','allen-covert',0),(2257,' Rob Schneider','rob-schneider',0),(2258,' Kristy Swanson','kristy-swanson',0),(2259,'Felipe Vega','felipe-vega',0),(2260,'Juanjo Puigcorbe ','juanjo-puigcorbe',0),(2261,' Eulalia Ramón','eulalia-ramon',0),(2262,' Iciar Bollain ','iciar-bollain',0),(2263,' Germán Cobos','german-cobos',0),(2264,'Alfonso Arau','alfonso-arau',0),(2265,'Piero Tellini','piero-tellini',0),(2266,' Cesare Zavattini','cesare-zavattini',0),(2267,' Vittorio de Benedetti','vittorio-de-benedetti',0),(2268,' Robert Mark Kamen','robert-mark-kamen',0),(2269,' Mark Miller','mark-miller',0),(2270,' Harvey Weitzman','harvey-weitzman',0),(2271,'George Roy Hill','george-roy-hill',0),(2272,'Laurence Olivier','laurence-olivier',0),(2273,' Thelonious Bernard','thelonious-bernard',0),(2274,' Arthur Hill','arthur-hill',0),(2275,' Sally Kellerman','sally-kellerman',0),(2276,' Broderick Crawford','broderick-crawford',0),(2277,' David Dukes','david-dukes',0),(2278,' Andrew Duncan','andrew-duncan',0),(2279,' Claudette Sutherland','claudette-sutherland',0),(2280,' Graham Fletcher-Cook','graham-fletcher-cook',0),(2281,' Ashby Semple','ashby-semple',0),(2282,'Luis Eduardo Aute','luis-eduardo-aute',0),(2283,'Rober Greenwald','rober-greenwald',0),(2284,'Marlee Matlin','marlee-matlin',0),(2285,' D.R. Sweeney','d-r-sweeney',0),(2286,' Martin Sheen','martin-sheen',0),(2287,'John Duigan','john-duigan',0),(2288,'Jon Bon Jovi','jon-bon-jovi',0),(2289,' Lambert Wilson','lambert-wilson',0),(2290,' Thandie Newton.','thandie-newton',0),(2291,'Åke Sandgren','ake-sandgren',0),(2292,'Nikolaj Lie kaas','nikolaj-lie-kaas',0),(2293,' Peter Mygind','peter-mygind',0),(2294,' Susan A. Olsen','susan-a-olsen',0),(2295,' Clara Nepper Winther','clara-nepper-winther',0),(2296,' Line Kruse','line-kruse',0),(2297,'Elliot Silverstein','elliot-silverstein',0),(2298,'Richard Harris','richard-harris',0),(2299,' Judith Anderson','judith-anderson',0),(2300,' Jean Gascon','jean-gascon',0),(2301,'Pedro Olea','pedro-olea',0),(2302,'José Sacristán ','jose-sacristan',0),(2303,' Carmen Carbonell','carmen-carbonell',0),(2304,' Francisco Algora','francisco-algora',0),(2305,' Félix Dafauce','felix-dafauce',0),(2306,'Anthony Waller','anthony-waller',0),(2307,'Tom Everett Scott','tom-everett-scott',0),(2308,' Julie Delpy','julie-delpy',0),(2309,' Vince Vieluf','vince-vieluf',0),(2310,' Phil Buckman','phil-buckman',0),(2311,' Pierre Cosso','pierre-cosso',0),(2312,' Thierry Lhermitte','thierry-lhermitte',0),(2313,' Tom Novembre','tom-novembre',0),(2314,' Maria Machado','maria-machado',0),(2315,' Ben Salem Bouabdallah','ben-salem-bouabdallah',0),(2316,'Aki Kaurismaki','aki-kaurismaki',0),(2317,'Markku Peltola','markku-peltola',0),(2318,' Kati Outinen','kati-outinen',0),(2319,' Annikki Tähti','annikki-tahti',0),(2320,' Juhani Niemelä','juhani-niemela',0),(2321,' Kaija Pakarinen','kaija-pakarinen',0),(2322,' Sakari Kuosmanen','sakari-kuosmanen',0),(2323,' Esko Nikkari','esko-nikkari',0),(2324,' Outi Mäenpää','outi-maenpaa',0),(2325,' Pertti veholm','pertti-veholm',0),(2326,' Aino Seppo','aino-seppo',0),(2327,' Janne Hyytiäinen','janne-hyytiainen',0),(2328,' Elina Salo','elina-salo',0),(2329,' Anneli Sauli','anneli-sauli',0),(2330,'Rafael Eisenman','rafael-eisenman',0),(2331,'Billy Zane','billy-zane',0),(2332,' Joan Severance','joan-severance',0),(2333,' May Karasun','may-karasun',0),(2334,' Nicole Kidman ','nicole-kidman',0),(2335,' Thomas Gibson','thomas-gibson',0),(2336,' Robert Prosky','robert-prosky',0),(2337,' Nina Van Pallandt','nina-van-pallandt',0),(2338,' Sterling Hayden','sterling-hayden',0),(2339,' Mark Rydell','mark-rydell',0),(2340,' Henry Gibson','henry-gibson',0),(2341,' David Arkin','david-arkin',0),(2342,' Jim Bouton','jim-bouton',0),(2343,' Warren Berlinger','warren-berlinger',0),(2344,' Jo Ann Brody','jo-ann-brody',0),(2345,' Steve Coit','steve-coit',0),(2346,'Ivan Reitman','ivan-reitman',0),(2347,' Julia Louis-Dreyfus','julia-louis-dreyfus',0),(2348,' Nastassja Kinski','nastassja-kinski',0),(2349,' Charlie Hofheimer','charlie-hofheimer',0),(2350,' Dennis Burkley','dennis-burkley',0),(2351,' Haylie Johnson','haylie-johnson',0),(2352,' Charles Rocket','charles-rocket',0),(2353,' Patti DArbanville','patti-darbanville',0),(2354,' Matthew Broderick','matthew-broderick',0),(2355,' George Segal','george-segal',0),(2356,' Diane Baker','diane-baker',0),(2357,' Eric Roberts','eric-roberts',0),(2358,' Janeane Garofalo','janeane-garofalo',0),(2359,' Andy Dick','andy-dick',0),(2360,'Adolfo Aristarain','adolfo-aristarain',0),(2361,'Federico Luppi','federico-luppi',0),(2362,' Leonor Benedetto','leonor-benedetto',0),(2363,'Christine Lahti','christine-lahti',0),(2364,' River Phoenix','river-phoenix',0),(2365,' Judd Hirsch','judd-hirsch',0),(2366,' Jonas Abry','jonas-abry',0),(2367,' Ed Crowley','ed-crowley',0),(2368,' L.M. Kit Carson','l-m-kit-carson',0),(2369,' Steven Hill','steven-hill',0),(2370,' Augusta Dabney','augusta-dabney',0),(2371,' David Margulies','david-margulies',0),(2372,' Lynne Thigpen','lynne-thigpen',0),(2373,' Marcia Jean Kurtz','marcia-jean-kurtz',0),(2374,' Sloane Shelton','sloane-shelton',0),(2375,'Mic Rodgers','mic-rodgers',0),(2376,' Bill Goldberg','bill-goldberg',0),(2377,' Michael Jai White','michael-jai-white',0),(2378,' Kiana Tom','kiana-tom',0),(2379,' Heidi Schanz','heidi-schanz',0),(2380,' Karis Paige Bryant','karis-paige-bryant',0),(2381,' Daniel von Bargen','daniel-von-bargen',0),(2382,'Luis Lucia','luis-lucia',0),(2383,'Jorge Mistral','jorge-mistral',0),(2384,' Jaime Blanch','jaime-blanch',0),(2385,' Manuel De Luna','manuel-de-luna',0),(2386,' José Luis López Vázquez.','jose-luis-lopez-vazquez',0),(2387,'Maurice Phillips','maurice-phillips',0),(2388,'Elizabeth Perkins','elizabeth-perkins',0),(2389,' Judge Reinhold','judge-reinhold',0),(2390,'Jean Becker','jean-becker',0),(2391,'Jacques Villeret','jacques-villeret',0),(2392,' Josiane Balasko','josiane-balasko',0),(2393,' André Dussollier','andre-dussollier',0),(2394,' Suzanne Flon','suzanne-flon',0),(2395,'Andrew Davis','andrew-davis',0),(2396,'Michael Douglas','michael-douglas',0),(2397,' Sarita Choudhury. Prod: Arnold Kopelson','sarita-choudhury-prod-arnold-kopelson',0),(2398,' Anne Kopelson','anne-kopelson',0),(2399,' Christopher Mankiewicz','christopher-mankiewicz',0),(2400,' Peter MacGregor-Scott.','peter-macgregor-scott',0),(2401,' Robert Duvall ','robert-duvall',0),(2402,' Rachel Ticotin','rachel-ticotin',0),(2403,'Sandra Gugliota','sandra-gugliota',0),(2404,'Valentina Bassi','valentina-bassi',0),(2405,' Claudio Gallardou','claudio-gallardou',0),(2406,' Fernán Mirás','fernan-miras',0),(2407,' Darío Vittori','dario-vittori',0),(2408,' Damián de Santo','damian-de-santo',0),(2409,' Jesús Berenguer','jesus-berenguer',0),(2410,' Adriano Agrillo','adriano-agrillo',0),(2411,' Gogó Andreu','gogo-andreu',0),(2412,' Lola Berthet','lola-berthet',0),(2413,' Simona Bonucci','simona-bonucci',0),(2414,'Hnos. Marx','hnos-marx',0),(2415,' Maureen O`Sullivan','maureen-osullivan',0),(2416,' Allan Jones','allan-jones',0),(2417,' Sig Ruman','sig-ruman',0),(2418,' Douglas Dumbrille','douglas-dumbrille',0),(2419,'Michael Hoffman','michael-hoffman',0),(2420,' Mae Whitman','mae-whitman',0),(2421,' Jon Robin Baitz','jon-robin-baitz',0),(2422,' Ellen Greene','ellen-greene',0),(2423,' Joe Grifasi','joe-grifasi',0),(2424,' Pete Hamill','pete-hamill',0),(2425,' Anna Maria Horsford','anna-maria-horsford',0),(2426,'Gene Quintano','gene-quintano',0),(2427,'Emilio Estevez','emilio-estevez',0),(2428,' Joaquim Almeida','joaquim-almeida',0),(2429,' Jonathan Banks','jonathan-banks',0),(2430,' Simón Andreu','simon-andreu',0),(2431,'Al Pacino','al-pacino',0),(2432,' Denis Quaid','denis-quaid',0),(2433,' Jamie Foxx','jamie-foxx',0);
/*!40000 ALTER TABLE `MIE` ENABLE KEYS */;
UNLOCK TABLES;

--
-- Table structure for table `MIERole`
--

DROP TABLE IF EXISTS `MIERole`;
/*!40101 SET @saved_cs_client     = @@character_set_client */;
/*!40101 SET character_set_client = utf8 */;
CREATE TABLE `MIERole` (
  `mIERoleId` int(10) unsigned NOT NULL auto_increment,
  `name` varchar(255) NOT NULL default '',
  `slug` varchar(255) NOT NULL default '',
  PRIMARY KEY  (`mIERoleId`)
) ENGINE=MyISAM AUTO_INCREMENT=7 DEFAULT CHARSET=utf8;
/*!40101 SET character_set_client = @saved_cs_client */;

--
-- Dumping data for table `MIERole`
--

LOCK TABLES `MIERole` WRITE;
/*!40000 ALTER TABLE `MIERole` DISABLE KEYS */;
INSERT INTO `MIERole` VALUES (4,'Actor','actor'),(5,'Producer','producer'),(6,'Director','director');
/*!40000 ALTER TABLE `MIERole` ENABLE KEYS */;
UNLOCK TABLES;

--
-- Table structure for table `MIE_Description`
--

DROP TABLE IF EXISTS `MIE_Description`;
/*!40101 SET @saved_cs_client     = @@character_set_client */;
/*!40101 SET character_set_client = utf8 */;
CREATE TABLE `MIE_Description` (
  `mIEId` int(10) unsigned NOT NULL auto_increment,
  `description` text NOT NULL,
  `langISOId` varchar(255) NOT NULL default '',
  `url` varchar(255) default NULL,
  PRIMARY KEY  (`mIEId`,`langISOId`)
) ENGINE=MyISAM DEFAULT CHARSET=utf8;
/*!40101 SET character_set_client = @saved_cs_client */;

--
-- Dumping data for table `MIE_Description`
--

LOCK TABLES `MIE_Description` WRITE;
/*!40000 ALTER TABLE `MIE_Description` DISABLE KEYS */;
/*!40000 ALTER TABLE `MIE_Description` ENABLE KEYS */;
UNLOCK TABLES;

--
-- Table structure for table `SourceHost`
--

DROP TABLE IF EXISTS `SourceHost`;
/*!40101 SET @saved_cs_client     = @@character_set_client */;
/*!40101 SET character_set_client = utf8 */;
CREATE TABLE `SourceHost` (
  `sourceHostId` int(10) unsigned NOT NULL auto_increment,
  `host` varchar(255) NOT NULL default '',
  PRIMARY KEY  (`sourceHostId`)
) ENGINE=MyISAM AUTO_INCREMENT=14 DEFAULT CHARSET=utf8;
/*!40101 SET character_set_client = @saved_cs_client */;

--
-- Dumping data for table `SourceHost`
--

LOCK TABLES `SourceHost` WRITE;
/*!40000 ALTER TABLE `SourceHost` DISABLE KEYS */;
INSERT INTO `SourceHost` VALUES (4,'megaupload.com'),(5,'depositfiles.com'),(6,'free.fr'),(7,'gigaup.fr'),(8,'hotfile.com'),(9,'miroriii.com'),(10,'rapidshare.com'),(11,'Db.to'),(12,'terafiles.net'),(13,'uploading.com');
/*!40000 ALTER TABLE `SourceHost` ENABLE KEYS */;
UNLOCK TABLES;

--
-- Table structure for table `SourceQuality`
--

DROP TABLE IF EXISTS `SourceQuality`;
/*!40101 SET @saved_cs_client     = @@character_set_client */;
/*!40101 SET character_set_client = utf8 */;
CREATE TABLE `SourceQuality` (
  `sourceQualityId` int(10) unsigned NOT NULL auto_increment,
  `name` varchar(255) NOT NULL default '',
  PRIMARY KEY  (`sourceQualityId`)
) ENGINE=MyISAM AUTO_INCREMENT=4 DEFAULT CHARSET=utf8;
/*!40101 SET character_set_client = @saved_cs_client */;

--
-- Dumping data for table `SourceQuality`
--

LOCK TABLES `SourceQuality` WRITE;
/*!40000 ALTER TABLE `SourceQuality` DISABLE KEYS */;
/*!40000 ALTER TABLE `SourceQuality` ENABLE KEYS */;
UNLOCK TABLES;

--
-- Table structure for table `SourceType`
--

DROP TABLE IF EXISTS `SourceType`;
/*!40101 SET @saved_cs_client     = @@character_set_client */;
/*!40101 SET character_set_client = utf8 */;
CREATE TABLE `SourceType` (
  `sourceTypeId` int(10) unsigned NOT NULL auto_increment,
  `name` varchar(255) NOT NULL default '',
  `registrationRequired` int(10) NOT NULL default '0',
  `costFree` int(10) NOT NULL default '1',
  PRIMARY KEY  (`sourceTypeId`)
) ENGINE=MyISAM AUTO_INCREMENT=4 DEFAULT CHARSET=utf8;
/*!40101 SET character_set_client = @saved_cs_client */;

--
-- Dumping data for table `SourceType`
--

LOCK TABLES `SourceType` WRITE;
/*!40000 ALTER TABLE `SourceType` DISABLE KEYS */;
/*!40000 ALTER TABLE `SourceType` ENABLE KEYS */;
UNLOCK TABLES;

--
-- Table structure for table `SourceValidator`
--

DROP TABLE IF EXISTS `SourceValidator`;
/*!40101 SET @saved_cs_client     = @@character_set_client */;
/*!40101 SET character_set_client = utf8 */;
CREATE TABLE `SourceValidator` (
  `sourceHostId` int(10) unsigned NOT NULL default '0',
  `regex` varchar(255) NOT NULL default '',
  PRIMARY KEY  (`sourceHostId`)
) ENGINE=MyISAM AUTO_INCREMENT=4 DEFAULT CHARSET=utf8;
/*!40101 SET character_set_client = @saved_cs_client */;

--
-- Dumping data for table `SourceValidator`
--

LOCK TABLES `SourceValidator` WRITE;
/*!40000 ALTER TABLE `SourceValidator` DISABLE KEYS */;
/*!40000 ALTER TABLE `SourceValidator` ENABLE KEYS */;
UNLOCK TABLES;

--
-- Table structure for table `VideoEntity`
--

DROP TABLE IF EXISTS `VideoEntity`;
/*!40101 SET @saved_cs_client     = @@character_set_client */;
/*!40101 SET character_set_client = utf8 */;
CREATE TABLE `VideoEntity` (
  `videoEntityId` int(10) unsigned NOT NULL auto_increment,
  `vETitleId` int(10) unsigned NOT NULL default '0',
  `vESharedInfoId` int(10) unsigned NOT NULL default '0',
  `langId` int(10) unsigned NOT NULL default '0',
  PRIMARY KEY  (`videoEntityId`)
) ENGINE=MyISAM AUTO_INCREMENT=337 DEFAULT CHARSET=utf8;
/*!40101 SET character_set_client = @saved_cs_client */;

--
-- Dumping data for table `VideoEntity`
--

LOCK TABLES `VideoEntity` WRITE;
/*!40000 ALTER TABLE `VideoEntity` DISABLE KEYS */;
INSERT INTO `VideoEntity` VALUES (4,5,4,29),(5,6,5,29),(6,8,6,29),(7,10,7,29),(8,12,8,29),(9,13,9,29),(10,14,10,29),(11,15,11,29),(12,17,12,29),(13,18,13,29),(14,20,14,29),(15,21,15,29),(16,22,16,31),(17,23,17,57),(18,25,18,29),(19,27,19,29),(20,29,20,29),(21,31,21,29),(22,33,22,29),(23,34,23,31),(24,36,24,29),(25,37,25,29),(26,39,26,29),(27,41,27,29),(28,42,28,21),(29,44,29,57),(30,45,30,38),(31,48,32,38),(32,52,34,29),(33,54,35,29),(34,56,36,29),(35,57,37,38),(36,59,38,29),(37,60,39,29),(38,61,40,29),(39,63,41,29),(40,65,42,29),(41,67,43,29),(42,68,44,21),(43,70,45,21),(44,72,46,29),(45,75,48,29),(46,77,49,29),(47,78,50,29),(48,80,51,29),(49,81,52,29),(50,83,53,29),(51,85,54,29),(52,87,55,29),(53,89,56,29),(54,90,57,21),(55,92,58,29),(56,94,59,29),(57,96,60,29),(58,98,61,26),(59,100,62,29),(60,102,63,26),(61,103,64,21),(62,105,65,29),(63,107,66,29),(64,109,67,29),(65,110,39,29),(66,112,68,29),(67,116,70,29),(68,118,71,29),(69,120,72,29),(70,122,73,29),(71,123,74,29),(72,124,75,29),(73,126,76,29),(74,128,77,29),(75,129,78,29),(76,131,79,29),(77,132,80,21),(78,134,81,29),(79,136,82,29),(80,137,83,29),(81,139,84,29),(82,140,85,29),(83,142,86,29),(84,144,87,29),(85,146,88,29),(86,148,89,38),(87,149,90,29),(88,151,91,29),(89,153,92,29),(90,155,93,29),(91,156,94,21),(92,158,95,29),(93,160,96,29),(94,164,98,29),(95,166,99,29),(96,168,100,29),(97,170,101,29),(98,172,102,29),(99,173,103,38),(100,174,104,21),(101,176,105,29),(102,178,106,29),(103,180,107,29),(104,182,108,29),(105,184,109,29),(106,186,110,29),(107,188,111,29),(108,191,113,29),(109,193,114,29),(110,195,115,29),(111,197,116,29),(112,198,117,29),(113,200,118,38),(114,202,119,29),(115,204,120,29),(116,205,121,29),(117,207,122,57),(118,209,123,29),(119,211,124,29),(120,215,126,29),(121,219,128,29),(122,223,130,29),(123,224,131,29),(124,225,132,21),(125,226,133,29),(126,229,134,29),(127,238,136,29),(128,240,138,21),(129,241,139,21),(130,242,140,21),(131,243,141,29),(132,244,142,21),(133,247,144,29),(134,249,145,29),(135,250,146,38),(136,251,147,21),(137,253,148,29),(138,255,149,29),(139,257,150,29),(140,258,151,21),(141,260,152,57),(142,262,153,29),(143,264,154,29),(144,266,155,29),(145,267,156,29),(146,268,157,21),(147,269,158,29),(148,271,159,29),(149,274,161,29),(150,275,162,21),(151,276,163,29),(152,278,165,29),(153,280,166,29),(154,281,167,29),(155,282,168,29),(156,284,169,29),(157,286,170,38),(158,287,171,29),(159,288,172,38),(160,289,173,29),(161,291,174,29),(162,292,175,29),(163,293,176,29),(164,294,177,29),(165,295,178,29),(166,296,179,29),(167,297,180,29),(168,298,181,29),(169,299,182,29),(170,300,183,29),(171,301,184,21),(172,303,185,29),(173,305,186,29),(174,307,187,29),(175,309,188,29),(176,311,189,29),(177,313,190,29),(178,314,191,38),(179,316,192,29),(180,318,193,29),(181,319,194,21),(182,320,195,21),(183,322,196,29),(184,324,197,29),(185,326,198,29),(186,328,199,29),(187,330,200,38),(188,331,201,31),(189,332,202,38),(190,334,203,29),(191,336,204,29),(192,338,205,29),(193,340,206,29),(194,341,207,38),(195,342,208,38),(196,343,209,29),(197,344,210,29),(198,345,211,21),(199,347,212,29),(200,348,213,21),(201,350,214,29),(202,352,215,38),(203,354,216,29),(204,356,217,29),(205,357,218,29),(206,359,219,29),(207,360,220,29),(208,362,221,29),(209,364,222,29),(210,366,223,38),(211,368,224,38),(212,370,225,29),(213,372,226,29),(214,374,227,29),(215,376,228,38),(216,378,229,29),(217,380,230,29),(218,382,231,29),(219,383,232,29),(220,385,233,29),(221,386,234,21),(222,387,235,21),(223,388,236,29),(224,390,237,29),(225,392,238,29),(226,394,239,29),(227,396,240,29),(228,398,241,29),(229,399,242,29),(230,400,243,21),(231,401,244,38),(232,403,245,29),(233,405,246,29),(234,407,247,29),(235,409,248,38),(236,410,249,38),(237,411,250,21),(238,413,251,29),(239,415,252,38),(240,416,253,21),(241,417,254,29),(242,419,255,29),(243,421,256,29),(244,423,257,29),(245,425,258,29),(246,426,259,21),(247,428,260,29),(248,430,261,29),(249,432,262,29),(250,434,263,29),(251,438,265,29),(252,440,267,29),(253,442,268,29),(254,444,269,38),(255,446,270,29),(256,448,271,29),(257,449,272,21),(258,451,273,29),(259,453,274,29),(260,455,275,29),(261,457,276,29),(262,459,277,29),(263,461,278,29),(264,463,279,29),(265,464,280,31),(266,466,281,29),(267,468,282,29),(268,470,283,29),(269,471,284,21),(270,472,285,21),(271,473,286,21),(272,474,287,29),(273,477,288,26),(274,478,289,29),(275,480,290,29),(276,482,291,29),(277,484,292,29),(278,486,293,38),(279,487,294,26),(280,489,295,29),(281,490,296,21),(282,492,297,29),(283,494,298,29),(284,496,299,29),(285,498,300,29),(286,499,301,29),(287,501,302,29),(288,503,303,29),(289,505,304,29),(290,507,305,29),(291,509,306,29),(292,511,307,29),(293,515,309,29),(294,517,310,29),(295,519,311,29),(296,521,312,29),(297,522,313,21),(298,524,314,29),(299,526,315,29),(300,532,318,26),(301,534,319,38),(302,536,320,57),(303,538,321,29),(304,540,322,29),(305,542,323,29),(306,548,326,29),(307,551,328,38),(308,553,329,29),(309,555,330,29),(310,556,331,38),(311,558,332,29),(312,560,333,38),(313,561,334,21),(314,563,335,29),(315,569,338,29),(316,570,339,21),(317,572,340,29),(318,574,341,38),(319,576,342,29),(320,578,343,29),(321,580,344,29),(322,582,345,29),(323,584,346,29),(324,585,347,31),(325,587,348,29),(326,589,349,29),(327,590,350,21),(328,592,351,29),(329,594,352,38),(330,596,353,29),(331,598,354,29),(332,599,355,21),(333,601,356,29),(334,603,357,29),(335,604,358,29),(336,606,359,29);
/*!40000 ALTER TABLE `VideoEntity` ENABLE KEYS */;
UNLOCK TABLES;

--
-- Table structure for table `VideoEntity_SharedInfo`
--

DROP TABLE IF EXISTS `VideoEntity_SharedInfo`;
/*!40101 SET @saved_cs_client     = @@character_set_client */;
/*!40101 SET character_set_client = utf8 */;
CREATE TABLE `VideoEntity_SharedInfo` (
  `vESharedInfoId` int(10) unsigned NOT NULL auto_increment,
  `date` varchar(255) NOT NULL default '',
  `countryId` int(10) NOT NULL default '0',
  `timeLengthHHMMSS` int(10) NOT NULL default '0',
  `originalTitleId` varchar(255) NOT NULL default '',
  PRIMARY KEY  (`vESharedInfoId`)
) ENGINE=MyISAM AUTO_INCREMENT=360 DEFAULT CHARSET=utf8;
/*!40101 SET character_set_client = @saved_cs_client */;

--
-- Dumping data for table `VideoEntity_SharedInfo`
--

LOCK TABLES `VideoEntity_SharedInfo` WRITE;
/*!40000 ALTER TABLE `VideoEntity_SharedInfo` DISABLE KEYS */;
INSERT INTO `VideoEntity_SharedInfo` VALUES (4,'2007',6,0,'4'),(5,'2007',6,0,'6'),(6,'2005',6,0,'7'),(7,'2007',12,0,'9'),(8,'2007',6,0,'11'),(9,'2007',6,0,'13'),(10,'2007',6,0,'14'),(11,'2007',6,0,'15'),(12,'2007',6,0,'16'),(13,'2007',12,0,'18'),(14,'2007',12,0,'19'),(15,'2007',6,0,'21'),(16,'2006',13,0,'22'),(17,'2007',16,0,'23'),(18,'2007',6,0,'24'),(19,'2007',6,0,'26'),(20,'2007',6,0,'28'),(21,'2007',6,0,'30'),(22,'2007',7,0,'32'),(23,'2007',13,0,'34'),(24,'2007',6,0,'35'),(25,'2007',6,0,'37'),(26,'2006',6,0,'38'),(27,'2006',6,0,'40'),(28,'2007',15,0,'42'),(29,'2007',16,0,'43'),(30,'2007',4,0,'45'),(31,'2006',200,0,'46'),(32,'2007',4,0,'47'),(33,'2005',201,0,'49'),(34,'2007',6,0,'51'),(35,'2007',6,0,'53'),(36,'2007',6,0,'55'),(37,'2007',4,0,'57'),(38,'2006',12,0,'58'),(39,'2008',6,0,'60'),(40,'2008',6,0,'61'),(41,'2008',6,0,'62'),(42,'2008',6,0,'64'),(43,'2008',6,0,'66'),(44,'2008',15,0,'68'),(45,'2008',15,0,'69'),(46,'2008',6,0,'71'),(47,'2008',202,0,'73'),(48,'2008',6,0,'74'),(49,'2008',6,0,'76'),(50,'2008',6,0,'78'),(51,'2007',6,0,'79'),(52,'2008',6,0,'81'),(53,'2008',6,0,'82'),(54,'2007',6,0,'84'),(55,'2006',6,0,'86'),(56,'2007',6,0,'88'),(57,'2008',15,0,'90'),(58,'2006',6,0,'91'),(59,'2007',6,0,'93'),(60,'2008',6,0,'95'),(61,'2007',9,0,'97'),(62,'2008',6,0,'99'),(63,'2007',8,0,'101'),(64,'2008',15,0,'103'),(65,'2007',12,0,'104'),(66,'2007',12,0,'106'),(67,'2008',6,0,'108'),(68,'2007',7,0,'111'),(69,'2005',203,0,'113'),(70,'2007',6,0,'115'),(71,'2007',6,0,'117'),(72,'2008',6,0,'119'),(73,'2008',6,0,'121'),(74,'2008',6,0,'123'),(75,'2008',6,0,'124'),(76,'2008',6,0,'125'),(77,'2008',6,0,'127'),(78,'2008',6,0,'129'),(79,'2008',6,0,'130'),(80,'2008',15,0,'132'),(81,'2008',6,0,'133'),(82,'2007',6,0,'135'),(83,'2007',6,0,'137'),(84,'1966',6,0,'138'),(85,'1950',6,0,'140'),(86,'1942',6,0,'141'),(87,'2000',6,0,'143'),(88,'1995',6,0,'145'),(89,'2002',4,0,'147'),(90,'1998',6,0,'149'),(91,'1963',6,0,'150'),(92,'1998',6,0,'152'),(93,'2002',6,0,'154'),(94,'1996',15,0,'156'),(95,'1990',6,0,'157'),(96,'1962',6,0,'159'),(97,'1935',204,0,'161'),(98,'2003',6,0,'163'),(99,'1998',6,0,'165'),(100,'1954',6,0,'167'),(101,'1968',12,0,'169'),(102,'1996',6,0,'171'),(103,'2002',4,0,'173'),(104,'1986',15,0,'174'),(105,'2000',6,0,'175'),(106,'2002',6,0,'177'),(107,'1983',6,0,'179'),(108,'1999',6,0,'181'),(109,'1979',6,0,'183'),(110,'1961',6,0,'185'),(111,'1996',6,0,'187'),(112,'2000',201,0,'189'),(113,'2000',6,0,'190'),(114,'1957',6,0,'192'),(115,'1995',6,0,'194'),(116,'2001',6,0,'196'),(117,'1947',6,0,'198'),(118,'1992',4,0,'199'),(119,'2000',6,0,'201'),(120,'1984',6,0,'203'),(121,'1979',6,0,'205'),(122,'1983',16,0,'206'),(123,'1981',6,0,'208'),(124,'1957',6,0,'210'),(125,'1987',204,0,'212'),(126,'2000',6,0,'214'),(127,'2000',204,0,'216'),(128,'1989',6,0,'218'),(129,'1963',204,0,'220'),(130,'2002',6,0,'222'),(131,'1978',6,0,'224'),(132,'1999',15,0,'225'),(133,'1983',6,0,'226'),(134,'2001',6,0,'229'),(135,'2001',205,0,'233'),(136,'2000',6,0,'237'),(137,'1961',206,0,'239'),(138,'1964',15,0,'240'),(139,'2000',15,0,'241'),(140,'2000',15,0,'242'),(141,'2000',6,0,'243'),(142,'2000',15,0,'244'),(143,'2000',207,0,'245'),(144,'1998',6,0,'246'),(145,'1975',6,0,'248'),(146,'2001',4,0,'250'),(147,'1998',15,0,'251'),(148,'1943',6,0,'252'),(149,'1953',6,0,'254'),(150,'1996',6,0,'256'),(151,'1980',15,0,'258'),(152,'1967',16,0,'259'),(153,'2001',6,0,'261'),(154,'1970',6,0,'263'),(155,'1991',6,0,'265'),(156,'1995',6,0,'267'),(157,'2002',15,0,'268'),(158,'2000',6,0,'269'),(159,'2003',6,0,'270'),(160,'1998',208,0,'272'),(161,'2002',6,0,'274'),(162,'1996',15,0,'275'),(163,'2000',6,0,'276'),(164,'1999',204,0,'277'),(165,'1995',6,0,'278'),(166,'1997',6,0,'279'),(167,'2001',6,0,'281'),(168,'1987',6,0,'282'),(169,'1996',12,0,'283'),(170,'2001',4,0,'285'),(171,'1997',6,0,'287'),(172,'1998',4,0,'288'),(173,'1961',6,0,'289'),(174,'1999',6,0,'290'),(175,'1955',6,0,'292'),(176,'1995',6,0,'293'),(177,'1997',6,0,'294'),(178,'1999',6,0,'295'),(179,'2003',6,0,'296'),(180,'1988',6,0,'297'),(181,'2002',6,0,'298'),(182,'1998',6,0,'299'),(183,'1998',6,0,'300'),(184,'1988',15,0,'301'),(185,'1938',6,0,'302'),(186,'1992',6,0,'304'),(187,'1999',6,0,'306'),(188,'1938',6,0,'308'),(189,'1996',6,0,'310'),(190,'1994',6,0,'312'),(191,'1999',4,0,'314'),(192,'1994',6,0,'315'),(193,'1985',6,0,'317'),(194,'1982',15,0,'319'),(195,'2002',15,0,'320'),(196,'1950',6,0,'321'),(197,'1953',6,0,'323'),(198,'1995',6,0,'325'),(199,'1952',6,0,'327'),(200,'2000',4,0,'329'),(201,'2001',13,0,'331'),(202,'2001',4,0,'332'),(203,'1980',6,0,'333'),(204,'1986',6,0,'335'),(205,'1993',6,0,'337'),(206,'1985',6,0,'339'),(207,'1998',4,0,'341'),(208,'1952',4,0,'342'),(209,'1995',6,0,'343'),(210,'1990',6,0,'344'),(211,'2001',15,0,'345'),(212,'1998',6,0,'346'),(213,'2002',15,0,'348'),(214,'1980',6,0,'349'),(215,'1999',4,0,'351'),(216,'1954',6,0,'353'),(217,'1998',6,0,'355'),(218,'2003',6,0,'357'),(219,'1958',6,0,'358'),(220,'1998',6,0,'360'),(221,'2000',6,0,'361'),(222,'1980',6,0,'363'),(223,'2001',4,0,'365'),(224,'1997',4,0,'367'),(225,'1966',6,0,'369'),(226,'1993',6,0,'371'),(227,'1989',6,0,'373'),(228,'1995',4,0,'375'),(229,'1957',6,0,'377'),(230,'2001',6,0,'379'),(231,'1993',6,0,'381'),(232,'1997',6,0,'383'),(233,'1953',6,0,'384'),(234,'1992',15,0,'386'),(235,'2002',15,0,'387'),(236,'1989',6,0,'388'),(237,'1998',6,0,'389'),(238,'2002',6,0,'391'),(239,'1999',6,0,'393'),(240,'2002',6,0,'395'),(241,'1994',6,0,'397'),(242,'2001',6,0,'399'),(243,'1971',15,0,'400'),(244,'2001',4,0,'401'),(245,'1995',6,0,'402'),(246,'1998',6,0,'404'),(247,'1961',6,0,'406'),(248,'1946',4,0,'408'),(249,'2000',4,0,'410'),(250,'2003',15,0,'411'),(251,'1999',6,0,'412'),(252,'1991',4,0,'414'),(253,'2003',15,0,'416'),(254,'2000',6,0,'417'),(255,'1997',6,0,'418'),(256,'1991',6,0,'420'),(257,'2001',6,0,'422'),(258,'2003',6,0,'424'),(259,'1988',15,0,'426'),(260,'1997',6,0,'427'),(261,'1943',6,0,'429'),(262,'1999',6,0,'431'),(263,'1964',6,0,'433'),(264,'1993',204,0,'435'),(265,'1995',6,0,'437'),(266,'1999',209,0,'439'),(267,'2003',6,0,'440'),(268,'1985',6,0,'441'),(269,'1998',4,0,'443'),(270,'1990',6,0,'445'),(271,'1961',6,0,'447'),(272,'1979',15,0,'449'),(273,'1935',6,0,'450'),(274,'1974',6,0,'452'),(275,'2001',6,0,'454'),(276,'1978',6,0,'456'),(277,'1944',6,0,'458'),(278,'1933',6,0,'460'),(279,'1993',6,0,'462'),(280,'2000',13,0,'464'),(281,'1935',6,0,'465'),(282,'2002',6,0,'467'),(283,'2002',6,0,'469'),(284,'1997',15,0,'471'),(285,'1996',15,0,'472'),(286,'2002',15,0,'473'),(287,'1993',6,0,'475'),(288,'2000',9,0,'476'),(289,'1995',6,0,'478'),(290,'2000',6,0,'479'),(291,'2002',12,0,'481'),(292,'1957',6,0,'483'),(293,'2002',4,0,'485'),(294,'1963',9,0,'487'),(295,'1989',6,0,'488'),(296,'1973',15,0,'490'),(297,'1989',6,0,'491'),(298,'1993',6,0,'493'),(299,'1997',6,0,'495'),(300,'1995',6,0,'497'),(301,'2003',6,0,'499'),(302,'1988',6,0,'500'),(303,'1999',6,0,'502'),(304,'1998',6,0,'504'),(305,'1994',6,0,'506'),(306,'1997',6,0,'508'),(307,'1977',6,0,'510'),(308,'1988',204,0,'512'),(309,'1997',6,0,'514'),(310,'1998',6,0,'516'),(311,'2000',6,0,'518'),(312,'1988',6,0,'520'),(313,'1972',15,0,'522'),(314,'2003',6,0,'523'),(315,'1997',6,0,'525'),(316,'1952',209,0,'527'),(317,'1998',210,0,'529'),(318,'1956',8,0,'531'),(319,'2002',4,0,'533'),(320,'1959',16,0,'535'),(321,'1999',6,0,'537'),(322,'1995',6,0,'539'),(323,'1998',6,0,'541'),(324,'1988',211,0,'543'),(325,'2002',212,0,'545'),(326,'1993',6,0,'547'),(327,'2002',204,0,'549'),(328,'2002',4,0,'551'),(329,'2001',6,0,'552'),(330,'1999',6,0,'554'),(331,'1992',4,0,'556'),(332,'1995',6,0,'557'),(333,'1979',4,0,'559'),(334,'2001',15,0,'561'),(335,'1993',6,0,'562'),(336,'1996',204,0,'564'),(337,'2001',213,0,'566'),(338,'1970',6,0,'568'),(339,'1978',15,0,'570'),(340,'1997',6,0,'571'),(341,'2002',4,0,'573'),(342,'1997',6,0,'575'),(343,'1992',6,0,'577'),(344,'1973',6,0,'579'),(345,'1997',6,0,'581'),(346,'1996',6,0,'583'),(347,'1992',13,0,'585'),(348,'1988',6,0,'586'),(349,'1999',6,0,'588'),(350,'1954',15,0,'590'),(351,'1990',6,0,'591'),(352,'2000',4,0,'593'),(353,'1998',6,0,'595'),(354,'1993',6,0,'597'),(355,'2003',15,0,'599'),(356,'1937',6,0,'600'),(357,'1996',6,0,'602'),(358,'1999',6,0,'604'),(359,'1999',6,0,'605');
/*!40000 ALTER TABLE `VideoEntity_SharedInfo` ENABLE KEYS */;
UNLOCK TABLES;

--
-- Table structure for table `VideoEntity_SharedInfo_Participant`
--

DROP TABLE IF EXISTS `VideoEntity_SharedInfo_Participant`;
/*!40101 SET @saved_cs_client     = @@character_set_client */;
/*!40101 SET character_set_client = utf8 */;
CREATE TABLE `VideoEntity_SharedInfo_Participant` (
  `participantId` int(10) unsigned NOT NULL auto_increment,
  `vESharedInfoId` int(10) unsigned NOT NULL default '0',
  `mIEId` int(10) unsigned NOT NULL default '0',
  `mIERoleId` int(10) unsigned NOT NULL default '0',
  PRIMARY KEY  (`participantId`)
) ENGINE=MyISAM AUTO_INCREMENT=2777 DEFAULT CHARSET=utf8;
/*!40101 SET character_set_client = @saved_cs_client */;

--
-- Dumping data for table `VideoEntity_SharedInfo_Participant`
--

LOCK TABLES `VideoEntity_SharedInfo_Participant` WRITE;
/*!40000 ALTER TABLE `VideoEntity_SharedInfo_Participant` DISABLE KEYS */;
INSERT INTO `VideoEntity_SharedInfo_Participant` VALUES (4,4,4,6),(5,4,5,4),(6,4,6,4),(7,4,7,4),(8,4,8,4),(9,4,9,5),(10,5,10,6),(11,5,11,4),(12,5,12,4),(13,5,13,4),(14,5,14,4),(15,5,15,4),(16,5,16,4),(17,5,17,4),(18,5,18,4),(19,5,19,5),(20,6,20,6),(21,6,21,4),(22,6,22,4),(23,6,23,4),(24,6,24,4),(25,6,25,4),(26,6,26,4),(27,6,27,4),(28,6,28,4),(29,6,29,4),(30,6,30,4),(31,6,31,4),(32,6,32,4),(33,6,33,4),(34,6,34,4),(35,6,35,5),(36,7,36,6),(37,7,37,4),(38,7,38,4),(39,7,39,4),(40,7,40,4),(41,7,41,4),(42,7,42,4),(43,7,43,4),(44,7,44,4),(45,7,45,4),(46,7,46,5),(47,8,47,6),(48,8,48,4),(49,8,49,4),(50,8,50,4),(51,8,51,4),(52,8,52,4),(53,8,53,4),(54,8,54,4),(55,8,55,4),(56,8,56,5),(57,9,57,6),(58,9,58,4),(59,9,59,4),(60,9,60,4),(61,9,61,4),(62,9,62,4),(63,9,63,4),(64,9,64,4),(65,9,65,5),(66,10,66,6),(67,10,67,6),(68,10,58,4),(69,10,68,4),(70,10,69,4),(71,10,70,4),(72,10,71,5),(73,11,72,6),(74,11,48,4),(75,11,73,4),(76,11,74,4),(77,11,75,4),(78,11,76,4),(79,11,77,5),(80,12,78,6),(81,12,79,4),(82,12,80,4),(83,12,81,4),(84,12,82,4),(85,12,83,4),(86,12,84,4),(87,12,85,4),(88,12,86,5),(89,13,87,6),(90,13,88,4),(91,13,89,4),(92,13,90,4),(93,13,91,4),(94,13,92,4),(95,13,93,4),(96,13,94,4),(97,13,95,4),(98,13,96,4),(99,13,97,4),(100,13,98,5),(101,14,99,6),(102,14,100,4),(103,14,101,4),(104,14,102,4),(105,14,103,4),(106,14,104,4),(107,14,105,4),(108,14,106,4),(109,14,107,4),(110,14,108,4),(111,14,109,4),(112,14,110,4),(113,14,111,4),(114,14,112,4),(115,14,113,4),(116,14,114,5),(117,15,115,6),(118,15,116,4),(119,15,117,4),(120,15,118,4),(121,15,119,4),(122,15,120,4),(123,15,121,4),(124,15,122,4),(125,15,123,4),(126,15,124,4),(127,15,125,4),(128,15,126,5),(129,16,127,6),(130,16,128,4),(131,16,129,4),(132,16,130,4),(133,16,131,4),(134,16,132,4),(135,16,133,4),(136,16,134,5),(137,17,135,6),(138,17,136,6),(139,17,137,6),(140,17,138,6),(141,17,139,6),(142,17,140,6),(143,17,141,6),(144,17,142,6),(145,17,143,4),(146,17,144,4),(147,17,145,4),(148,17,5,4),(149,17,146,4),(150,17,147,5),(151,18,148,6),(152,18,149,4),(153,18,150,4),(154,18,151,4),(155,18,152,4),(156,18,153,4),(157,18,154,4),(158,18,155,4),(159,18,156,4),(160,18,157,4),(161,18,158,4),(162,18,159,5),(163,19,160,6),(164,19,161,4),(165,19,162,4),(166,19,163,4),(167,19,164,4),(168,19,165,4),(169,19,166,5),(170,20,167,6),(171,20,168,4),(172,20,169,4),(173,20,170,4),(174,20,171,4),(175,20,172,4),(176,20,173,4),(177,20,174,4),(178,20,175,4),(179,20,176,4),(180,20,177,4),(181,20,178,5),(182,21,179,6),(183,21,180,4),(184,21,181,4),(185,21,182,4),(186,21,183,4),(187,21,184,4),(188,21,185,5),(189,22,186,6),(190,22,187,4),(191,22,188,4),(192,22,189,4),(193,22,190,4),(194,22,191,4),(195,22,192,4),(196,22,193,5),(197,23,194,6),(198,23,195,4),(199,23,196,5),(200,24,197,6),(201,24,198,4),(202,24,199,4),(203,24,200,4),(204,24,201,4),(205,24,202,4),(206,24,203,4),(207,24,204,4),(208,24,205,4),(209,24,206,4),(210,24,207,4),(211,24,208,4),(212,24,209,5),(213,25,140,6),(214,25,210,4),(215,25,211,4),(216,25,212,4),(217,25,213,4),(218,25,214,4),(219,25,215,4),(220,25,216,4),(221,25,217,4),(222,25,218,4),(223,25,219,4),(224,25,220,4),(225,25,221,4),(226,25,222,4),(227,25,223,4),(228,25,224,5),(229,26,225,6),(230,26,226,4),(231,26,227,4),(232,26,228,4),(233,26,229,4),(234,26,230,4),(235,26,182,4),(236,26,231,4),(237,26,232,4),(238,26,233,4),(239,26,234,4),(240,26,235,4),(241,26,236,5),(242,27,237,6),(243,27,238,4),(244,27,239,4),(245,27,240,4),(246,27,241,4),(247,27,242,4),(248,27,243,4),(249,27,244,4),(250,27,245,4),(251,27,77,5),(252,28,246,6),(253,28,247,4),(254,28,248,4),(255,28,249,4),(256,28,250,4),(257,28,251,4),(258,28,252,4),(259,28,253,4),(260,28,254,4),(261,28,255,4),(262,28,256,4),(263,28,257,4),(264,28,258,4),(265,28,259,5),(266,29,260,6),(267,29,261,6),(268,29,262,4),(269,29,61,4),(270,29,263,4),(271,29,264,4),(272,29,265,4),(273,29,266,4),(274,29,267,4),(275,29,268,4),(276,29,269,4),(277,29,270,4),(278,29,271,4),(279,29,272,4),(280,29,273,5),(281,30,274,6),(282,30,275,4),(283,30,276,4),(284,30,277,4),(285,30,278,4),(286,30,279,4),(287,30,280,4),(288,30,281,4),(289,30,282,5),(290,31,283,6),(291,31,284,4),(292,31,285,4),(293,31,286,4),(294,31,287,4),(295,31,288,4),(296,31,289,4),(297,31,290,4),(298,31,291,5),(299,32,292,6),(300,32,293,4),(301,32,294,4),(302,32,295,4),(303,32,296,4),(304,32,297,4),(305,32,298,4),(306,32,299,4),(307,32,300,4),(308,32,301,4),(309,32,302,5),(310,33,303,6),(311,33,304,4),(312,33,305,4),(313,33,306,4),(314,33,307,4),(315,33,308,4),(316,33,309,4),(317,33,310,4),(318,33,311,4),(319,33,312,4),(320,33,313,4),(321,33,314,4),(322,33,315,5),(323,34,316,6),(324,34,317,4),(325,34,318,4),(326,34,319,4),(327,34,320,4),(328,34,321,4),(329,34,322,4),(330,34,323,4),(331,34,324,4),(332,34,325,4),(333,34,326,4),(334,34,236,5),(335,35,327,6),(336,35,328,4),(337,35,329,4),(338,35,330,4),(339,35,331,4),(340,35,332,4),(341,35,333,4),(342,35,334,4),(343,35,335,4),(344,35,336,4),(345,35,337,5),(346,36,338,6),(347,36,339,4),(348,36,340,4),(349,36,233,4),(350,36,18,4),(351,36,341,4),(352,36,342,4),(353,36,343,4),(354,36,344,4),(355,36,345,5),(356,37,346,6),(357,37,347,4),(358,37,348,4),(359,37,349,4),(360,37,350,4),(361,37,351,4),(362,37,352,4),(363,37,353,5),(364,38,354,6),(365,38,355,4),(366,38,356,4),(367,38,357,4),(368,38,358,4),(369,38,359,4),(370,38,360,4),(371,38,361,5),(372,39,362,6),(373,39,363,4),(374,39,364,4),(375,39,365,4),(376,39,366,4),(377,39,367,4),(378,39,368,4),(379,39,369,4),(380,39,370,4),(381,39,371,4),(382,39,166,5),(383,40,372,6),(384,40,373,4),(385,40,374,5),(386,41,375,6),(387,41,376,4),(388,41,377,4),(389,41,378,4),(390,41,379,4),(391,41,380,4),(392,41,381,4),(393,41,382,4),(394,41,383,4),(395,41,384,4),(396,41,166,5),(397,42,385,6),(398,42,385,4),(399,42,386,4),(400,42,387,4),(401,42,388,4),(402,42,389,4),(403,42,390,4),(404,42,391,4),(405,42,392,4),(406,42,393,4),(407,42,394,5),(408,43,395,6),(409,43,396,4),(410,43,397,4),(411,43,398,4),(412,43,399,4),(413,43,400,4),(414,43,401,4),(415,43,402,4),(416,43,403,4),(417,43,404,5),(418,44,405,6),(419,44,406,4),(420,44,407,4),(421,44,408,4),(422,44,409,4),(423,44,410,4),(424,44,411,4),(425,44,412,4),(426,44,413,4),(427,44,414,5),(428,45,415,6),(429,45,416,4),(430,45,417,4),(431,45,418,4),(432,45,419,4),(433,45,420,4),(434,45,421,4),(435,45,422,4),(436,45,423,4),(437,45,424,4),(438,45,425,4),(439,45,426,5),(440,46,427,6),(441,46,428,4),(442,46,429,4),(443,46,430,4),(444,46,431,4),(445,46,34,4),(446,46,432,5),(447,47,433,6),(448,47,433,4),(449,47,434,4),(450,47,435,4),(451,47,436,4),(452,47,437,4),(453,47,438,4),(454,47,439,4),(455,47,440,4),(456,47,441,4),(457,47,442,4),(458,47,443,4),(459,47,444,5),(460,48,445,6),(461,48,446,6),(462,48,447,4),(463,48,448,4),(464,48,49,4),(465,48,449,5),(466,49,450,6),(467,49,451,4),(468,49,452,4),(469,49,453,4),(470,49,454,4),(471,49,455,4),(472,49,456,4),(473,49,457,5),(474,50,458,6),(475,50,459,4),(476,50,460,4),(477,50,461,4),(478,50,462,4),(479,50,463,4),(480,50,464,4),(481,50,465,4),(482,50,466,5),(483,51,467,6),(484,51,468,4),(485,51,469,4),(486,51,470,4),(487,51,471,4),(488,51,472,4),(489,51,473,5),(490,52,474,6),(491,52,475,4),(492,52,73,4),(493,52,476,4),(494,52,477,4),(495,52,478,4),(496,52,479,4),(497,52,480,4),(498,52,481,4),(499,52,482,4),(500,52,483,4),(501,52,484,5),(502,53,485,6),(503,53,486,4),(504,53,487,4),(505,53,488,4),(506,53,489,4),(507,53,490,4),(508,53,491,4),(509,53,492,4),(510,53,493,4),(511,53,166,5),(512,54,494,6),(513,54,495,4),(514,54,496,4),(515,54,497,4),(516,54,498,4),(517,54,499,4),(518,54,500,4),(519,54,501,5),(520,55,502,6),(521,55,503,4),(522,55,504,4),(523,55,505,4),(524,55,331,4),(525,55,506,5),(526,56,507,6),(527,56,508,4),(528,56,509,4),(529,56,510,4),(530,56,511,4),(531,56,512,4),(532,56,513,4),(533,56,514,4),(534,56,515,4),(535,56,516,5),(536,57,517,6),(537,57,518,4),(538,57,519,4),(539,57,520,4),(540,57,521,4),(541,57,522,4),(542,57,523,4),(543,57,524,4),(544,57,525,5),(545,58,526,6),(546,58,527,4),(547,58,528,4),(548,58,529,4),(549,58,530,4),(550,58,531,4),(551,58,532,5),(552,59,533,6),(553,59,534,6),(554,59,535,4),(555,59,536,5),(556,60,537,6),(557,60,538,4),(558,60,539,4),(559,60,540,4),(560,60,541,4),(561,60,542,5),(562,61,543,6),(563,61,544,4),(564,61,545,4),(565,61,546,4),(566,61,547,4),(567,61,548,4),(568,61,549,4),(569,61,550,5),(570,62,551,6),(571,62,552,6),(572,62,195,4),(573,62,484,5),(574,63,553,6),(575,63,554,4),(576,63,555,4),(577,63,556,4),(578,63,557,4),(579,63,558,4),(580,63,559,4),(581,63,560,4),(582,63,561,4),(583,63,562,5),(584,64,563,6),(585,64,564,4),(586,64,565,4),(587,64,566,4),(588,64,567,4),(589,64,408,4),(590,64,568,4),(591,64,569,4),(592,64,570,4),(593,64,571,5),(594,65,572,6),(595,65,573,4),(596,65,574,4),(597,65,575,4),(598,65,576,4),(599,65,577,4),(600,65,578,4),(601,65,579,4),(602,65,580,5),(603,66,581,6),(604,66,582,4),(605,66,583,4),(606,66,584,4),(607,66,585,4),(608,66,586,4),(609,66,587,4),(610,66,588,4),(611,66,589,4),(612,66,56,5),(613,67,590,6),(614,67,591,4),(615,67,592,4),(616,67,593,4),(617,67,594,4),(618,67,595,4),(619,67,596,4),(620,67,597,4),(621,67,598,4),(622,67,599,4),(623,67,600,5),(624,39,601,5),(625,68,602,6),(626,68,593,4),(627,68,37,4),(628,68,603,4),(629,68,604,4),(630,68,605,5),(631,69,606,6),(632,69,607,4),(633,69,608,4),(634,69,609,4),(635,69,610,5),(636,70,611,6),(637,70,612,4),(638,70,613,4),(639,70,614,4),(640,70,615,4),(641,70,616,4),(642,70,617,4),(643,70,618,4),(644,70,619,4),(645,70,620,4),(646,70,621,5),(647,71,622,6),(648,71,623,4),(649,71,624,4),(650,71,452,4),(651,71,330,4),(652,71,625,4),(653,71,626,4),(654,71,627,4),(655,71,628,4),(656,71,629,5),(657,72,630,6),(658,72,631,4),(659,72,632,4),(660,72,633,4),(661,72,634,4),(662,72,635,4),(663,72,636,4),(664,72,637,4),(665,72,638,4),(666,72,639,5),(667,73,640,6),(668,73,328,4),(669,73,641,4),(670,73,642,4),(671,73,643,4),(672,73,644,4),(673,73,645,4),(674,73,646,4),(675,73,647,4),(676,73,648,4),(677,73,649,4),(678,73,404,5),(679,74,650,6),(680,74,535,4),(681,74,651,5),(682,75,652,6),(683,75,653,4),(684,75,654,4),(685,75,655,4),(686,75,656,5),(687,76,657,6),(688,76,658,4),(689,76,659,4),(690,76,660,4),(691,76,661,4),(692,76,662,4),(693,76,663,5),(694,77,664,6),(695,77,664,4),(696,77,665,4),(697,77,666,4),(698,77,667,4),(699,77,668,4),(700,77,669,4),(701,77,670,4),(702,77,671,4),(703,77,672,4),(704,77,673,4),(705,77,674,4),(706,77,675,4),(707,77,676,4),(708,77,677,4),(709,77,678,4),(710,77,394,5),(711,78,679,6),(712,78,680,6),(713,78,681,4),(714,78,682,4),(715,78,683,4),(716,78,684,4),(717,78,685,4),(718,78,686,4),(719,78,687,4),(720,78,688,4),(721,78,689,4),(722,78,690,4),(723,78,691,4),(724,78,692,4),(725,78,166,5),(726,79,693,6),(727,79,694,4),(728,79,695,4),(729,79,696,4),(730,79,697,4),(731,79,698,4),(732,79,484,5),(733,80,699,6),(734,80,700,4),(735,80,701,4),(736,80,702,4),(737,80,703,4),(738,80,704,4),(739,80,705,4),(740,80,706,4),(741,80,707,4),(742,80,708,4),(743,80,709,4),(744,80,710,4),(745,80,711,4),(746,80,712,5),(747,81,713,6),(748,81,169,4),(749,81,714,4),(750,81,715,4),(751,81,716,4),(752,81,717,4),(753,81,718,4),(754,81,719,4),(755,81,720,4),(756,81,721,4),(757,81,722,4),(758,81,723,4),(759,81,404,5),(760,82,724,6),(761,82,725,4),(762,82,726,4),(763,82,683,4),(764,82,727,4),(765,82,208,4),(766,82,728,4),(767,82,729,4),(768,82,484,5),(769,83,730,6),(770,83,731,4),(771,83,732,4),(772,83,733,4),(773,83,734,4),(774,83,735,4),(775,84,736,6),(776,84,737,4),(777,84,738,4),(778,84,739,4),(779,84,740,4),(780,85,741,6),(781,85,742,4),(782,85,743,4),(783,85,744,4),(784,86,745,6),(785,86,746,4),(786,86,747,4),(787,86,748,4),(788,86,749,4),(789,86,750,4),(790,86,751,4),(791,86,752,4),(792,86,753,4),(793,87,754,6),(794,87,755,4),(795,87,149,4),(796,87,756,4),(797,88,757,6),(798,88,758,4),(799,88,377,4),(800,88,759,4),(801,88,760,4),(802,88,761,4),(803,88,691,4),(804,88,762,4),(805,88,763,4),(806,88,764,4),(807,88,345,5),(808,89,765,6),(809,89,766,4),(810,90,767,6),(811,90,169,4),(812,90,768,4),(813,90,585,4),(814,90,769,4),(815,90,770,4),(816,90,771,4),(817,90,772,4),(818,90,773,4),(819,90,774,4),(820,90,775,4),(821,91,776,6),(822,91,777,4),(823,91,778,4),(824,91,779,4),(825,91,780,4),(826,91,781,4),(827,91,782,4),(828,91,783,4),(829,92,784,6),(830,92,785,4),(831,92,786,4),(832,92,787,4),(833,93,788,6),(834,93,789,4),(835,93,364,4),(836,93,790,4),(837,93,791,4),(838,93,792,4),(839,93,793,4),(840,93,794,4),(841,94,795,6),(842,94,796,4),(843,94,797,4),(844,94,798,4),(845,94,799,4),(846,94,800,4),(847,94,801,4),(848,94,802,4),(849,94,803,4),(850,94,804,4),(851,94,805,4),(852,95,806,6),(853,95,807,4),(854,95,808,4),(855,95,809,4),(856,96,810,6),(857,96,811,4),(858,96,812,4),(859,96,813,4),(860,96,814,4),(861,96,815,4),(862,96,816,4),(863,96,817,4),(864,96,818,4),(865,97,819,6),(866,97,820,4),(867,97,821,4),(868,97,822,4),(869,97,823,4),(870,97,824,4),(871,97,825,4),(872,97,826,4),(873,98,827,6),(874,98,828,4),(875,98,829,4),(876,98,830,4),(877,98,831,4),(878,98,832,4),(879,98,833,4),(880,98,834,4),(881,98,835,4),(882,98,836,4),(883,98,837,4),(884,99,838,6),(885,99,838,4),(886,99,839,4),(887,99,840,4),(888,99,841,4),(889,99,842,4),(890,99,843,4),(891,99,844,4),(892,99,845,4),(893,99,846,4),(894,100,847,6),(895,100,848,4),(896,100,849,4),(897,100,850,4),(898,100,851,4),(899,100,852,4),(900,100,853,4),(901,101,854,6),(902,101,855,4),(903,101,856,4),(904,101,857,4),(905,101,858,4),(906,102,859,6),(907,102,860,4),(908,102,861,4),(909,102,862,4),(910,102,863,4),(911,102,864,4),(912,102,865,4),(913,102,866,4),(914,102,867,4),(915,102,868,4),(916,102,869,4),(917,103,870,6),(918,103,871,4),(919,103,872,4),(920,103,873,4),(921,103,874,4),(922,103,875,4),(923,103,876,4),(924,103,877,4),(925,103,878,4),(926,103,879,4),(927,103,880,4),(928,103,881,4),(929,103,882,4),(930,103,883,4),(931,104,884,6),(932,104,885,4),(933,104,886,4),(934,104,887,4),(935,104,888,4),(936,104,889,4),(937,104,890,4),(938,105,891,6),(939,105,892,4),(940,105,893,4),(941,105,894,4),(942,105,895,4),(943,106,896,6),(944,106,897,4),(945,106,898,4),(946,106,899,4),(947,106,900,4),(948,106,461,4),(949,107,901,6),(950,107,902,4),(951,107,903,4),(952,107,904,4),(953,107,905,4),(954,108,906,6),(955,108,907,4),(956,108,908,4),(957,108,714,4),(958,108,909,4),(959,108,910,4),(960,108,911,4),(961,108,17,4),(962,108,912,4),(963,108,913,5),(964,109,914,6),(965,109,915,4),(966,109,916,4),(967,109,917,4),(968,109,918,4),(969,109,919,4),(970,110,920,6),(971,110,921,6),(972,110,922,6),(973,110,923,4),(974,111,924,6),(975,111,925,4),(976,111,926,4),(977,111,340,4),(978,111,927,4),(979,111,928,4),(980,111,929,4),(981,111,930,4),(982,111,931,4),(983,111,932,4),(984,111,933,4),(985,112,934,6),(986,112,935,4),(987,112,936,4),(988,112,934,4),(989,112,937,4),(990,113,938,6),(991,113,925,4),(992,113,939,4),(993,113,940,4),(994,113,941,4),(995,113,931,4),(996,113,942,4),(997,113,943,4),(998,114,944,6),(999,114,749,4),(1000,114,945,4),(1001,114,946,4),(1002,114,947,4),(1003,114,948,4),(1004,114,949,4),(1005,114,950,4),(1006,114,951,4),(1007,114,952,4),(1008,114,953,4),(1009,115,954,6),(1010,115,955,4),(1011,115,956,4),(1012,115,957,4),(1013,115,958,4),(1014,115,959,4),(1015,115,960,4),(1016,115,961,4),(1017,115,962,4),(1018,115,963,4),(1019,115,964,4),(1020,115,965,4),(1021,116,966,6),(1022,116,76,4),(1023,116,967,4),(1024,116,968,4),(1025,117,969,6),(1026,117,970,4),(1027,117,971,4),(1028,117,972,4),(1029,118,140,6),(1030,118,939,4),(1031,118,973,4),(1032,118,218,4),(1033,118,974,4),(1034,119,975,6),(1035,119,976,4),(1036,119,363,4),(1037,119,977,4),(1038,119,978,4),(1039,120,979,6),(1040,120,980,4),(1041,120,981,4),(1042,120,982,4),(1043,120,983,4),(1044,120,984,4),(1045,120,985,4),(1046,120,986,4),(1047,120,987,4),(1048,120,988,4),(1049,120,989,4),(1050,121,990,6),(1051,121,991,4),(1052,121,64,4),(1053,121,992,4),(1054,121,993,4),(1055,121,994,4),(1056,121,995,4),(1057,121,996,4),(1058,121,997,4),(1059,121,998,4),(1060,121,999,4),(1061,121,178,5),(1062,122,1000,6),(1063,122,1001,4),(1064,122,1002,4),(1065,122,1003,4),(1066,123,859,6),(1067,123,860,4),(1068,123,1004,4),(1069,123,1005,4),(1070,123,1006,4),(1071,123,1007,4),(1072,123,1008,4),(1073,123,1009,4),(1074,123,1010,4),(1075,123,1011,4),(1076,123,1012,4),(1077,123,1013,4),(1078,123,1014,4),(1079,124,1015,6),(1080,124,1016,4),(1081,124,1017,4),(1082,124,1018,4),(1083,124,1019,4),(1084,124,1020,4),(1085,124,1021,4),(1086,124,1022,4),(1087,124,1023,4),(1088,124,1024,4),(1089,124,1025,4),(1090,125,1026,6),(1091,125,1027,4),(1092,125,1028,4),(1093,125,1029,4),(1094,125,1030,4),(1095,125,1031,4),(1096,125,1032,4),(1097,125,1033,4),(1098,125,1034,4),(1099,125,1035,4),(1100,125,1036,4),(1101,126,1037,6),(1102,126,503,4),(1103,126,1038,4),(1104,126,1039,4),(1105,126,1040,4),(1106,127,1041,6),(1107,127,503,4),(1108,127,1042,4),(1109,127,1043,4),(1110,127,1044,4),(1111,128,1045,6),(1112,128,1027,4),(1113,128,1046,4),(1114,128,1047,4),(1115,128,1048,4),(1116,129,1049,6),(1117,129,1050,4),(1118,129,1051,4),(1119,129,1052,4),(1120,129,1053,4),(1121,129,1054,4),(1122,129,1055,4),(1123,129,1056,4),(1124,129,1057,4),(1125,129,1058,4),(1126,129,1059,4),(1127,130,1060,6),(1128,130,503,4),(1129,130,1061,4),(1130,130,1062,4),(1131,130,1063,4),(1132,130,1064,4),(1133,130,1065,4),(1134,130,1066,4),(1135,130,1067,4),(1136,130,1068,4),(1137,130,1069,4),(1138,130,1070,4),(1139,131,1071,6),(1140,131,1072,4),(1141,131,1073,4),(1142,131,1074,4),(1143,132,1075,6),(1144,132,1076,4),(1145,132,704,4),(1146,132,262,4),(1147,132,1077,4),(1148,133,1078,6),(1149,133,1078,4),(1150,133,1079,4),(1151,133,1080,4),(1152,134,229,6),(1153,134,229,4),(1154,134,328,4),(1155,134,1081,4),(1156,135,1082,6),(1157,135,1083,4),(1158,136,1084,6),(1159,136,1085,6),(1160,136,1086,4),(1161,136,1087,4),(1162,136,1088,4),(1163,136,168,4),(1164,136,484,5),(1165,137,1089,6),(1166,137,997,4),(1167,137,1090,4),(1168,137,1091,4),(1169,137,1092,4),(1170,138,1093,6),(1171,138,1094,4),(1172,138,1095,4),(1173,138,1096,4),(1174,138,1097,4),(1175,138,1098,4),(1176,138,1099,4),(1177,138,1100,4),(1178,138,1101,4),(1179,138,1102,4),(1180,139,1103,6),(1181,139,1104,4),(1182,139,700,4),(1183,139,1105,4),(1184,139,1106,4),(1185,139,1107,4),(1186,139,1108,4),(1187,140,1109,6),(1188,140,1110,4),(1189,140,1111,4),(1190,140,1112,4),(1191,140,1113,4),(1192,140,1114,4),(1193,141,140,6),(1194,141,211,4),(1195,141,1115,4),(1196,141,1116,4),(1197,141,1117,4),(1198,141,1118,4),(1199,142,1119,6),(1200,142,1120,4),(1201,142,1121,4),(1202,142,1122,4),(1203,142,1123,4),(1204,142,1124,4),(1205,142,1125,4),(1206,142,1126,4),(1207,142,1127,4),(1208,143,1128,6),(1209,143,887,4),(1210,143,1129,4),(1211,143,1130,4),(1212,143,1131,4),(1213,143,1132,4),(1214,143,1133,4),(1215,143,1134,4),(1216,144,1135,6),(1217,144,1136,6),(1218,144,1137,4),(1219,144,1138,4),(1220,144,1139,4),(1221,144,1140,4),(1222,144,1141,4),(1223,144,1142,4),(1224,145,1143,6),(1225,145,1144,4),(1226,145,1145,4),(1227,145,1146,4),(1228,145,1147,4),(1229,145,1148,4),(1230,145,1149,4),(1231,145,1150,4),(1232,145,1151,4),(1233,145,1152,4),(1234,145,1153,4),(1235,146,1154,6),(1236,146,1155,4),(1237,146,1156,4),(1238,146,1157,4),(1239,146,1158,4),(1240,146,1159,4),(1241,147,1160,6),(1242,147,1161,4),(1243,147,700,4),(1244,147,1162,4),(1245,147,1163,4),(1246,147,1164,4),(1247,147,1165,4),(1248,148,1166,6),(1249,148,1167,4),(1250,148,1168,4),(1251,148,1169,4),(1252,148,1170,4),(1253,148,1171,4),(1254,149,819,6),(1255,149,1172,4),(1256,149,1173,4),(1257,149,1174,4),(1258,149,1175,4),(1259,149,1176,4),(1260,149,1177,4),(1261,149,1178,4),(1262,149,1179,4),(1263,149,1180,4),(1264,150,1181,6),(1265,150,1182,4),(1266,150,70,4),(1267,150,1183,4),(1268,150,1184,4),(1269,151,1185,6),(1270,151,1186,4),(1271,151,1187,4),(1272,151,1188,4),(1273,151,1189,4),(1274,151,1190,4),(1275,151,1191,4),(1276,151,1192,4),(1277,152,1193,6),(1278,152,1194,4),(1279,152,1195,4),(1280,152,1196,4),(1281,152,1197,4),(1282,152,1198,4),(1283,152,1199,4),(1284,152,1200,4),(1285,152,1201,4),(1286,153,1202,6),(1287,153,1203,4),(1288,153,1204,4),(1289,153,1205,4),(1290,153,617,4),(1291,153,764,4),(1292,153,1206,4),(1293,154,1207,6),(1294,154,1208,4),(1295,154,1209,4),(1296,154,1210,4),(1297,154,1211,4),(1298,154,1212,4),(1299,154,1213,4),(1300,154,1214,4),(1301,154,1215,4),(1302,154,1216,4),(1303,155,1217,6),(1304,155,905,4),(1305,155,1218,4),(1306,155,1219,4),(1307,155,1220,4),(1308,155,428,4),(1309,155,1221,4),(1310,155,1222,4),(1311,156,1223,6),(1312,156,1224,4),(1313,156,1225,4),(1314,156,25,4),(1315,156,1226,4),(1316,156,1227,4),(1317,156,1228,4),(1318,156,1229,4),(1319,157,1230,6),(1320,157,800,4),(1321,157,1231,4),(1322,157,1232,4),(1323,157,1233,4),(1324,157,1234,4),(1325,158,1235,6),(1326,158,1236,4),(1327,158,1237,4),(1328,158,1238,4),(1329,158,1239,4),(1330,158,1240,4),(1331,158,484,5),(1332,159,1235,6),(1333,159,1241,4),(1334,159,484,5),(1335,160,80,6),(1336,160,1242,4),(1337,160,1243,4),(1338,160,1244,4),(1339,160,1245,4),(1340,160,1246,4),(1341,160,1247,4),(1342,161,1248,6),(1343,161,1249,4),(1344,161,1250,4),(1345,161,73,4),(1346,161,1251,4),(1347,161,1252,4),(1348,162,1253,6),(1349,162,1254,4),(1350,162,1255,4),(1351,162,1256,4),(1352,162,1257,4),(1353,163,1258,6),(1354,163,1259,4),(1355,163,1260,4),(1356,163,1261,4),(1357,163,1262,4),(1358,164,1263,6),(1359,164,872,4),(1360,164,44,4),(1361,164,1264,4),(1362,164,1265,4),(1363,164,881,4),(1364,165,1266,6),(1365,165,1224,4),(1366,165,1267,4),(1367,165,1268,4),(1368,166,1269,6),(1369,166,1270,4),(1370,166,1271,4),(1371,166,1272,4),(1372,167,1273,6),(1373,167,923,4),(1374,168,1274,6),(1375,168,1275,4),(1376,168,1276,4),(1377,168,1277,4),(1378,168,1278,4),(1379,168,761,4),(1380,168,1279,4),(1381,168,1280,4),(1382,168,1281,4),(1383,169,1282,6),(1384,169,1283,6),(1385,169,195,4),(1386,170,1284,6),(1387,170,1285,4),(1388,170,1286,4),(1389,170,1287,4),(1390,171,1288,6),(1391,171,1289,4),(1392,171,1290,4),(1393,171,1291,4),(1394,171,510,4),(1395,171,1292,4),(1396,171,1293,4),(1397,171,13,4),(1398,171,1294,4),(1399,171,1295,4),(1400,171,1296,4),(1401,172,1297,6),(1402,172,1298,4),(1403,172,1299,4),(1404,172,1300,4),(1405,172,1301,4),(1406,172,1302,4),(1407,172,1303,4),(1408,172,1304,4),(1409,173,1305,6),(1410,173,1306,4),(1411,173,1307,4),(1412,173,1308,4),(1413,173,1309,4),(1414,173,1310,4),(1415,173,1311,4),(1416,173,1312,4),(1417,174,1313,6),(1418,174,885,4),(1419,174,1314,4),(1420,174,1315,4),(1421,174,1316,4),(1422,174,1317,4),(1423,175,1166,6),(1424,175,1318,4),(1425,175,1319,4),(1426,175,1320,4),(1427,175,1321,4),(1428,175,1322,4),(1429,175,1323,4),(1430,175,1324,4),(1431,175,1325,4),(1432,175,1326,4),(1433,176,1327,6),(1434,176,1315,4),(1435,176,1328,4),(1436,176,1329,4),(1437,176,21,4),(1438,176,476,4),(1439,176,1330,4),(1440,176,1331,4),(1441,176,1332,4),(1442,177,1333,6),(1443,177,1078,4),(1444,177,1334,4),(1445,177,1335,4),(1446,177,1336,4),(1447,177,1337,4),(1448,177,1338,4),(1449,178,1339,6),(1450,178,161,4),(1451,178,1340,4),(1452,178,1341,4),(1453,178,1342,4),(1454,178,1343,4),(1455,178,217,4),(1456,179,237,6),(1457,179,1344,4),(1458,179,1345,4),(1459,179,1346,4),(1460,179,1347,4),(1461,179,1348,4),(1462,179,1349,4),(1463,179,1350,4),(1464,179,1351,4),(1465,180,901,6),(1466,180,1352,4),(1467,180,1353,4),(1468,180,1354,4),(1469,180,1355,4),(1470,180,1356,4),(1471,181,142,6),(1472,181,149,4),(1473,181,1357,4),(1474,181,1358,4),(1475,181,1359,4),(1476,181,1360,4),(1477,181,1361,4),(1478,181,1362,4),(1479,182,1363,6),(1480,182,1364,4),(1481,182,1365,4),(1482,182,1366,4),(1483,182,267,4),(1484,182,69,4),(1485,182,1367,4),(1486,183,1368,6),(1487,183,1369,4),(1488,183,1370,4),(1489,183,1371,4),(1490,183,1372,4),(1491,183,1373,4),(1492,183,1374,4),(1493,183,1375,4),(1494,183,1376,4),(1495,183,1377,4),(1496,183,1378,4),(1497,184,1379,6),(1498,184,1380,4),(1499,184,1381,4),(1500,184,887,4),(1501,184,284,4),(1502,184,1382,4),(1503,184,1383,4),(1504,185,1384,6),(1505,185,742,4),(1506,185,1385,4),(1507,185,1386,4),(1508,185,1387,4),(1509,186,1388,6),(1510,186,1389,4),(1511,186,1390,4),(1512,186,1391,4),(1513,186,1392,4),(1514,187,474,6),(1515,187,1393,4),(1516,187,186,4),(1517,187,1394,4),(1518,187,1395,4),(1519,187,1396,4),(1520,188,1397,6),(1521,188,1017,4),(1522,188,1398,4),(1523,188,1399,4),(1524,188,1400,4),(1525,188,1401,4),(1526,188,1402,4),(1527,188,1403,4),(1528,188,1404,4),(1529,188,1405,4),(1530,188,1406,4),(1531,188,1407,4),(1532,188,1408,4),(1533,188,1409,4),(1534,189,1410,6),(1535,189,926,4),(1536,189,1237,4),(1537,189,1411,4),(1538,189,1412,4),(1539,189,1413,4),(1540,189,1414,4),(1541,189,1415,4),(1542,189,1416,4),(1543,189,1417,4),(1544,190,1418,6),(1545,190,21,4),(1546,190,1419,4),(1547,190,1320,4),(1548,190,1420,4),(1549,191,1421,6),(1550,191,1161,4),(1551,191,1259,4),(1552,191,1422,4),(1553,191,1423,4),(1554,191,1424,4),(1555,191,1425,4),(1556,191,1426,4),(1557,191,1427,4),(1558,192,1428,6),(1559,192,1429,4),(1560,192,760,4),(1561,192,1430,4),(1562,192,1431,4),(1563,192,512,4),(1564,192,1432,4),(1565,192,1433,4),(1566,192,1434,4),(1567,192,1435,4),(1568,192,1436,4),(1569,193,1437,6),(1570,193,903,4),(1571,193,905,4),(1572,193,1438,4),(1573,193,1439,4),(1574,193,984,4),(1575,193,1440,4),(1576,193,1441,4),(1577,194,1103,6),(1578,194,1442,4),(1579,194,1443,4),(1580,194,1444,4),(1581,194,1445,4),(1582,195,1446,6),(1583,195,1447,4),(1584,195,1448,4),(1585,195,1449,4),(1586,195,1450,4),(1587,196,1451,6),(1588,196,1452,4),(1589,196,1453,4),(1590,196,972,4),(1591,196,1454,4),(1592,196,1455,4),(1593,197,1456,6),(1594,197,1457,4),(1595,197,1458,4),(1596,197,1459,4),(1597,197,1460,4),(1598,197,1461,4),(1599,197,1462,4),(1600,197,1463,4),(1601,197,1464,4),(1602,197,1465,4),(1603,197,1466,4),(1604,197,1467,4),(1605,198,1468,6),(1606,198,807,4),(1607,198,1469,4),(1608,198,1470,4),(1609,198,1471,4),(1610,199,1472,6),(1611,199,1473,4),(1612,199,1474,4),(1613,199,1475,4),(1614,199,1476,4),(1615,199,1320,4),(1616,199,1004,4),(1617,199,1477,4),(1618,199,1478,4),(1619,200,1479,6),(1620,200,1480,4),(1621,201,1481,6),(1622,201,1482,4),(1623,201,1129,4),(1624,201,1483,4),(1625,201,1484,4),(1626,202,1485,6),(1627,202,939,4),(1628,202,1486,4),(1629,202,1487,4),(1630,203,1488,6),(1631,203,1489,4),(1632,203,1490,4),(1633,203,1491,4),(1634,203,1492,4),(1635,204,1493,6),(1636,204,1494,4),(1637,204,1495,4),(1638,204,1496,4),(1639,204,1497,4),(1640,204,1498,4),(1641,204,1499,4),(1642,204,1500,4),(1643,204,1501,4),(1644,204,1502,4),(1645,204,1503,4),(1646,204,1504,4),(1647,204,1505,4),(1648,204,1506,4),(1649,205,1507,6),(1650,205,1508,4),(1651,205,1509,4),(1652,205,1510,4),(1653,205,1511,4),(1654,205,1512,4),(1655,205,1513,4),(1656,205,1514,4),(1657,205,1515,4),(1658,205,1516,4),(1659,205,1517,4),(1660,206,1518,6),(1661,206,1519,4),(1662,206,1520,4),(1663,206,1521,4),(1664,206,1522,4),(1665,206,1523,4),(1666,206,1524,4),(1667,206,1525,4),(1668,206,1526,4),(1669,206,1527,4),(1670,206,1528,4),(1671,206,1529,4),(1672,206,1530,4),(1673,207,1531,6),(1674,207,1532,4),(1675,207,1533,4),(1676,207,1534,4),(1677,207,1535,4),(1678,207,1536,4),(1679,207,1537,4),(1680,208,1538,6),(1681,208,1539,6),(1682,208,1540,4),(1683,208,1541,4),(1684,208,1542,4),(1685,208,1543,4),(1686,209,1544,6),(1687,209,210,4),(1688,209,1545,4),(1689,209,211,4),(1690,210,1546,6),(1691,210,1547,4),(1692,210,1548,4),(1693,210,1549,4),(1694,210,1550,4),(1695,210,1551,4),(1696,210,1552,4),(1697,210,1553,4),(1698,210,488,4),(1699,210,1554,4),(1700,210,1555,4),(1701,210,1556,4),(1702,210,1557,4),(1703,211,1558,6),(1704,211,1559,4),(1705,211,1560,4),(1706,211,1561,4),(1707,211,802,4),(1708,211,1562,4),(1709,211,1563,4),(1710,212,1564,6),(1711,212,1565,4),(1712,212,1566,4),(1713,212,1567,4),(1714,212,1568,4),(1715,212,1569,4),(1716,212,1570,4),(1717,212,1571,4),(1718,212,596,4),(1719,212,1572,4),(1720,212,1573,4),(1721,212,1574,4),(1722,213,1575,6),(1723,213,1576,4),(1724,213,1577,4),(1725,213,801,4),(1726,213,1578,4),(1727,213,1579,4),(1728,214,1580,6),(1729,214,1581,4),(1730,214,1582,4),(1731,214,1583,4),(1732,215,1584,6),(1733,215,1585,4),(1734,215,1586,4),(1735,215,1587,4),(1736,215,1588,4),(1737,215,1589,4),(1738,216,1590,6),(1739,216,1473,4),(1740,216,1591,4),(1741,216,1592,4),(1742,216,1593,4),(1743,216,1594,4),(1744,217,1235,6),(1745,217,1595,4),(1746,217,1239,4),(1747,217,658,4),(1748,217,1596,4),(1749,217,1597,4),(1750,217,1598,4),(1751,217,174,4),(1752,217,1280,4),(1753,217,1599,4),(1754,217,1600,4),(1755,218,1601,6),(1756,218,1602,4),(1757,218,913,5),(1758,219,819,6),(1759,219,742,4),(1760,219,1603,4),(1761,219,1604,4),(1762,219,1605,4),(1763,219,1606,4),(1764,219,1607,4),(1765,219,1608,4),(1766,219,1609,4),(1767,220,1610,6),(1768,220,1611,4),(1769,220,1612,4),(1770,220,694,4),(1771,220,1358,4),(1772,220,1613,4),(1773,220,1614,4),(1774,220,1615,4),(1775,220,25,4),(1776,220,1616,4),(1777,220,1617,4),(1778,221,1618,6),(1779,221,1619,4),(1780,221,1620,4),(1781,221,1621,4),(1782,221,904,4),(1783,222,1622,6),(1784,222,1623,4),(1785,222,1624,4),(1786,222,1625,4),(1787,222,1626,4),(1788,223,1627,6),(1789,223,1628,4),(1790,223,1629,4),(1791,223,1630,4),(1792,223,1588,4),(1793,224,1631,6),(1794,224,1632,4),(1795,224,1633,4),(1796,224,1634,4),(1797,224,1635,4),(1798,224,1636,4),(1799,224,1637,4),(1800,224,1638,4),(1801,224,1639,4),(1802,224,1640,4),(1803,224,1631,4),(1804,225,847,6),(1805,225,1641,4),(1806,225,1642,4),(1807,225,1643,4),(1808,225,1006,4),(1809,225,1644,4),(1810,225,1645,4),(1811,225,1646,4),(1812,226,1647,6),(1813,226,976,4),(1814,226,1315,4),(1815,226,1648,4),(1816,227,1649,6),(1817,227,1650,4),(1818,227,1651,4),(1819,227,1652,4),(1820,227,1653,4),(1821,227,1654,4),(1822,227,1655,4),(1823,227,1656,4),(1824,227,1657,4),(1825,227,1658,4),(1826,228,1288,6),(1827,228,1648,4),(1828,228,5,4),(1829,228,1532,4),(1830,229,1659,6),(1831,229,1660,4),(1832,229,1661,4),(1833,229,1646,4),(1834,229,1662,4),(1835,230,1663,6),(1836,230,1664,4),(1837,230,1665,5),(1838,231,1666,6),(1839,231,1667,4),(1840,231,1668,4),(1841,231,1289,4),(1842,231,1669,4),(1843,232,1670,6),(1844,232,976,4),(1845,232,73,4),(1846,232,1671,4),(1847,232,866,4),(1848,232,1088,4),(1849,232,1672,4),(1850,233,1673,6),(1851,233,1208,4),(1852,233,1674,4),(1853,233,1675,4),(1854,233,1676,4),(1855,233,1677,4),(1856,233,1678,4),(1857,233,1679,4),(1858,233,1680,4),(1859,233,1681,4),(1860,233,1682,4),(1861,233,1683,4),(1862,233,1684,4),(1863,234,1685,6),(1864,234,1686,4),(1865,234,1562,4),(1866,234,1110,4),(1867,234,1687,4),(1868,234,1561,4),(1869,234,1255,4),(1870,235,1688,6),(1871,235,1689,4),(1872,236,1690,6),(1873,236,1691,4),(1874,236,1692,4),(1875,236,1693,4),(1876,236,1694,4),(1877,236,1695,4),(1878,236,1696,4),(1879,236,1697,4),(1880,236,1698,4),(1881,236,1699,4),(1882,236,1700,4),(1883,237,859,6),(1884,237,1701,4),(1885,237,1702,4),(1886,237,1703,4),(1887,237,1704,4),(1888,237,1705,4),(1889,237,1706,4),(1890,237,1707,4),(1891,237,1708,4),(1892,238,1709,6),(1893,238,1710,4),(1894,239,1711,6),(1895,239,1712,4),(1896,239,1713,4),(1897,239,1714,4),(1898,240,1715,6),(1899,240,1716,4),(1900,240,1717,4),(1901,240,1718,4),(1902,240,1719,4),(1903,240,996,4),(1904,240,1720,4),(1905,241,1721,6),(1906,241,1722,4),(1907,241,1723,4),(1908,241,1724,4),(1909,241,1725,4),(1910,242,1726,6),(1911,242,1727,4),(1912,242,1259,4),(1913,242,694,4),(1914,242,180,4),(1915,243,1728,6),(1916,243,1729,4),(1917,243,1594,4),(1918,243,1730,4),(1919,243,1442,4),(1920,243,1731,4),(1921,243,1732,4),(1922,243,803,4),(1923,243,1733,4),(1924,244,1734,6),(1925,244,939,4),(1926,244,1735,4),(1927,244,592,4),(1928,244,472,4),(1929,245,1736,6),(1930,245,58,4),(1931,245,1737,4),(1932,245,1738,5),(1933,246,1739,6),(1934,246,1740,4),(1935,246,1741,4),(1936,246,1742,4),(1937,246,1743,4),(1938,246,1744,4),(1939,246,1745,4),(1940,246,1746,4),(1941,246,1747,4),(1942,246,1748,4),(1943,247,1749,6),(1944,247,1016,4),(1945,247,1750,4),(1946,247,1751,4),(1947,247,1752,4),(1948,247,1591,4),(1949,248,1753,6),(1950,248,1754,4),(1951,248,1755,4),(1952,248,1756,4),(1953,248,1757,4),(1954,248,1758,4),(1955,248,1759,4),(1956,248,1760,4),(1957,249,1761,6),(1958,249,1762,4),(1959,249,1763,4),(1960,249,1764,4),(1961,249,1765,4),(1962,250,1766,6),(1963,250,1767,4),(1964,251,1768,6),(1965,251,1769,4),(1966,251,1770,4),(1967,251,1771,4),(1968,251,1772,4),(1969,251,1773,4),(1970,252,1774,6),(1971,252,1775,4),(1972,252,1776,4),(1973,252,1777,4),(1974,252,1778,4),(1975,253,1779,6),(1976,253,1780,4),(1977,254,1781,6),(1978,254,1781,4),(1979,254,1419,4),(1980,254,1549,4),(1981,254,1782,4),(1982,254,1783,4),(1983,254,1784,4),(1984,254,1785,4),(1985,254,1786,4),(1986,254,1787,4),(1987,254,1788,4),(1988,255,1789,6),(1989,255,1669,4),(1990,255,1790,4),(1991,255,902,4),(1992,255,1791,4),(1993,255,1792,4),(1994,255,1793,4),(1995,255,1794,4),(1996,255,1795,4),(1997,255,1770,4),(1998,255,1769,4),(1999,256,914,6),(2000,256,1315,4),(2001,256,1796,4),(2002,256,1797,4),(2003,256,1798,4),(2004,256,1799,4),(2005,256,1800,4),(2006,256,1801,4),(2007,256,1802,4),(2008,256,1803,4),(2009,257,1804,6),(2010,257,1805,4),(2011,257,1806,4),(2012,257,1807,4),(2013,257,1808,4),(2014,257,1809,4),(2015,258,1810,6),(2016,258,1811,4),(2017,259,1446,6),(2018,259,1812,4),(2019,259,1813,4),(2020,259,1426,4),(2021,259,1814,4),(2022,260,1815,6),(2023,260,1816,4),(2024,260,1817,4),(2025,260,1818,4),(2026,260,1819,4),(2027,260,1820,4),(2028,260,1821,4),(2029,260,1822,4),(2030,260,1823,4),(2031,260,1824,4),(2032,260,1825,4),(2033,261,1826,6),(2034,261,1827,4),(2035,261,1828,4),(2036,261,1829,4),(2037,261,1830,4),(2038,262,1831,6),(2039,262,976,4),(2040,262,1832,4),(2041,262,1833,4),(2042,262,1834,4),(2043,262,1835,4),(2044,262,1836,4),(2045,262,1837,4),(2046,263,1838,6),(2047,263,1839,4),(2048,263,1840,4),(2049,263,1841,4),(2050,263,1842,4),(2051,263,1843,4),(2052,263,1844,4),(2053,264,1845,6),(2054,264,1846,4),(2055,264,1847,4),(2056,264,1848,4),(2057,265,1849,6),(2058,265,1850,4),(2059,265,1851,4),(2060,265,1852,4),(2061,265,1853,4),(2062,265,1854,4),(2063,265,1855,4),(2064,265,1856,4),(2065,265,1857,4),(2066,265,1858,4),(2067,266,1859,6),(2068,266,1860,4),(2069,266,1861,4),(2070,266,1862,4),(2071,266,1863,4),(2072,267,1864,6),(2073,267,1865,4),(2074,267,1866,4),(2075,267,1867,4),(2076,267,1868,4),(2077,267,1869,4),(2078,267,1870,4),(2079,267,1871,4),(2080,267,1872,4),(2081,267,1873,4),(2082,267,1874,4),(2083,267,1875,5),(2084,268,1876,6),(2085,268,1877,4),(2086,268,1878,4),(2087,268,721,4),(2088,268,1879,4),(2089,268,1880,4),(2090,268,1881,4),(2091,268,731,4),(2092,268,404,5),(2093,269,1882,6),(2094,269,1883,4),(2095,269,1884,4),(2096,269,1885,4),(2097,269,1886,4),(2098,269,1887,4),(2099,269,1888,4),(2100,269,1889,4),(2101,269,1890,4),(2102,270,1891,6),(2103,270,976,4),(2104,270,1892,4),(2105,270,1893,4),(2106,270,1798,4),(2107,270,1894,4),(2108,270,1895,4),(2109,270,1896,4),(2110,270,1897,4),(2111,270,1898,4),(2112,270,1899,4),(2113,271,1900,6),(2114,271,970,4),(2115,271,1901,4),(2116,271,1902,4),(2117,271,1903,4),(2118,272,1185,6),(2119,272,1904,4),(2120,272,1442,4),(2121,272,1905,4),(2122,272,1906,4),(2123,273,1907,6),(2124,273,1908,4),(2125,273,748,4),(2126,273,1401,4),(2127,273,1909,4),(2128,273,1910,4),(2129,273,1911,4),(2130,273,1912,4),(2131,273,1913,4),(2132,273,1914,4),(2133,273,1915,4),(2134,274,1916,6),(2135,274,1625,4),(2136,274,1917,4),(2137,274,1918,4),(2138,274,1919,4),(2139,274,1920,4),(2140,274,1921,4),(2141,274,1922,4),(2142,275,901,6),(2143,275,211,4),(2144,275,1923,4),(2145,275,152,4),(2146,275,583,4),(2147,275,1924,4),(2148,275,1925,4),(2149,276,1926,6),(2150,276,1927,4),(2151,276,1928,4),(2152,276,192,4),(2153,276,1929,4),(2154,276,1930,4),(2155,276,1931,4),(2156,277,1932,6),(2157,277,748,4),(2158,277,1933,4),(2159,277,1934,4),(2160,277,1935,4),(2161,277,1936,4),(2162,277,1937,4),(2163,277,1938,4),(2164,277,1939,4),(2165,277,1940,4),(2166,277,1941,4),(2167,277,1942,4),(2168,277,1943,4),(2169,277,1944,4),(2170,278,1945,6),(2171,278,1946,4),(2172,278,1473,4),(2173,278,1947,4),(2174,278,1401,4),(2175,278,1948,4),(2176,278,1949,4),(2177,279,1950,6),(2178,279,1951,4),(2179,279,1952,4),(2180,279,1953,4),(2181,279,541,4),(2182,280,1954,6),(2183,280,1955,4),(2184,280,1482,4),(2185,280,1956,4),(2186,280,1957,4),(2187,281,1958,6),(2188,281,1827,4),(2189,281,1828,4),(2190,281,1959,4),(2191,281,1960,4),(2192,281,1961,5),(2193,282,1962,6),(2194,282,1963,4),(2195,282,1044,4),(2196,282,1806,4),(2197,282,1964,4),(2198,283,1965,6),(2199,283,1966,4),(2200,283,1967,4),(2201,283,1344,4),(2202,283,117,4),(2203,283,1968,4),(2204,284,1379,6),(2205,284,800,4),(2206,284,1969,4),(2207,284,1970,4),(2208,285,1971,6),(2209,285,1972,4),(2210,285,1973,4),(2211,285,1254,4),(2212,286,1974,6),(2213,286,1975,4),(2214,287,1976,6),(2215,287,1977,4),(2216,287,1978,4),(2217,287,58,4),(2218,287,1979,4),(2219,288,1980,6),(2220,288,1981,4),(2221,288,1982,4),(2222,288,1983,4),(2223,288,1984,4),(2224,288,1980,4),(2225,288,1985,4),(2226,288,1986,4),(2227,288,1987,4),(2228,288,1988,4),(2229,288,1989,4),(2230,288,1990,4),(2231,289,1991,6),(2232,289,1992,4),(2233,289,1993,4),(2234,289,591,4),(2235,289,1994,4),(2236,289,1995,4),(2237,289,1996,4),(2238,289,1997,4),(2239,289,321,4),(2240,290,1998,6),(2241,290,1999,4),(2242,290,2000,4),(2243,290,2001,4),(2244,290,1979,4),(2245,290,2002,4),(2246,291,2003,6),(2247,291,498,4),(2248,291,2004,4),(2249,291,2005,4),(2250,291,2006,4),(2251,291,2007,4),(2252,291,2008,4),(2253,292,2009,6),(2254,292,1674,4),(2255,292,1908,4),(2256,292,2010,4),(2257,292,2011,4),(2258,292,2012,4),(2259,292,2013,4),(2260,292,2014,4),(2261,292,2015,4),(2262,292,2016,4),(2263,292,2017,4),(2264,292,817,4),(2265,293,2018,6),(2266,293,2019,4),(2267,293,2020,4),(2268,293,2021,4),(2269,293,2022,4),(2270,293,2023,4),(2271,294,2024,6),(2272,294,2025,4),(2273,294,2026,4),(2274,294,2027,4),(2275,294,2028,4),(2276,294,2029,4),(2277,294,2030,4),(2278,294,2031,4),(2279,294,2032,4),(2280,294,2033,4),(2281,294,2034,4),(2282,294,2035,4),(2283,295,2036,6),(2284,295,2037,4),(2285,295,2038,4),(2286,295,2039,4),(2287,295,2040,4),(2288,295,1009,4),(2289,295,2041,4),(2290,295,2042,4),(2291,295,2043,4),(2292,295,2044,4),(2293,295,2045,4),(2294,296,2046,6),(2295,296,2047,4),(2296,296,2048,4),(2297,296,2049,4),(2298,297,2050,6),(2299,297,2051,4),(2300,297,2052,4),(2301,297,2053,4),(2302,297,2054,4),(2303,297,2055,4),(2304,297,2056,4),(2305,297,2057,4),(2306,297,2058,4),(2307,298,976,6),(2308,298,976,4),(2309,298,1834,4),(2310,298,2059,4),(2311,298,2060,4),(2312,298,2061,4),(2313,298,2062,4),(2314,298,2063,4),(2315,298,2064,4),(2316,298,2065,4),(2317,298,1893,4),(2318,299,896,6),(2319,299,2066,4),(2320,299,694,4),(2321,299,2067,4),(2322,299,2068,4),(2323,300,2069,6),(2324,300,2070,4),(2325,300,1267,4),(2326,300,617,4),(2327,301,2071,6),(2328,301,2072,4),(2329,302,1065,6),(2330,302,2073,6),(2331,302,1065,4),(2332,302,1547,4),(2333,302,2074,4),(2334,302,2075,4),(2335,302,2076,4),(2336,302,2077,4),(2337,302,2078,4),(2338,302,2079,4),(2339,302,2080,4),(2340,302,2081,4),(2341,303,2082,6),(2342,303,49,4),(2343,303,1805,4),(2344,303,214,4),(2345,303,2083,4),(2346,303,2084,4),(2347,304,2085,6),(2348,304,2086,4),(2349,304,226,4),(2350,304,1671,4),(2351,304,173,4),(2352,304,2087,4),(2353,304,2088,4),(2354,304,2089,4),(2355,304,2090,4),(2356,304,2091,4),(2357,304,2092,4),(2358,305,2093,6),(2359,305,2094,4),(2360,305,2095,4),(2361,305,868,4),(2362,305,834,4),(2363,305,2096,4),(2364,305,2097,4),(2365,305,2098,4),(2366,305,2099,4),(2367,305,2100,4),(2368,305,2101,5),(2369,306,2102,6),(2370,306,503,4),(2371,306,2103,4),(2372,306,2104,4),(2373,306,2105,4),(2374,306,2106,4),(2375,306,2107,4),(2376,306,2108,4),(2377,306,2109,4),(2378,306,2110,4),(2379,306,2111,4),(2380,307,581,6),(2381,307,2112,4),(2382,307,2113,4),(2383,307,1623,4),(2384,307,1050,4),(2385,307,2114,4),(2386,307,2115,4),(2387,307,1267,4),(2388,307,2116,4),(2389,308,2117,6),(2390,308,2118,4),(2391,308,59,4),(2392,308,2006,4),(2393,308,331,4),(2394,308,1066,4),(2395,308,2119,4),(2396,308,2120,4),(2397,308,2121,4),(2398,309,2122,6),(2399,309,2123,4),(2400,309,2124,4),(2401,309,2125,4),(2402,309,199,4),(2403,310,2126,6),(2404,310,2127,4),(2405,310,2128,4),(2406,310,2129,4),(2407,310,2130,4),(2408,310,2131,4),(2409,310,2132,4),(2410,310,2133,4),(2411,310,230,4),(2412,310,2134,4),(2413,310,2135,4),(2414,311,2136,6),(2415,311,1044,4),(2416,311,2137,4),(2417,311,2138,4),(2418,311,2139,4),(2419,312,2140,6),(2420,312,2141,4),(2421,312,1009,4),(2422,312,2142,4),(2423,312,2125,4),(2424,312,2143,4),(2425,312,1818,4),(2426,312,2144,4),(2427,312,2145,4),(2428,312,30,4),(2429,312,2146,4),(2430,312,2147,4),(2431,312,2148,4),(2432,312,756,4),(2433,313,2149,6),(2434,313,2150,4),(2435,313,2151,4),(2436,313,2152,4),(2437,313,2153,4),(2438,313,2154,4),(2439,314,2155,6),(2440,314,2156,4),(2441,315,2157,6),(2442,315,2158,4),(2443,315,1696,4),(2444,315,2159,4),(2445,315,2160,4),(2446,315,2161,4),(2447,315,2162,4),(2448,315,2163,4),(2449,316,2164,6),(2450,316,2165,4),(2451,316,2166,4),(2452,316,2167,4),(2453,316,2168,4),(2454,316,2169,4),(2455,316,2170,4),(2456,316,2171,4),(2457,316,2172,4),(2458,317,2173,6),(2459,317,2174,4),(2460,317,2113,4),(2461,317,2175,4),(2462,318,2176,6),(2463,318,2177,4),(2464,318,2178,4),(2465,318,2179,4),(2466,318,2180,4),(2467,318,2181,4),(2468,318,2182,4),(2469,318,2183,4),(2470,318,2184,4),(2471,318,2185,4),(2472,318,2186,4),(2473,318,2187,4),(2474,318,2188,4),(2475,319,2189,6),(2476,319,2189,4),(2477,319,2190,4),(2478,319,2191,4),(2479,320,2192,6),(2480,320,2192,4),(2481,320,2193,4),(2482,320,2194,4),(2483,320,2195,4),(2484,320,2196,4),(2485,320,2197,4),(2486,320,2198,4),(2487,320,2199,4),(2488,320,2200,4),(2489,320,2201,4),(2490,320,2202,4),(2491,320,2203,4),(2492,320,2204,4),(2493,321,2205,6),(2494,321,2206,4),(2495,321,2207,4),(2496,321,2208,4),(2497,321,1725,4),(2498,321,2209,4),(2499,322,375,6),(2500,322,2210,4),(2501,322,955,4),(2502,322,2211,4),(2503,322,2212,4),(2504,323,2213,6),(2505,323,2214,4),(2506,323,2215,4),(2507,323,2216,4),(2508,323,2217,4),(2509,323,2218,4),(2510,324,2219,6),(2511,324,2220,4),(2512,324,1029,4),(2513,324,1952,4),(2514,324,2221,4),(2515,324,2222,4),(2516,324,2223,4),(2517,324,592,4),(2518,325,2224,6),(2519,325,2225,4),(2520,325,2226,4),(2521,325,2227,4),(2522,325,2228,4),(2523,325,2229,4),(2524,326,1781,6),(2525,326,1224,4),(2526,326,1781,4),(2527,326,1205,4),(2528,326,2230,4),(2529,326,2231,4),(2530,326,2232,4),(2531,326,2233,4),(2532,326,2234,4),(2533,326,2235,4),(2534,326,2236,4),(2535,327,2237,6),(2536,327,2238,6),(2537,327,2239,4),(2538,327,2240,4),(2539,327,2241,4),(2540,327,2242,4),(2541,328,2243,6),(2542,328,2244,4),(2543,329,2245,6),(2544,329,2246,4),(2545,329,428,4),(2546,329,2247,4),(2547,329,2248,4),(2548,329,431,4),(2549,329,1545,4),(2550,330,2249,6),(2551,330,2250,4),(2552,330,2251,4),(2553,330,2252,4),(2554,330,2253,4),(2555,330,2254,4),(2556,330,2255,4),(2557,330,641,4),(2558,330,2256,4),(2559,330,2257,4),(2560,330,2258,4),(2561,331,2259,6),(2562,331,2260,4),(2563,331,2261,4),(2564,331,2262,4),(2565,331,2263,4),(2566,332,2264,6),(2567,332,2265,4),(2568,332,2266,4),(2569,332,2267,4),(2570,332,2268,4),(2571,332,2269,4),(2572,332,2270,4),(2573,333,2271,6),(2574,333,2272,4),(2575,333,476,4),(2576,333,2273,4),(2577,333,2274,4),(2578,333,2275,4),(2579,333,2276,4),(2580,333,2277,4),(2581,333,2278,4),(2582,333,2279,4),(2583,333,2280,4),(2584,333,2281,4),(2585,334,2282,6),(2586,334,923,4),(2587,335,2283,6),(2588,335,2284,4),(2589,335,2285,4),(2590,335,2286,4),(2591,336,2287,6),(2592,336,2288,4),(2593,336,2289,4),(2594,336,1577,4),(2595,336,2290,4),(2596,337,2291,6),(2597,337,2292,4),(2598,337,2293,4),(2599,337,2294,4),(2600,337,2295,4),(2601,337,2296,4),(2602,338,2297,6),(2603,338,2298,4),(2604,338,2299,4),(2605,338,2300,4),(2606,339,2301,6),(2607,339,2302,4),(2608,339,2303,4),(2609,339,2304,4),(2610,339,2305,4),(2611,340,2306,6),(2612,340,2307,4),(2613,340,2308,4),(2614,340,2309,4),(2615,340,2310,4),(2616,340,2247,4),(2617,340,2311,4),(2618,340,2312,4),(2619,340,2313,4),(2620,340,2314,4),(2621,340,2315,4),(2622,341,2316,6),(2623,341,2317,4),(2624,341,2318,4),(2625,341,2319,4),(2626,341,2320,4),(2627,341,2321,4),(2628,341,2322,4),(2629,341,2323,4),(2630,341,2324,4),(2631,341,2325,4),(2632,341,2326,4),(2633,341,2327,4),(2634,341,2328,4),(2635,341,2329,4),(2636,342,2330,6),(2637,342,2331,4),(2638,342,2332,4),(2639,342,2333,4),(2640,343,901,6),(2641,343,1727,4),(2642,343,2334,4),(2643,343,2335,4),(2644,343,2336,4),(2645,344,1666,6),(2646,344,2115,4),(2647,344,2337,4),(2648,344,2338,4),(2649,344,2339,4),(2650,344,2340,4),(2651,344,2341,4),(2652,344,2342,4),(2653,344,2343,4),(2654,344,2344,4),(2655,344,2345,4),(2656,345,2346,6),(2657,345,2070,4),(2658,345,1832,4),(2659,345,2347,4),(2660,345,2348,4),(2661,345,2349,4),(2662,345,156,4),(2663,345,2350,4),(2664,345,2351,4),(2665,345,2352,4),(2666,345,2353,4),(2667,346,229,6),(2668,346,1086,4),(2669,346,2354,4),(2670,346,641,4),(2671,346,625,4),(2672,346,2355,4),(2673,346,2356,4),(2674,346,229,4),(2675,346,2357,4),(2676,346,2358,4),(2677,346,2359,4),(2678,347,2360,6),(2679,347,2361,4),(2680,347,2302,4),(2681,347,1482,4),(2682,347,2362,4),(2683,348,944,6),(2684,348,2363,4),(2685,348,2364,4),(2686,348,2365,4),(2687,348,2366,4),(2688,348,1184,4),(2689,348,2367,4),(2690,348,2368,4),(2691,348,2369,4),(2692,348,2370,4),(2693,348,2371,4),(2694,348,2372,4),(2695,348,2373,4),(2696,348,2374,4),(2697,349,2375,6),(2698,349,1712,4),(2699,349,2376,4),(2700,349,2377,4),(2701,349,2378,4),(2702,349,2379,4),(2703,349,2380,4),(2704,349,2381,4),(2705,350,2382,6),(2706,350,2383,4),(2707,350,1541,4),(2708,350,2384,4),(2709,350,2385,4),(2710,350,2386,4),(2711,351,2387,6),(2712,351,2388,4),(2713,351,2389,4),(2714,351,1696,4),(2715,352,2390,6),(2716,352,2391,4),(2717,352,2392,4),(2718,352,2393,4),(2719,352,2394,4),(2720,353,2395,6),(2721,353,2396,4),(2722,353,759,4),(2723,353,894,4),(2724,353,1367,4),(2725,353,2397,4),(2726,353,2398,4),(2727,353,2399,4),(2728,353,2400,4),(2729,354,1601,6),(2730,354,2396,4),(2731,354,2401,4),(2732,354,1952,4),(2733,354,2402,4),(2734,355,2403,6),(2735,355,2404,4),(2736,355,2405,4),(2737,355,2406,4),(2738,355,2407,4),(2739,355,2408,4),(2740,355,2409,4),(2741,355,2410,4),(2742,355,2411,4),(2743,355,2412,4),(2744,355,2413,4),(2745,356,1958,6),(2746,356,2414,4),(2747,356,2415,4),(2748,356,2416,4),(2749,356,1829,4),(2750,356,2417,4),(2751,356,2418,4),(2752,356,1961,5),(2753,357,2419,6),(2754,357,1204,4),(2755,357,2127,4),(2756,357,2420,4),(2757,357,1270,4),(2758,357,1213,4),(2759,357,2421,4),(2760,357,2422,4),(2761,357,2423,4),(2762,357,2424,4),(2763,357,2425,4),(2764,358,2426,6),(2765,358,2427,4),(2766,358,325,4),(2767,358,1422,4),(2768,358,2428,4),(2769,358,2429,4),(2770,358,2430,4),(2771,359,1274,6),(2772,359,2431,4),(2773,359,2432,4),(2774,359,694,4),(2775,359,1701,4),(2776,359,2433,4);
/*!40000 ALTER TABLE `VideoEntity_SharedInfo_Participant` ENABLE KEYS */;
UNLOCK TABLES;

--
-- Table structure for table `VideoEntity_SharedInfo_r_Genre`
--

DROP TABLE IF EXISTS `VideoEntity_SharedInfo_r_Genre`;
/*!40101 SET @saved_cs_client     = @@character_set_client */;
/*!40101 SET character_set_client = utf8 */;
CREATE TABLE `VideoEntity_SharedInfo_r_Genre` (
  `vESharedInfoId` int(10) unsigned NOT NULL default '0',
  `genreId` int(10) unsigned NOT NULL default '0',
  PRIMARY KEY  (`vESharedInfoId`)
) ENGINE=MyISAM AUTO_INCREMENT=4 DEFAULT CHARSET=utf8;
/*!40101 SET character_set_client = @saved_cs_client */;

--
-- Dumping data for table `VideoEntity_SharedInfo_r_Genre`
--

LOCK TABLES `VideoEntity_SharedInfo_r_Genre` WRITE;
/*!40000 ALTER TABLE `VideoEntity_SharedInfo_r_Genre` DISABLE KEYS */;
INSERT INTO `VideoEntity_SharedInfo_r_Genre` VALUES (4,4),(5,5),(6,5),(7,6),(8,4),(9,7),(10,8),(11,9),(13,4),(14,10),(15,11),(16,4),(17,4),(18,12),(19,13),(20,14),(21,15),(22,6),(23,16),(24,5),(25,14),(26,5),(27,17),(28,5),(29,4),(30,18),(31,4),(32,4),(33,5),(34,17),(35,12),(36,19),(37,4),(38,4),(39,17),(40,8),(41,5),(42,20),(43,13),(44,5),(45,4),(46,21),(47,4),(48,22),(49,23),(50,20),(51,24),(52,25),(53,12),(54,4),(55,26),(56,27),(57,4),(58,4),(59,8),(60,28),(61,4),(62,16),(63,4),(64,29),(65,5),(66,6),(67,14),(68,30),(69,4),(70,5),(71,31),(72,4),(74,8),(75,32),(76,17),(77,5),(78,20),(79,5),(80,5),(81,33),(82,14),(83,4),(88,14),(108,5),(121,5),(136,5),(158,38),(159,39),(218,4),(230,4),(245,5),(248,4),(265,20),(267,40),(268,41),(281,5),(305,5),(356,5);
/*!40000 ALTER TABLE `VideoEntity_SharedInfo_r_Genre` ENABLE KEYS */;
UNLOCK TABLES;

--
-- Table structure for table `VideoEntity_SharedInfo_r_Image`
--

DROP TABLE IF EXISTS `VideoEntity_SharedInfo_r_Image`;
/*!40101 SET @saved_cs_client     = @@character_set_client */;
/*!40101 SET character_set_client = utf8 */;
CREATE TABLE `VideoEntity_SharedInfo_r_Image` (
  `vESharedInfoId` int(10) unsigned NOT NULL default '0',
  `imageId` int(10) unsigned NOT NULL default '0',
  `isRecycled` int(10) unsigned NOT NULL default '0',
  PRIMARY KEY  (`vESharedInfoId`)
) ENGINE=MyISAM AUTO_INCREMENT=4 DEFAULT CHARSET=utf8;
/*!40101 SET character_set_client = @saved_cs_client */;

--
-- Dumping data for table `VideoEntity_SharedInfo_r_Image`
--

LOCK TABLES `VideoEntity_SharedInfo_r_Image` WRITE;
/*!40000 ALTER TABLE `VideoEntity_SharedInfo_r_Image` DISABLE KEYS */;
INSERT INTO `VideoEntity_SharedInfo_r_Image` VALUES (4,4,1),(5,5,1),(6,6,1),(7,7,1),(8,8,1),(9,9,1),(10,10,1),(11,11,1),(12,12,1),(13,13,1),(14,14,1),(15,15,1),(16,16,1),(17,17,1),(18,18,1),(19,19,1),(20,20,1),(21,21,1),(22,22,1),(23,23,1),(24,24,1),(25,25,1),(26,26,1),(27,27,1),(28,28,1),(29,29,1),(30,30,1),(31,31,1),(32,32,1),(33,33,1),(34,34,1),(35,35,1),(36,36,1),(37,37,1),(38,38,1),(39,39,1),(40,40,1),(41,41,1),(42,42,1),(43,43,1),(44,44,1),(45,45,1),(46,46,1),(47,47,1),(48,48,1),(49,49,1),(50,50,1),(51,51,1),(52,52,1),(53,53,1),(54,54,1),(55,55,1),(56,56,1),(57,57,1),(58,58,1),(59,59,1),(60,60,1),(61,61,1),(62,62,1),(63,63,1),(64,64,1),(65,65,1),(66,66,1),(67,67,1),(68,68,1),(69,69,1),(70,70,1),(71,71,1),(72,72,1),(73,73,1),(74,74,1),(75,75,1),(76,76,1),(77,77,1),(78,78,1),(79,79,1),(80,80,1),(81,81,1),(82,82,1),(83,83,1),(84,84,1),(85,85,1),(86,86,1),(87,87,1),(88,88,1),(89,89,1),(90,90,1),(91,91,1),(92,92,1),(93,93,1),(94,94,1),(95,95,1),(96,96,1),(97,97,1),(98,98,1),(99,99,1),(100,100,1),(101,101,1),(102,102,1),(103,103,1),(104,104,1),(105,105,1),(106,106,1),(107,107,1),(108,108,1),(109,109,1),(110,110,1),(111,111,1),(112,112,1),(113,113,1),(114,114,1),(115,115,1),(116,116,1),(117,117,1),(118,118,1),(119,119,1),(120,120,1),(121,121,1),(122,122,1),(123,123,1),(124,124,1),(125,125,1),(126,126,1),(127,127,1),(128,128,1),(129,129,1),(130,130,1),(131,131,1),(132,132,1),(133,133,1),(134,134,1),(135,137,1),(136,138,1),(137,139,1),(138,140,1),(139,141,1),(140,142,1),(141,143,1),(142,144,1),(143,145,1),(144,146,1),(145,147,1),(146,148,1),(147,149,1),(148,150,1),(149,151,1),(150,152,1),(151,153,1),(152,154,1),(153,155,1),(154,156,1),(155,157,1),(156,158,1),(157,159,1),(158,160,1),(159,161,1),(160,162,1),(161,163,1),(162,164,1),(163,165,1),(164,166,1),(165,167,1),(166,168,1),(167,169,1),(168,170,1),(169,171,1),(170,172,1),(171,173,1),(172,174,1),(173,175,1),(174,176,1),(175,177,1),(176,178,1),(177,179,1),(178,180,1),(179,181,1),(180,182,1),(181,183,1),(182,184,1),(183,185,1),(184,186,1),(185,187,1),(186,188,1),(187,189,1),(188,190,1),(189,191,1),(190,192,1),(191,193,1),(192,194,1),(193,195,1),(194,196,1),(195,197,1),(196,198,1),(197,199,1),(198,200,1),(199,201,1),(200,202,1),(201,203,1),(202,204,1),(203,205,1),(204,206,1),(205,207,1),(206,208,1),(207,209,1),(208,210,1),(209,211,1),(210,212,1),(211,213,1),(212,214,1),(213,215,1),(214,216,1),(215,217,1),(216,218,1),(217,219,1),(218,220,1),(219,221,1),(220,222,1),(221,223,1),(222,224,1),(223,225,1),(224,226,1),(225,227,1),(226,228,1),(227,229,1),(228,230,1),(229,231,1),(230,232,1),(231,233,1),(232,234,1),(233,235,1),(234,236,1),(235,237,1),(236,238,1),(237,239,1),(238,240,1),(239,241,1),(240,242,1),(241,243,1),(242,244,1),(243,245,1),(244,246,1),(245,247,1),(246,248,1),(247,249,1),(248,250,1),(249,251,1),(250,252,1),(251,253,1),(252,254,1),(253,255,1),(254,256,1),(255,257,1),(256,258,1),(257,259,1),(258,260,1),(259,261,1),(260,262,1),(261,263,1),(262,264,1),(263,265,1),(264,266,1),(265,267,1),(266,268,1),(267,269,1),(268,270,1),(269,271,1),(270,272,1),(271,273,1),(272,274,1),(273,275,1),(274,276,1),(275,277,1),(276,278,1),(277,279,1),(278,280,1),(279,281,1),(280,282,1),(281,283,1),(282,284,1),(283,285,1),(284,286,1),(285,287,1),(286,288,1),(288,289,1),(289,290,1),(290,291,1),(291,292,1),(292,293,1),(293,294,1),(294,295,1),(295,296,1),(296,297,1),(297,298,1),(298,299,1),(299,300,1),(300,301,1),(301,302,1),(302,303,1),(303,304,1),(304,305,1),(305,306,1),(306,307,1),(307,308,1),(308,309,1),(309,310,1),(310,311,1),(311,312,1),(312,313,1),(313,314,1),(314,315,1),(315,316,1),(316,317,1),(317,318,1),(318,319,1),(319,320,1),(320,321,1),(321,322,1),(322,323,1),(323,324,1),(324,325,1),(325,326,1),(326,327,1),(327,328,1),(328,329,1),(329,330,1),(330,331,1),(331,332,1),(332,333,1),(333,334,1),(334,335,1),(335,336,1),(336,337,1),(337,338,1),(338,339,1),(339,340,1),(340,341,1),(341,342,1),(342,343,1),(343,344,1),(344,345,1),(345,346,1),(346,347,1),(347,348,1),(348,349,1),(349,350,1),(350,351,1),(351,352,1),(352,353,1),(353,354,1),(354,355,1),(355,356,1),(356,357,1),(357,358,1),(358,359,1),(359,360,1);
/*!40000 ALTER TABLE `VideoEntity_SharedInfo_r_Image` ENABLE KEYS */;
UNLOCK TABLES;

--
-- Table structure for table `VideoEntity_Sources`
--

DROP TABLE IF EXISTS `VideoEntity_Sources`;
/*!40101 SET @saved_cs_client     = @@character_set_client */;
/*!40101 SET character_set_client = utf8 */;
CREATE TABLE `VideoEntity_Sources` (
  `sourceId` int(10) unsigned NOT NULL auto_increment,
  `videoEntityId` int(10) unsigned NOT NULL default '0',
  `sourceHostId` int(10) unsigned NOT NULL default '0',
  `sourceTypeId` int(10) unsigned NOT NULL default '0',
  `sourceQualityId` int(10) unsigned NOT NULL default '0',
  `path` varchar(255) NOT NULL default '',
  `slug` varchar(255) NOT NULL default '',
  PRIMARY KEY  (`sourceId`)
) ENGINE=MyISAM AUTO_INCREMENT=4 DEFAULT CHARSET=utf8;
/*!40101 SET character_set_client = @saved_cs_client */;

--
-- Dumping data for table `VideoEntity_Sources`
--

LOCK TABLES `VideoEntity_Sources` WRITE;
/*!40000 ALTER TABLE `VideoEntity_Sources` DISABLE KEYS */;
/*!40000 ALTER TABLE `VideoEntity_Sources` ENABLE KEYS */;
UNLOCK TABLES;

--
-- Table structure for table `VideoEntity_Synopsis`
--

DROP TABLE IF EXISTS `VideoEntity_Synopsis`;
/*!40101 SET @saved_cs_client     = @@character_set_client */;
/*!40101 SET character_set_client = utf8 */;
CREATE TABLE `VideoEntity_Synopsis` (
  `videoEntityId` int(10) unsigned NOT NULL auto_increment,
  `synopsis` text NOT NULL,
  PRIMARY KEY  (`videoEntityId`)
) ENGINE=MyISAM AUTO_INCREMENT=337 DEFAULT CHARSET=utf8;
/*!40101 SET character_set_client = @saved_cs_client */;

--
-- Dumping data for table `VideoEntity_Synopsis`
--

LOCK TABLES `VideoEntity_Synopsis` WRITE;
/*!40000 ALTER TABLE `VideoEntity_Synopsis` DISABLE KEYS */;
INSERT INTO `VideoEntity_Synopsis` VALUES (4,'Martin Frost, un escritor de éxito, acaba de publicar un libro cuando decide retirarse una temporada a una casa de campo. Al despertarse la primera mañana, Frost descubre sorprendido a una misteriosa y deslumbrante mujer tumbada a su lado. Fascinado por su belleza e inteligencia, Martin se apasiona profundamente por ella y piensa que se ha encontrado con su musa que le va a ayudar a escribir su mejor novela.<br />\r\n<br />\r\n¿Quién es esta mujer misteriosa que tan bien conoce su vida y su obra? ¿Será una musa real? ¿Será una imaginación suya? ¿Será un fantasma que se ha deslizado en la vida privada de Martin Frost?'),(5,'Les presentamos a Juno MacGuff (Ellen Page), una confiadamente franca adolescente que lleva la voz cantante con una calma despreocupada y una actitud natural a medida que viaja a través de una emocional aventura de nueve meses que la lleva a la edad adulta. Dotada de un rápido ingenio y distintivamente singular, Juno recorre las salas del instituto Dancing Elk yendo a su bola  preferiblemente, al ritmo de cualquier canción de The Stooges  pero debajo de su duro y sensato exterior se oculta simplemente una adolescente que trata de explicárselo todo. <br />\r\n<br />\r\nMientras que la mayoría de las chicas de Dancing Elk están actualizando su página de MySpace o de compras en el centro comercial, Juno es una adolescente de Minnesota, aguda como un puñal y que vive de acuerdo con sus propias reglas. Una tarde típicamente aburrida se transforma en algo exactamente opuesto cuando Juno decide mantener relaciones sexuales con el encantadoramente sencillo Bleeker (Michael Cera). Enfrentándose a un embarazo imprevisto, ella y su mejor amiga Leah (Olivia Thirlby) urden un plan para encontrar al niño que Juno trae de camino la perfecta pareja de padres por gentileza de la sucursal local de Penny Saver. Fijan su mirada en Mark y Vanessa Loring (Jason Bateman y Jennifer Garner), una acomodada pareja de las afueras que desean adoptar a su primer hijo. Por suerte, Juno goza del apoyo de su padre y su madrastra (J.K. Simmons y Allison Janney). Después de la sacudida inicial que supone el enterarse de que su hija ha estado sexualmente activa con el improbablemente viril Bleeker, la familia se une para ayudar a Juno. Papá Mac acompaña a Juno a evaluar a los posibles padres adoptivos, a fin de asegurarse de que no sean una pareja de primaveras mientras que la madrastra Bren proporciona apoyo emocional cuando Juno combate con los prejuicios que acompañan al embarazo de una menor. A medida que Juno se acerca más y más a la salida de cuentas, el revestimiento de la idílica vida de Mark y Vanessa comienza a dar señales de estar agrietándose. Mientras que el otoño se vuelve invierno y el invierno se transforma en primavera, los cambios físicos de Juno reflejan su crecimiento personal. Con un intrépido intelecto muy alejado de la habitual angustia adolescente, Juno resuelve sus problemas de frente, exhibiendo una juvenil exhuberancia tan aguda como inesperada.'),(6,'Andy Sargentee  (Jeff Bridges) está divorciado, pero con la ayuda de sus variopintos cinco amigos tiene una genial idean para hacer sus sueños realidad. Reunir a su pequeña ciudad para hacer una película para adultos. Ellos piensan que han encontrado el camino a la fama y la fortuna, pero su fantasía rápidamente se complica con algunos divertidísimos escollos en el camino.'),(7,'Inglaterra, un día de 1935, el más caluroso del año. A pesar de la creciente amenaza de la II Guerra Mundial, Briony Tallis y su familia viven como auténticos privilegiados en su enorme mansión victoriana neogótica. Toda la familia se reúne para el fin de semana, pero el opresivo calor y las emergentes emociones reprimidas crean una soterrada sensación de peligro. Briony, una escritora en ciernes, es una chica con mucha imaginación. Una serie de catastróficos malentendidos hace que acuse a Robbie Turner, el hijo del ama de llaves y amante de su hermana Cecilia, de un crimen que no ha cometido. La acusación destruye el amor naciente entre Robbie y Cecilia, además de cambiar dramáticamente el curso de sus vidas.'),(8,'Tras el fallecimiento de su mujer, Stanley (John Cusack) se ha quedado a solas con sus hijas. Como le resulta muy difícil explicarles lo sucedido, decide emprender un espontáneo viaje a un parque de atracciones. Mientras más se aleja de casa, más cerca está de sus hijas, y esto le ayudará a encontrar el momento de decirles la verdad.'),(9,'The walker es la historia de Carter Page III, un \"acompañante\" de la alta sociedad de Washington DC, un \"trabajo\" que consiste en escoltar a las mujeres de los ricos y poderosos a la opera y cosas similares mientras sus maridos están demasiado ocupados y no quieren ser molestados.<br />\r\n<br />\r\nEste \"acompañante\" tiene tres amistades importantes, todas mujeres de cierta edad, Lynn, Abby y Natalie al mismo tiempo que su pareja, un hombre más joven llamado Emek. Carter y sus amigas se reúnen y juegan a la canasta cada miércoles.<br />\r\n<br />\r\nLynn, la mujer de un senador liberal, se pone en contacto con Carter cuando ella descubre que su amante ha sido asesinado. Para librar a ella y a su marido de esta situación embarazosa para su reputación política Carter acuerda decir que ha sido él, y no Lynn, quien descubrió el cadáver.<br />\r\n<br />\r\nTodo se complica cuando Mungo Tenant, un ambicioso y conservador abogado de distrito, implica a Carter y a Lynn en el asesinato del amante. Carter se ve pronto envuelto en una red de conspiración y motivos encontrados. Él es también el hijo de un senador y gobernador de Virginia pero se enorgullece de ser \"superficial\" y \"la oveja negra\". Mientras la conspiración crece y sus amistades le traicionan, él tiene que decidir como de \"superficial\" realmente es: ¿Ha de volverse en contra de los amigos que le han traicionado para salvar su pellejo? ¿Hasta que punto ha de involucrarse?<br />\r\n<br />\r\nCarter y Emek (un reportero fotográfico) usando sus propias conexiones se proponen descubrir quien está detrás de esta trama para difamar a Lynn (y por consiguiente a su marido) y como se vincula esto con el asesinato del amante.'),(10,'\"Nanking\"  es una poderosa mirada de como la guerra es cápaz de destrozar el corazón de gente inocente y también es un fiel testigo del corage y convicción de como unos pocos individuos son capaces de plantar cara al mismo diablo de la guerra.<br><br>La película cuenta la historia de la invasión japonesa de Nanking, China en los primeros días de la segunda Guerra Mundia.'),(11,'Basada en un relato de Stephen King, la película cuenta la historia de un escéptico novelista de terror (John Cusack), investigador de lo paranormal, que sólo cree en aquello que ven sus ojos.<br />\r\n<br />\r\nTras dedicarse a desacreditar fenómenos paranormales por todo el mundo, Mike empieza su nuevo bestseller sobre los hoteles embrujados. Sin embargo, todo cambiará cuando entre en la habitación 1408 del Hotel Dolphin.'),(12,'Shanghái, 1942. La ciudad está ocupada por los japoneses. La Sra. Mak, una mujer sofisticada y adinerada, entra en un café, hace una llamada y se sienta a esperar. Recuerda...<br />\r\n<br />\r\n...cómo empezó todo hace unos años, en la China de 1938. En realidad no se llama Sra. Mak, sino Wong Chia Chi (Tang Wei). Un poco antes de la II Guerra Mundial su padre huyó a Inglaterra, dejándola en China. Era estudiante universitaria y conoció a Kuang Yu Min (Wang Leehom), que acababa de fundar una sociedad teatral para fomentar el patriotismo. Wong Chia Chi se convirtió en la primera actriz de la compañía y descubrió que era capaz de conmover al público y a Kuang. Este último convenció a un grupo de estudiantes para llevar a cabo un ambicioso plan para asesinar a un importante colaborador de los japoneses, el Sr. Yee (Tony Leung). Asignó un papel a cada estudiante: Wong Chia Chi era la Sra. Mak, que debía ganarse la confianza de Yee haciéndose amiga de su mujer (Joan Chen) para acabar seduciéndolo. La joven se transformó interior y exteriormente para hacer su papel. Todo iba según lo previsto hasta que un acontecimiento inesperado la obligó a huir.<br />\r\n<br />\r\nShanghái, 1941. La ocupación no tiene visos de acabar. Wong Chia Chi, que ha regresado de Hong Kong donde se refugió, vive como una autómata. Pero Kuang vuelve a aparecer inesperadamente. Ahora forma parte de la resistencia y la convence para que se transforme de nuevo en la Sra. Mak y recuperar el plan para matar a Yee, ahora jefe del servicio secreto y pieza clave en el gobierno impuesto por los japoneses. Wong Chia Chi vuelve a encarnar el papel de la Sra. Mak, pero se siente cada vez  más atraída por su peligrosa presa y ve que está a punto de perder su verdadera  identidad...<br><br></span><span class=descripcion>Género: Thriller<br><br></span><span class=descripcion>Duración: 2007 min.'),(13,'Maggie, una mujer de mediana edad, debe conseguir dinero para pagar el tratamiento médico que necesita su nieto. A pesar de haber agotado sus recursos financieros, Maggie se esfuerza en animar a los desesperados padres del niño, su hijo Tom y su nuera Sarah.<br />\r\n<br />\r\nAndando por Londres ve un cártel de \"Se busca azafata\" y Maggie, ingenua, entra sin pensarlo en un club erótico. Cuando se entera exactamente de qué se trata, la respetable viuda de clase media se queda sorprendida. Pero Maggie decide aceptar el trabajo porque es un modo rápido de obtener dinero para pagar el tratamiento del pequeño Olly.<br />\r\n<br />\r\nMaggie es tímida y no lo pasa bien en \"Sexy World\", un mundo que queda mucho más lejos que el trayecto en tren desde su respetable pueblo en las afueras de la gran ciudad. Su ingeniosa compañera Luisa le enseña los trucos del oficio y nace una sorprendente amistad entre las dos mujeres. Miki, el dueño del local, es un tipo duro y mujeriego que se ablanda delante de Maggie y la transforma en la muy demandada y lucrativa \"Irina Palm\". Maggie acaba por demostrarse a sí misma que no es tan vieja ni tan inútil.<br />\r\n<br />\r\nSin embargo, la doble vida de la viuda no tarda en llamar la atención de sus amigas y vecinas, auténticas cotillas. Maggie no revela su secreto, y menos aún a su hijo. Pero es inevitable que la descubran. Deberá enfrentarse al feo rostro de la hipocresía provinciana, además de cuestionarse su moral. Con la cabeza bien alta, la simpática Maggie quizá encuentre algo más que el amor de su familia...'),(14,'19 de noviembre de 2005, Hadiza, Iraq.<br />\r\n<br />\r\nUnos insurgentes iraquíes bombardean un convoy de marines estadounidenses, lo que ocasiona la muerte de su oficial más popular. Enfurecidos por su pérdida, sus jóvenes compañeros marines emprenden unas brutales represalias. Sus violentas búsquedas casa por casa originan la matanza de 24 personas, muchas de ellas mujeres y niños, trágicas bajas de una guerra que no podían controlar.<br />\r\n<br />\r\nLos marines también son unas víctimas, que se ven atacadas, heridas y obligadas a replicar en la forma en que han sido entrenadas. Pero cuando los acontecimientos se suceden a gran velocidad y en condiciones de máximo estrés, ¿se puede acusar de asesinato a unos marines en la línea de fuego?'),(15,'Una jovén decide trabajar de Santa Claus en una tienda con la idea de encontrar un nuevo marido para su madre.'),(16,'Rubén trabaja como guardaespaldas de un Ministro argentino. Sigue sus pasos dentro de un mundo que le es ajeno.<br />\r\n<br />\r\nSi el Ministro sale de su auto, Rubén sale del suyo. Si el Ministro gira hacia la izquierda, Rubén gira a la izquierda. Si el Ministro viaja a Mar del Plata, Rubén viaja a Mar del Plata con él. Si el Ministro va al campo con su familia el fin de semana, Rubén tiene que ir con ellos. Si el Ministro decide tomarse un descanso y dormirse un rato, Rubén tiene que vigilar a un hombre dormido.<br />\r\n<br />\r\nEl Custodio nos acerca a un hombre que ha dejado de sentir su vida como tal, de ser protagonista de su propia vida. Sumido en esta especie de inexistencia irá moviéndose como una sombra en el mundo de los que le rodean.'),(17,'Iniciativa que reúne a varios de los directores más reconocidos del mundo para retratar las historias de lucha y adversidad de 7 niños anónimos alrededor del mundo. Liderado por la UNICEF, las ganancias netas de este proyecto humanitario y artístico serán destinadas a las entidades que abogan por todos esos `niños invisibles\" que hay en el mundo.'),(18,'Para Ben Gates (Nicolas Cage), la historia no sólo es un vago recuerdo de lo que ocurrió en un lejano y borroso pasado. Para él la historia está viva, es esencial, y brinda la posibilidad de encontrar extraordinarios tesoros. Después de su asombroso descubrimiento del tesoro de los Caballeros Templarios, Ben se ha convertido en el cazatesoros más famoso del mundo aunque él prefiere que le llamen el \"protector de tesoros\". En \"National Treasure: Book of Secrets\" (La Búsqueda 2: El Diario secreto), Ben y su padre, el profesor universitario Patrick Gates (Jon Voight), se quedan petrificados al descubrir una de las páginas perdidas del diario de John Wilkes Booth, el asesino de Lincoln. El diario se encontró en el cadáver de Booth cuando éste fue asesinado; sin embargo, se arrancaron varias páginas cuyo paradero se desconocía... hasta ahora. Sorprendentemente, la información que contiene esa página parece implicar a Thomas Gates, su antepasado, como uno de los conspiradores del asesinato del Presidente Lincoln. <br />\r\n<br />\r\nBen tiene que trabajar con la que es ahora su exnovia, la conservadora de museo Abigail Chase (Diane Kruger) y su gurú de la tecnología Riley Poole (Justin Bartha) en una trepidante y peligrosa aventura que recorre los lugares sagrados de Washington, D.C., así como localizaciones en París, Londres y la América profunda. <br />\r\n<br />\r\nBen, Patrick, Abigail y Riley van desenmarañando meticulosamente claves que amenazan con dar un giro completo a la Historia y también a sus vidas. Su búsqueda de la verdad histórica les conduce a una pista sobre el que parece ser el libro mejor guardado del mundo y que les conduce a un tesoro mitológico. Contra la opinión de Patrick, Ben recurre a un arma secreta: su increíble madre y exmujer de Patrick, la profesora de lingüística Emily Appleton (Helen Mirren) con la que no se habla desde hace 32 años. Su madre no tarda en caer en el hechizo del misterio pero el equipo no está solo en esta empresa. El hombre que le mostró a Ben la página perdida es Mitch Wilkinson (Ed Harris), que también esconde una misteriosa historia familiar. Pero su ambición no es tan noble ya que sólo quiere encontrar el tesoro. Esto le enfrentará al resto del grupo que aspira desesperadamente a desentrañar los secretos que esconde la página medio quemada del diario y que pertenecen al pasado de la nación americana.<br />\r\n<br />\r\nEl oscarizado actor Nicolas Cage vuelve a interpretar el papel de Ben Gates en La Búsqueda 2: El Diario secreto. Se trata de una aventura épica que combina acción, humor e historia, la misma receta de La Búsqueda (2004). En esta ocasión, Cage está acompañado de otras dos estrellas ganadoras de un Oscar. Se trata de Jon Voight (Transformers) que interpreta a Patrick Gates, el irascible padre de Ben, y de Helen Mirren (The Queen) que encarna a la Dra. Emily Appleton, la madre de Ben y exmujer de Patrick, que se ve arrastrada en la búsqueda de la verdad que emprende su familia.<br />\r\n<br />\r\nOtros actores que regresan a La Búsqueda 2: El Diario secreto son Harvey Keitel en su papel del agente especial del FBI Sadusky, que a pesar de respetar a Ben sabe que tiene que arrestarle; Diane Kruger, en el papel de la conservadora de museo Abigail Chase, que comparte con Ben su pasión por la historia; y Justin Bartha que encarna al divertido Riley Poole, un genio de la cibernética.<br />\r\n<br />\r\nA ellos se une Ed Harris (nominado cuatro veces a los Premios de la Academia) que interpreta a Mitch Wilkinson. Este personaje tiene que defender la historia de su propia familia lo que choca frontalmente con el legado de la familia Gates.<br />\r\n<br />\r\nOtro actor que aparece en la cinta es Bruce Greenwood en el papel del Presidente de los Estados Unidos y que puede tener la llave que abre la puerta a un pasado que Ben Gates busca desesperadamente.'),(19,'Robert Neville (Will Smith) es un brillante científico, pero a pesar de esto no ha podido impedir la expansión de un terrible virus imparable, incurable y creado por el hombre. Neville, de algún modo inmune a este virus, es ahora el último superviviente humano que queda en la ciudad de Nueva York y quizás en el mundo.  Durante tres años, Neville ha enviado constantemente todos los días mensajes por radio, de forma desesperada para saber si podía encontrar otros supervivientes que pudieran estar en otras partes. Pero no está solo. Víctimas mutantes de la plagalos Infectadosmerodean en las sombrasvigilando cada uno de los movimientos de Nevilleesperando que éste cometa un error fatal. Tal vez para la última y mejor esperanza de la humanidad, Neville se ve impulsado hacia la única misión que le queda: encontrar la forma de dar marcha atrás a los efectos del virus utilizando su propia sangre inmune. Pero sabe que está en condiciones de inferioridady que se le acaba el tiempo.'),(20,'En los Estados Unidos hay un grupo de élite de hombres y mujeres a los que se les confía las llaves de nuestro país. Los agentes del Federal Bureau of Investigation (Oficina Federal de Investigación) juran, no sólo proteger la ley, sino servir a los Estados Unidos con el mismo honor con el que lo harían a su propia familia.<br />\r\n<br />\r\nEsta es la historia de un hombre que nos traicionó a todos.<br />\r\n<br />\r\nInspirada en hechos reales, El Espía es un thriller dramático ambientado dentro de las paredes del FBI, que es el guardián de los secretos más sensibles y volátiles de la nación.<br />\r\n<br />\r\nEn febrero de 2001, el conocido agente del FBI Robert Hanssen fue declarado culpable de traición contra los Estados Unidos. Durante más de dos décadas, Hanssen vendió secretos clave de inteligencia a la antigua Unión Soviética deliberada y sistemáticamente. Hoy, el ganador de un premio de la Academia, CHRIS COOPER (American Beauty, Adaptation) protagoniza a Hanssen, uno de los espías más famosos de Estados Unidos.<br />\r\n<br />\r\nRYAN PHILLIPE (Crash, Banderas de Nuestros Padres) se une a Cooper interpretando a Eric ONeill, el joven agente en prácticas seleccionado por el FBI para ayudar a descubrir la tapadera de Hanssen. Cuando ascienden a ONeill de su trabajo de vigilancia de poca monta al cuartel general del FBI, su sueño de convertirse en un agente hecho y derecho está a punto de convertirse en realidad. Aún más impresionante es que ONeill es seleccionado para trabajar para el conocido operativo Hanssen dentro de seguridad de información, una nueva división creada para proteger toda la inteligencia clasificada del FBI. Sin embargo, su entusiasmo pronto se convierte en ansiedad cuando ONeill se enfrenta a la auténtica razón detrás de su inesperada promoción. Hanssen es el único objetivo de una investigación larga y de alto secreto; es sospechoso de ser un topo que se ha convertido en extremadamente peligroso por la importancia puramente global de la información que protege.<br />\r\n<br />\r\nEl FBI pide a ONeill que utilice la creciente confianza que Hanssen tiene en el aprendiz para hacer salir poco a poco al traidor de la madriguera. Ahora, involucrado en un juego letal de espía contra espía, ONeill se ve luchando para detener a Hanssen antes de que el agente doble traidor pueda destruirlo a él, su familia y la nación que han jurado servir.'),(21,'Alvin y las ardillas se transforma en un acontecimiento cinematográfico, mezcla de acción en vivo y de imágenes creadas por ordenador. El compositor Dave Seville convierte a las ardillas cantarinas Alvin, Simon y Theodore en auténticas sensaciones del pop  mientras que el despendolado trío arrasa el hogar de Dave, hace estragos en su carrera y pone patas arriba su vida, que en un tiempo pasado fue ordenada.'),(22,'Lejos de ella es la lírica adaptación cinematográfica del relato The Bear Came Over the Mountain, de la prestigiosa autora Alice Munro.<br />\r\n<br />\r\nLejos de ella es una historia de amor sobre la memoria y sobre los tortuosos e indescriptibles vericuetos de un largo matrimonio: Grant (Gordon Pinsent) y Fiona (Julie Christie), que llevan 50 años casados, poseen un sentido del compromiso aparentemente inquebrantable y una vida llena de ternura y humor. Esta serenidad sólo se ve perturbada cuando, ocasionalmente, Fiona hace alguna referencia comedida al pasado, dando la sensación de que el matrimonio no siempre ha sido un cuento de hadas. Esta tendencia de Fiona, unida a su evidente pérdida de memoria, producen unos momentos de tensión que ambos suelen romper con algún comentario desenfadado. Pero cuando estos fallos de memoria se vuelven más evidentes y dramáticos, ninguno de los dos puede seguir eludiendo la realidad: Fiona padece la enfermedad de Alzheimer.<br />\r\n<br />\r\nFinalmente, Fiona decide ingresar en Meadowlake, una residencia especializada en su enfermedad. Una de las normas más arcaicas de Meadowlake es la prohibición de que los pacientes reciban visitas durante el primer mes de estancia, para facilitar su adaptación. Tras 30 angustiosos días de estar separado de su mujer, Grant vuelve a Meadowlake para descubrir que Fiona parece no acordarse de él y haber volcado todo su afecto en Aubrey (Michael Murphy), otro residente.<br />\r\n<br />\r\nGrant, que no ve otra opción que aceptar que Fiona crea que es un atento conocido suyo, la visita a diario y se ve obligado a ser testigo del sólido vínculo que va creando entre ella y Aubrey. Con el tiempo, Grant se hace amigo de Kristy (Kristen Thomson), una noble enfermera que, conmovida por su fiel devoción hacia su esposa, empieza a interesarse por él. Pero a través de sus conversaciones, la imperfecta historia de Grant y la perversa justicia poética de la agonizante situación entre Fiona y Aubrey se vuelven evidentes.<br />\r\n<br />\r\nCuando la mujer de Aubrey, Marian (Olympia Dukakis), vuelve de sus vacaciones, decide sacarlo repentinamente de la residencia. Destrozada por la separación, Fiona se sume en una profunda depresión y sufre un rápido deterioro. Temiendo por su vida, Grant se embarca en el mayor acto de sacrificio que haya hecho para devolverle la felicidad a su mujer en sus últimos días.'),(23,'Profundamente decepcionado con el mundo y sus habitantes, Dios decide enviar a la tierra un diluvio que acabe con todo. Pero antes, encarga al anciano Noé (el único hombre justo y bueno sobre la faz de la tierra) que construya un arca gigantesca y embarque en ella a una pareja de cada especie animal.<br />\r\n<br />\r\nTras celebrar una concurrida asamblea, los animales aceptan la invitación cursada por Noé para cumplir con el mandato divino. Pero la convivencia a bordo no se presenta precisamente como algo placentero: Noé no consigue encauzar el rumbo de un barco en el que los depredadores conspiran para comerse a los herbívoros y su familia (compuesta por tres hijos y sus respectivas mujeres) no para de discutir por todo.<br />\r\n<br />\r\nEl león Xiro, rey de los animales, es un joven superficial, presumido  e irresponsable que cree que se ha embarcado en un viaje de placer; junto a él Kairel, su accidental compañera de viaje, secretamente enamorada de él, intenta transmitirle las aptitudes de liderazgo de las que el heredero carece. <br />\r\n<br />\r\nEn las sombras de la nave, el rencoroso tigre Dagnino, secundado por una pandilla de depredadores que muere por comerse a los herbívoros, hará todo lo posible para derrocar a Xiro, a la vez que Farfán y Esther, dos mercaderes codiciosos que suben al Arca como polizontes escapando al desastre climático, conspiran contra Noé para tomar el control del barco.<br />\r\n<br />\r\nDesde el cielo, Dios vigilará paso a paso el curso de los acontecimientos, acompañado por su fiel asistente y escriba Ángel, quien recopila material para la obra destinada a convertirse en el mayor best-seller de todos los tiempos.'),(24,'Un antiguo campeón de ping pong es reclutado por el gobierno de los EE.UU. para participar en un torneo en China tras el cual se esconde una supuesta red criminal.'),(25,'Basada en una historia real, la película cuenta el ascenso a la fama de un hombre que salió de las calles de Harlem en los años setenta y alcanzó la cúspide del poder, convirtiéndose en el representante más despiadado en su negocio antes de que lo derribara un policía decidido a hacer justicia. <br />\r\n<br />\r\nA principios de los setenta, los polis corruptos abundaban en las calles de Nueva York. La guerra de Vietnam hacía estragos en Oriente y en Estados Unidos. Numerosos soldados volvían a casa muertos o adictos a un opiáceo llamado heroína, que compartían con jóvenes deseosos de experimentar cosas nuevas y que se enganchaban a la droga. Con la ayuda de las fuerzas del orden, la mafia funcionaba con casi total impunidad en este mercado libre de competencia, vendiendo miles de kilos de caballo a los adictos. Unos cuantos hombres blancos privilegiados e intocables pagaban cientos de millones de dólares a jueces, abogados y policías de Nueva York para que nadie abriera la boca y esa provechosa relación se mantuviera. Nadie se atrevía con los tentáculos de la Cosa Nostra.<br />\r\n<br />\r\nHasta que apareció un hombre de negocios negro llamado Frank Lucas (Denzel Washington).<br />\r\n<br />\r\nNadie se fijaba en Frank, el callado ayudante de Bumpy Johnson, uno de los principales jefes de la mafia negra posterior a la guerra de Vietnam. Frank Lucas aprovechó el hueco abierto en la estructura de poder por la repentina muerte de su jefe para construir su propio imperio y crear su versión del <i>\"éxito americano\"</i>. A pesar de no haber estudiado en un colegio, Frank Lucas disponía de todos los conocimientos que había cosechado en la calle, y los aplicó, con gran ingenuidad y estricta ética profesional, para hacerse con el negocio de la droga en el centro de la ciudad, ofreciendo un producto más puro por menos dinero. Fue más astuto que cualquier organización criminal, convirtiéndose en uno de los principales traficantes de la ciudad y, a la vez, en una de sus superestrellas.<br />\r\n<br />\r\nRichie Roberts (Russell Crowe) es un policía duro, acostumbrado a la calle, que no tarda en darse cuenta de que el control del hampa está cambiando de manos. Cree que alguien se está aupando por encima de las conocidas familias mafiosas y empieza a sospechar que un traficante negro ha salido de la nada para apoderarse de la situación. Tanto Lucas como Roberts se basan en un código ético muy riguroso que les diferencia del resto de sus coetáneos. Son dos figuras solitarias en lados opuestos de la ley, pero el destino de los dos hombres se cruzará a medida que se acerca un enfrentamiento que no sólo cambiará sus vidas, sino que alterará el rumbo de toda una generación de neoyorquinos.<br />\r\n<br />\r\nRodada en decorados naturales de Nueva York y Tailandia, American Gangster abarca los años de la guerra de Vietnam, de 1968 a 1974. La aparición de Lucas y Roberts en la época posterior a la explosión demográfica  al principio cada uno por su lado, y luego juntos  marcaría el principio del fin de una época sin ley que llevó a miles de personas a la muerte. En una ciudad corrupta y en una época difícil, dos hombres que vivían en polos opuestos del sueño americano no sabían que, a pesar suyo, pasarían de ser enemigos mortales a aliados.'),(26,'En Escuela de pringaos, Jon Heder interpreta a Roger, un atribulado controlador de aparcamiento de la ciudad de Nueva York, acosado por sus propios problemas de ansiedad y autoestima. Con objeto de dejar atrás su inseguridad, Roger se apunta a un curso ultrasecreto de confianza personal, impartido por el experto Dr. P (Billy Bob Thornton). Ayudado por su asistente, Lesher (Michael Clarke Duncan), el Dr. P hace uso de métodos poco ortodoxos, cuando no peligrosos, pero que garantiza resultados: <i>\"emplea sus técnicas y desatarás el león que llevas dentro\"</i>.  <br />\r\n<br />\r\nRodeado por sus compañeros de aula, una pandilla de inadaptados, - Walsh (Matt Walsh), que no desea otra cosa en la vida más que mudarse y dejar el sótano de su madre; Diego (Horatio Sanz), que padece toda la ira de su mujer; y Eli (Todd Louiso), un tipo tímido que sólo busca compañía femenina  la confianza en sí mismo de Roger crece y progresa hasta ser el primero de la clase, incluso encontrando el coraje necesario para invitar a salir a la chica que le ha gustado desde siempre, Amanda (Jacinda Barrett).  Pero Roger descubre pronto que ser un estudiante estrella supone despertar el lado competitivo del Dr. P, que no soporta que sus alumnos puedan compararse con él. El profesor no tardará en infiltrarse en la vida personal y profesional de Roger para destruirla. El Dr. P no tiene límites, ni siquiera el objeto de los afectos de Roger. Para conseguir que Amanda se de cuenta de la verdadera calaña del Dr. P, Roger tendrá que espabilar y conseguir el apoyo de sus nuevos amigos y encontrar una forma de derrotar al doctor en su propio juego.'),(27,'Negra Navidad narra la historia de  Billy, un joven que sufre malos tratos por parte de su madre cuando niño. Su progenitora engaña al padre hasta que finalmente le asesina y encierra al niño en la buhardilla con intención permanente, para pasar a vivir  junto a su amante y comenzar una nueva familia. Mientras, la madre queda nuevamente embarazada de una niña y, al tenerla, la trata amorosamente, cosa que Billy jamás ha experimentado de ella. Cierto día, tras años de encierro, éste logra liberarse y asesina brutalmente tanto a su madre como al amante de la misma. En un salto al presente, nos hallamos ante un grupo de seis chicas de una residencia universitaria: Kelli (Katie Cassidy), Dana (Lacey Chabert), Lauren (Crystal Lowe), Megan (Jessica Harmon), Heather (Mary Elizabeth Winstead) y Melissa (Michelle Trachtenberg), además de la encargada de la residencia de las mismas (Andrea Martin), quien ahora vive en lo que fue la casa de la infancia de Billy. Este grupo femenino se ve acosado por unas misteriosas llamadas telefónicas amenazantes e intimidatorias que se producen durante las vacaciones navideñas; cuando una de las chicas desaparece, las otras comienzan a ser asesinadas, una a una, por alguien que no es sino Billy...'),(28,'Tras asesinar al profesor del que estaba enamorada, Silvia le empieza a coger el gustillo a la cosa y hace lo propio con un vendedor de artículos nazis. Sus compañeros de clase, hartos de encubrirla, deciden que ellos también quieren quitarse de encima a los profesores y vecinos que les hacen la vida imposible. Así que se organizan en comités de asesinatos, enterramientos... Mientras, un incompetente policía tratará de resolver el caso de las misteriosas desapariciones.'),(29,'1915. En una pequeña ciudad de Turquía la guerra parece lejana, lejanas las persecuciones contra la minoría armenia. Armenia es la familia Avakian, que abre su bella casa por el funeral de su patriarca. También el Coronel Arkan (Andrè Dussolier), representante de la autoridad turca, viene a rendir homenaje. \"Gracias por este gesto de paz\" le murmura Aram (Tcheky Karyo) en nombre de la familia. Después de muchos años volverá de Italia el hijo mayor Assadour (Mariano Rigillo) que ejerce en Padua la profesión de médico: a él el padre le ha dejado la vieja Casa de las alondras. Aram con la mujer Arminech (Arsinee Khanjian), vivaz y exuberante, tía Hasmig, el pequeño Avetis (Nicolò Diana) y sus hermanas se preparan para acogerlo con impaciencia, mientras Nunik (Paz Vega), joven y exuberante, vive con ansiedad su relación escondida con Egon (Alessandro Preziosi), un joven oficial turco. Un amor peligroso, imposible. Egon pertenece al partido de los \"Jóvenes Turcos\" que se está organizando secretamente para realizar el mito de la \"Gran Turquía\". <br />\r\n<br />\r\nLa familia Avakian parece no advertir la tormenta que se está acercando: celebran la restauración de la casa bailando al son del Kocharì. Pero en mayo Italia se alinea junto a Francia contra Austria y el Imperio Turco. Las fronteras son cerradas. Assadour intenta inútilmente, afanosamente, partir. Tiene que permanecer en Italia mientras en Turquía el partido de los \"Jóvenes Turcos\" ordena la masacre de los armenios. <br />\r\n<br />\r\nSe refugia ingenuamente en la Casa de las alondras, Aram y todos los hombres, también los niños son alcanzados por los soldados y masacrados. Las mujeres y Avetis, sobrevivido porque se travieste de mujer, se encaminan a marchas forzadas hacia el desierto, dónde son condenadas a morir.<br />\r\n<br />\r\nPero alguien sigue, a escondidas, al grupo: son Nazim (Mohammad Bakri)e Ismene (Ángela Molina). Él, un turco perteneciente a la \"Hermandad de los Mendicantes\", ha tenido siempre una fuerte conexión con la familia de Aram que, según los principios evangélicos de la sociedad armenia, respeta la pobreza; ella es una lamentadora griega, la \"tata\" de Nunik y de Avetis. En un momento de debilidad Nazim traiciona a la familia. Ahora, estremecido por la tragedia y por su culpa, está decidido a redimirse. Junto a Ismene salvará lo que quede de la familia, los pequeños y Armineh del cual ha siempre sentido en secreto una fascinación y la cual ahora se ha cerrado en un silencio de piedra. Salvará a Nunik que, para procurar comida a los suyos, ofrece su belleza, su virginidad a uno de los soldados turcos que vigila la fila de las deportadas. Es un joven soldado, Youssof (Moritz Bleibtreu), que desde el inicio de la marcha ha sido cautivado por la fiereza de Nunik. Desprecia a los camaradas que han gozado de las mujeres armenias cogiéndolas a la fuerza; prueba vergüenza ante Nunik que se ha desnudado en su tienda. Le cubre. Le respeta. Se encuentran aún: en Youssouf nace el amor, en Nunik gratitud y ternura. <br />\r\n<br />\r\nCon la ayuda de la \"Hermandad de los Mendicantes\" de Aleppo, Nazim prepara la fuga. \"Es para esta noche\" confiesa Nunik a Youssouf que, desesperado, intenta inútilmente retenerla consigo. La carroza con los bajos está preparada en el borde del campo para recoger a los fugitivos. Pero algo mete en sospecha a los guardianes. Los niños y Armineh están por ser descubiertos. Para llamar la atención sobre ella, Nunik se separa de ellos, alcanza el centro del campo e inicia a cantar una canción armenia, \"Ov Sirun sirun\". <br />\r\n<br />\r\n\"Primero el fuego después la cabeza\" ordena contra ella el comandante, según las leyes del campo. Entre los soldados está también Youssouf. Sus ojos encuentran los de Nunik que le imploran acordarse de su promesa: \"No tengo miedo de la muerte, pero no me hagas torturar. Prométemelo!\". Desesperado, Youssouf alza el arma hacia arriba. Mientras tanto Avetis y las niñas están corriendo hacia el mar, hacia Venecia, donde Assadour les está esperando en el muelle.<br />\r\n<br />\r\nCuatro años después. En el proceso para el crimen contra el pueblo armenio Youssouf denuncia la masacre. En primer lugar se denuncia a sí mismo por la matanza de Nunik Avakian, la mujer que ha amado.<br />\r\n<br />\r\nDespués de las primeras condenas los juicios fueron suspendidos. El pueblo armenio espera aún justicia.'),(30,'El teniente David Hoffman vuelve a reincorporarse al servicio en la Policía Europea para atrapar a un peligroso criminal, sospechoso del asesinato de su esposa meses atrás. Una complicada investigación acaba conduciéndole hasta una misteriosa clínica privada, dirigida por el imperturbable Profesor Brügen. En un mundo donde el \"pasado\" puede ser implantado en el centro neurálgico del cerebro, los recuerdos se han convertido en un bien muy codiciado, hasta el punto de llevar al crimen'),(31,'Septiembre de 1960: Una patrulla de ocho scouts, cuyas edades comprenden entre 12 y 16 años, es enviada a una excursión durante tres días, consistente en subir el macizo de Brévent, a ¡2500 metros de altitud! Sus mochilas incluirán su inexperiencia, su indiferencia, sus diferencias, sus historias de muchachas, la carta de un hermano militar en Argelia... La montaña, espléndida, revela su cara hipócrita y la patrulla de las Águilas va a encontrarse en una situación de peligro extremo... La tensión sube rápidamente entre estos ocho muchachos a los que todo se opone: caracteres, orígenes sociales o perspectivas de futuro. Pronto deberán enfrentarse al frío, al hambre que los tortura y al miedo que se les apodera... A la búsqueda de una salida, el grupo se divide, y uno ellos desaparece en el agua congelada de un torrente... Desencadenadas finalmente las ayudas, se establecerá un curso contrarreloj para intentar salvar a los muchachos prisioneros de la inmensa trampa que se ha creado sobre ellos...'),(32,'Remake<br>\r\nInspirándose en la película original y en la famosa frase \"El mal surge en el pueblo más pequeño\", la versión de Rob Zombie empieza centrándose en la infancia de Michael Myers y en los acontecimientos previos al desencadenamiento de una orgía de sangre aquella fatídica noche de Halloween en la tranquila ciudad de Haddonfield, Illinois. Después de esa terrible noche, Michael fue encerrado en un hospital psiquiátrico de máxima seguridad, el Smith Groves Sanitarium, donde le trató el famoso psicólogo del comportamiento infantil Dr. Samuel Loomis, la única persona que entiende la malévola naturaleza de Michael.<br />\r\n<br />\r\nAhora, 17 años después, Michael consigue escaparse del hospital el día de Halloween y se pone en marcha hacia Haddonfield para seguir con su sangrienta hazaña en un intento de resolver los acontecimientos de su pasado.<br />\r\n<br />\r\nDe vuelta a la pequeña ciudad, sigue a Laurie Strode y a sus amigas Annie y Lynda, tres alumnas del instituto. El Dr. Loomis se ha hecho famoso gracias al libro que escribió sobre Michael, y cuando se entera de que se ha escapado, se presenta en Haddonfield para ayudar al sheriff Brackett y acabar con el reinado de terror del asesino.<br />\r\n<br />\r\nLa película original, dirigida por el legendario maestro del terror John Carpenter, se estrenó el 25 de octubre de 1978 y recaudó 55 millones de dólares en todo el mundo. Fue el principio de la serie de terror más exitosa de la historia, con ocho secuelas en 25 años y que creó una imagen imitada en un sinfín de producciones del género.'),(33,'En la película Viaje a Darjeeling, del director Wes Aderson, tres hermanos americanos que no se han hablado en un año se embarcan en un viaje en tren por la India con la intención de encontrarse a sí mismos y estrechar lazos entre ellos, para volver a ser los hermanos que siempre fueron. Sin embargo, su búsqueda espiritual pronto se aparta de su curso (debido a sucesos que implican unos calmantes, un jarabe para la garganta indio y un spray de pimienta), y al final se encuentran solos en medio del desierto con once maletas, una impresora y una máquina de laminación. En ese momento, de pronto, comienza un nuevo viaje que no estaba en los planes.  Owen Wilson, Adrien Brody, y Jason Schwartzman protagonizan esta película acerca de su aventura y de su amistad.'),(34,'Basada en el aclamado cuento de ciencia ficción de Lewis Padgett, The Last Mimzy relata la vida de dos niños que descubren una misteriosa caja con dispositivos extraños que ellos confunden con juguetes. A medida que los niños juegan con estos \"juguetes\", comienzan a mostrar niveles más y más elevados de inteligencia. El profesor de los chicos informa a sus padres que parecen estar convirtiéndose en genios. Los padres también se percatan de que algo extraordinario está sucediendo. Emma, la más jóvenes de los dos, le dice a su confundida madre que uno de los juguetes, un conejo de peluche, parece llamarse  Mimzy y que \"le enseña cosas\".<br />\r\n<br />\r\nLa preocupación de la madre de Emma va aumentando cada vez más, cuando repentinamente se produce un apagón en la ciudad. El gobierno rastrea el origen de la subida de tensión y la localiza en la casa de la familia. La situación  empieza a estar fuera de control. Los niños se concentran en estos objetos extraños, en Mimzy, y en la importante misión a la cual parecen haber sido enviados. Cuando la pequeña dice que Mimzy les trae un mensaje muy serio desde el futuro, una exploración científica demuestra que el cuerpo de Mimzy está formado en parte por elementos electrónicos muy avanzados, y en parte, por materia orgánica! Todos se dan cuenta de que están frente a algo realmente increíble pero, qué exactamente?'),(35,'En el Jerusalén de hoy en día, una familia de judíos lleva una vida ordinaria. Pero después de un accidente de coche, el padre desaparece misteriosamente. Llevan todos su ausencia y los problemas del día al día del mejor que pueden. Mientras los adultos se refugian en el silencio o las tradiciones, los dos hijos, Menachem y David intentan por su cuenta encontrar a su padre'),(36,'Una exploración acerca de todo el plan de Mark Champman para asesinar a John Lennon'),(37,'Remake<br>\r\nBeth Raymond (Shannyn Sossamon) es una estudiante, cuyos amigos comienzan a recibir mensajes por el teléfono movil mostrándoles la muerte que tendrán en un futuro cercano. Cuando ella, recibe un mensaje, dispondrá de tres días para librarse de la muerte.<br />\r\n<br />\r\nEl detective Jack Andrews (Edward Burns) tratará de ayudarla.'),(38,'Nacer es un milagro, una parte natural de la vida, pero ...., es algo más que eso, nacer es un negocio...'),(39,'Hace mucho tiempo, el profesor de filosofía de Carter Chambers (Morgan Freeman) en su primer año de carrera les sugirió a sus estudiantes que elaborasen una \"lista de deseos\", un recuento de todas las cosas que querían hacer, ver y experimentar en la vida antes de morir. <br />\r\n<br />\r\nPero, mientras Carter estaba aún tratando de aclarar sus sueños y planes privados, la realidad se entrometió. Matrimonio, hijos, una multitud de responsabilidades y, finalmente, un trabajo de mecánico de automóviles durante 46 años, gradualmente cambiaron su idea de lo que era una lista de deseos en poco más que un recuerdo agridulce de oportunidades perdidas y en un ejercicio mental en el que pensaba de vez en cuando para pasar el tiempo mientras trabajaba bajo la capota de un coche.<br />\r\n<br />\r\nEntretanto, el multimillonario empresario Edward Cole (Jack Nicholson) nunca vio una lista sin pensar en los beneficios. Siempre estaba demasiado atareado haciendo dinero y construyendo un imperio para pensar en cuáles podrían ser sus necesidades más profundas, más allá de la siguiente adquisición o una taza de café para gourmets.<br />\r\n<br />\r\nEntonces, la vida les dio a ambos un toque de atención urgente e inesperado.<br />\r\n<br />\r\nCarter y Edward se encontraron compartiendo una habitación de hospital con mucho tiempo para pensar en lo que sucedería a continuacióny en cuánto de ello estaba en sus manos. A pesar de sus aparentes diferencias, pronto descubrieron que tenían dos cosas muy importantes en común: una necesidad no satisfecha de aceptarse a sí mismos y las elecciones que habían hecho, y un deseo urgente de pasar el tiempo que habían perdido haciendo todo lo que siempre quisieron hacer.<br />\r\n<br />\r\nLa lista ya no era sólo un ejercicio mental. Era un plan de trabajo.<br />\r\n<br />\r\nAsí que, en contra de las órdenes del médico y del sentido común, estos dos auténticos desconocidos abandonan el hospital y se lanzan a la carretera juntos para vivir la aventura de su vidadesde el Taj Mahal hasta el Serengeti, desde los mejores restaurantes hasta los más sórdidos locales de tatuaje, desde la cabina de un coche de carreras de época hasta la puerta abierta de un avión a propulsióncon sólo una hoja de papel y su pasión por la vida como guías.<br />\r\n<br />\r\nAñadiendo y eliminando puntos de su lista mientras disfrutan de la grandeza y la belleza del mundo, harán frente a las difíciles preguntas y a las respuestas incluso más difíciles que nos asaltan a todos nosotros. Y, sin tan siquiera darse cuenta, se convierten en verdaderos amigos. Con humor, perspicacia, corazón y una buena dosis de ánimo.<br />\r\n<br />\r\nA veces sólo es necesaria una fecha límite para poner en marcha tu vida.'),(40,'Veinte años después de la última entrega de la serie cinematográfica, John Rambo (Sylvester Stallone) se ha retirado al norte de Tailandia donde trabaja en una lancha por el Río Salween. En la cercana frontera entre Tailandia y Birmania, en Myanmar), el conflicto entre birmanos y karennis, la guerra civil más larga en toda la historia del mundo, lleva durando ya 60 años. Sin embargo, Rambo, quien lleva una vida solitaria en la jungla que cubre las montañas, pescando y cazando serpientes venenosas que luego vende, hace tiempo que ha abandonado el combate, aunque por su lado pasan médicos, rebeldes y refugiados camino de las tierras asoladas por la guerra.  <br />\r\n<br />\r\nTodo eso cambia cuando un grupo de misioneros está buscando al \"guía americano del río\". Cuando Sarah (Julie Benz) y Michael Bennett (Paul Schulze) se acercan a Rambo, le explican que desde la expedición del año pasado a los campos de refugiados, los militares birmanos han diseminado minas de tierra a lo largo de los senderos, haciéndolos extremadamente peligrosos para los desplazamientos terrestres. Le piden que les guíe Río  Salween arriba y les deje donde puedan entregar suministros médicos, alimentos y biblias a la gente karenni perseguida. Pese a negarse inicialmente a penetrar en Birmania, Rambo acaba aceptando llevarles y dejarles, a Sarah, Michael y otros colegas de la misión de auxilio, en un lugar determinado.<br />\r\n<br />\r\nApenas dos semanas después, el pastor Arthur Marsh (Ken Howard) se cruza con Rambo y le informa de que los misioneros no han regresado. Ha hipotecado su casa y recogido dinero de los feligreses de su iglesia para contratar a un grupo de mercenarios (Graham Mctavish, Matthew Marsden, Tim Kang, Rey Gallegos, Jake La Botz) y así procurar el retorno. Rambo le pregunta si los misioneros están aún vivos, a lo que Marsh responde que se les ha visto cautivos en un campo del ejército birmano.  Aunque el rechazo a la violencia y el conflicto se hacen evidentes en la actitud de Rambo, éste también sabe que debe ayudar, y accede a llevar a los mercenarios río arriba adentrándose en la zona de guerra desvastada.  <br />\r\n<br />\r\nLo que sigue va a ser un descenso a los infiernos.'),(41,'La víspera de su viaje a Japón, Rob (Michael Stahl-David) celebra una fiesta de despedida durante la que espera expresar ciertos sentimientos ocultos y, de paso, atar algunos cabos sueltos. Pero su plan se desmorona cuando un temblor sacude el edificio. Después de ver un boletín de noticias en televisión acerca de un terremoto, todos corren a la terraza para evaluar los daños. De pronto, una bola de fuego explota en la lejanía y hay un apagón. La confusión del principio se convierte en pánico mientras todos se precipitan hacia la calle.<br />\r\n<br />\r\nEntre los gritos de la gente, se oye un terrible rugido de dimensiones sobrehumanas. Rob y sus amigos descubren un paisaje desolador, del que se ha apoderado algo de otro mundo, aterrador, monstruoso...'),(42,'El planeta se enfrenta a una gran amenaza. Coincidiendo con una gran sequía, un grupo de malhechores se propone eliminar las reservas de agua que quedan en la tierra. Los mejores agentes secretos del mundo se reúnen urgentemente, pero no cuentan con ninguna pista. Para empeorar las cosas, el malvado Botijola (Carlos Santos) planea atentar contra esa reunión, para acabar así con todos los agentes. Su intención es convertir la bebida que lleva su nombre en el sustituto del agua. Para ello, intentará también secuestrar al profesor Bacterio (Janfri Topera).<br />\r\n<br />\r\nSin embargo, hay dos cosas con las que Botijola no contaba. Por un lado, Bacterio, antes de ser secuestrado, escondió las piezas de su invento en distintos momentos históricos, utilizando la máquina del tiempo. Por otro, hay dos de los agentes internacionales que no han acudido a la reunión saboteada, ellos van a convertirse en la única esperanza del mundo. Mortadelo y Filemón, tendrán que dejar de lado sus disputas para volver de nuevo a la acción.<br />\r\n<br />\r\nGracias a sus continuos viajes en el tiempo y a la inestimable ayuda de Ofelia, los dos agentes conseguirán solucionar sus diferencias y salvar al mundo... Más o menos porque ya se sabe que éstos tipos'),(43,'El mismo día que Marco decide dejar el narcotráfico muere su madre, dejando a su padre, con quien Marco no ha hablado en años, a la deriva y con Alzheimer. <br />\r\n<br />\r\nMarco intenta comenzar su nueva vida acogiendo en casa a su padre, enfermo, mientras trata de resolver los problemas con su ambiciosa esposa, entender a la chantajista de su hija, mantener a su hermano y cerrar los negocios turbios con su abogado. <br />\r\n<br />\r\nEl nuevo entorno familiar, cada vez más complicado y enrarecido, y la sombra del narcotráfico harán que los acontecimientos se precipiten de forma poco predecible.'),(44,'Superdog es la historia de cómo una nación encontró a un salvador con una de las formas menos predecibles: un humilde y adorable Beagle que se convierte en un héroe volador que puede combatir el delito mientras habla con juguetonas rimas.<br />\r\n<br />\r\nSuperdog presenta a un reparto integrado tanto por perros como por humanos; entre estos, Jim Belushi (According to Jim), Jason Lee (My Name Is Earl), Patrick Warburton (Seinfeld), Peter Dinklage (Elf, The Station Agent), Brad Garrett (Everybody Loves Raymond) y la nominada al Premio de la Academia® Amy Adams (Junebug), junto a los ascendentes jóvenes actores Alex Neuberger y Taylor Momsen (How the Grinch Stole Christmas). Pero las verdaderas estrellas del film son los adorables, bien entrenados y convincentes perros como Leo, el Lemon Beagle en el papel de Shoeshine/Superdog, una Cavalier King Charles Spaniel como Polly Purebred, y Bronco el Rottweiler como el villano Riff Raff.<br />\r\n<br />\r\nLa historia del misterioso origen de Superdog comienza con un accidente en el laboratorio de tecnología de avanzada del maníaco científico Dr. Simon Barsinister (Dinklage). De pronto, un joven Beagle común y carenciado llamado Shoeshine descubre que tiene extraordinarios poderes, además de la habilidad inesperada de convertir sus ladridos en palabras. Ahora, vestido con un \"atractivo\" traje de súper héroe, este inusual cruzado de capa que a sí mismo se llama con humildad Underdog [Perdedor] (voz de Jason Lee) jura proteger a los amenazados ciudadanos de Capitol City, en especial a una bella Spaniel llamada Polly Purebred (voz de Amy Adams). Cuando un siniestro plan ideado por Barsinister y su enorme guardaespaldas Cad (Warburton) amenaza con destruir Capitol City, solo Superdog puede salvarlos.'),(45,'Remake<br>\r\nSydney Wells (JESSICA ALBA) es una conocida violinista de Los Ángeles. Es una intérprete consumada, inteligente y tremendamente independiente que de niña quedó ciega a causa de un terrible accidente. Sydney se somete a un transplante doble de córnea que le restaura la visión después de dos décadas de ceguera. Tras la operación, el especialista Dr. Paul Faulkner (ALESSANDRO NIVOLA) intenta ayudar a Sydney a sobrellevar el difícil proceso de recuperar la vista y a entender lo que empieza a ver. Con el apoyo de su hermana mayor, Helen (PARKER POSEY), el mundo de Sydney comienza a salir de las sombras.<br />\r\n<br />\r\nPero la felicidad de Sydney es efímera. Empieza a tener unas terribles y sobrecogedoras visiones. ¿Es un efecto secundario de la operación?  ¿Es producto de la mente de Sydney, que lucha por adaptarse a su nueva facultad? ¿Es cosa de su imaginación? ¿O es algo peor? La familia y los amigos de Sydney creen que se está volviendo loca, pero Sydney empieza a darse cuenta de que sus nuevos ojos han abierto una puerta hacia un mundo terrorífico que sólo ella puede ver.'),(46,'Devastado por la repentina muerte de su prometida Kate (Eva Longoria) el día de su boda, Henry (Paul Rudd) acepta reaciamente consultar a una psíquica llamada Ashley (Lake Bell) animada por su hermana Chloe (Lindsay Sloane). A pesar de su escepticismo sobre las habilidades de la psíquica, Henry se empieza a enamorar perdidamente de Ashley y viceversa. Pero hay un gran inconveniente. Ashley está siendo angustiada por el fantasma de Kate, que considera un deber celestial hacer romper el incipiente romance, incluso si es la última cosa que hace en su difunta vida.'),(47,'Dos asesinos profesionales se encuentran en Brujas...'),(48,'Del cineasta Tim Burton (Batman, Charlie y la Fábrica de Chocolate) y del protagonista, ganador de un premio de la Academia y de una nominación a los Globos de Oro, Johnny Depp (Charlie y la Fábrica de Chocolate; la trilogía de \"Piratas del Caribe\") llega el thriller dramático, \"Sweeney Todd, El diabólico barbero de la calle Fleet\", una visión original basada en la sensación musical ganadora de un premio del legendario letrista y compositor Stephen Sondheim.<br />\r\n<br />\r\nDepp interpreta a Benjamin Barker, un hombre encarcelado 15 años injustamente en el otro lado del mundo,  que escapa y vuelve a Londres  con la promesa de vengarse, junto a Helena Bonham Carter como su  obsesiva y devota cómplice, la Sra. Nellie Lovett.  <br />\r\n<br />\r\nAdoptando el disfraz de Sweeney Todd, Barker regresa a su antigua barbería encima del local de empanadas de carne de la Sra. Lovett, y fija sus miras en el juez Turpin (Alan Rickman) que,  con la ayuda de  su vil secuaz Beadle Bamford (Timothy Spall), le mandaron lejos con una acusación falsa y así poder robarle a su esposa, Lucy (Laura Michelle Kelly), y a su hija bebé.<br />\r\n<br />\r\nLa Sra. Lovett le cuenta a  Todd que su mujer se suicidó con veneno después de que el juez Turpin se aprovechara de ella.  Pero cuando un barbero rival, el flamante italiano Pirelli (Sacha Baron Cohen), amenaza con descubrir la verdadera identidad de Sweeney, Todd le mata cortándole la garganta.  Al no saber qué hacer con el cuerpo, la Sra. Lovett ve esta circunstancia como una potencial solución para su debilitado negocio  y sugiere usar la carne humana para el relleno de sus empanadas de carne. <br />\r\n<br />\r\nSweeney descubre que el juez ha volcado todo su cariño hacia Johanna (Jayne Wisener), la ya adolescente hija de Sweeney, la cual está ahora bajo la tutela de Turpin.  Prisionera en su casa,  un día Anthony (Jamie Campbell Bower), el joven marinero que rescató a Sweeney del mar, se fija en Johanna. Perdidamente enamorado, Anthony jura rescatar a Johanna y casarse con ella.<br />\r\n<br />\r\nMientras tanto, las empanadas de carne de la Sra. Lovett pronto se convierten en la comidilla de Londres,  y mientras su negocio florece, sueña con una vida respetable junto al lado del mar junto a Sweeney como su marido y con el ex ayudante de Pirelli, Toby (Edward Sanders) ahora a su cargo, y también con su hijo adoptado. <br />\r\n<br />\r\nPero Sweeney solo tiene en mente la venganza   en detrimento de cualquiera o de cualquier otra cosa.'),(49,'El thriller de ciencia ficción entra en un nuevo universo con Jumper, que relata las épicas aventuras de un hombre que descubre que posee la habilidad más alucinante de todas, teletransportarse a cualquier lugar del mundo que imagine. Desde Nueva York a Tokio, desde las ruinas de Roma al corazón del desierto del Sáhara, cualquier lugar es posible para David Rice (HAYDEN CHRISTENSEN), hasta que descubre que su libertad no es total, y que no está solo... sino que es parte de una guerra global que amenaza la propia supervivencia de aquéllos de su extraordinaria especie. <br />\r\n<br />\r\nDavid Rice ha crecido con el misterioso poder que casi todos sueñan poseer. Es total y completamente móvil, capaz de atravesar por agujeros de gusano del tejido espacio temporal a cualquier ciudad, edificio y lugar que su mente desee. En un abrir y cerrar de ojos puede <i>\"saltar\"</i> de un lado de la tierra al otro y regresar, puede pasear por veinte puestas de sol en una noche, desayunar en la Esfinge, pasar el día surfeando en Australia, y luego ir a París para cenar y disfrutar del desierto de Japón. Puede atravesar paredes y cajas fuertes de bancos, así como entrar en las cámaras más impenetrables. Hasta ahora ha utilizado sus poderes para escapar de su pasado, alimentar su inmensa fortuna y permanecer completamente independiente. Nunca ha conocido límites, fronteras ni consecuencias. Tampoco ninguna relación verdadera. Hasta ahora. <br />\r\n<br />\r\nPero cuando David descubre a otro joven igual que él, un exaltado trotamundos rebelde llamado Griffin (JAMIE BELL), la verdad de su existencia se revela. Ya no es un curioso fenómeno singular de la naturaleza, sino parte de una larga línea de anomalías genéticas conocidas como \"jumpers\" (saltadores), que además nunca están a salvo. Ahora David ha sido identificado por la organización secreta dedicada a matarle, al igual que a todos los saltadores. Será perseguido sin descanso en una caza que nos llevará literalmente de uno al otro confín de la tierra, al tiempo que se convierte en una pieza clave de una batalla oculta que se ha desarrollado enconadamente durante siglos, invisible para el resto de la humanidad. <br />\r\n<br />\r\nEl director Doug Liman ha alcanzado fama por realizar éxitos de acción viscerales con grandes dosis de estilo, como The Bourne Identity - El caso Bourne o Sr. y Sra.Smith, presentando ahora la fantástica Jumper, con una mezcla de los efectos más avanzados, intriga internacional y su especial saber hacer ante la historia de un superhéroe actual.'),(50,'10.000 es una dramática odisea ambientada en una época mítica de profecías y dioses, cuando los espíritus regían la tierra y los poderosos mamuts hacían temblar el suelo.<br />\r\n<br />\r\nEl joven cazador D´Leh (Steven Strait) ha encontrado la pasión  la bella Evolet (Camilla Belle) - en una remota tribu de la montaña. Cuando un grupo de misteriosos señores de la guerra arrasan su pueblo y raptan a Evolet, D´Leh se ve obligado a guiar a un pequeño grupo de cazadores para salvar a su amada en una odisea que les conducirá a los confines de la tierra en persecución de los señores de la guerra. <br />\r\n<br />\r\nConducido por el destino, el insólito grupo de guerreros debe luchar contra tigres de dientes de sable y otros depredadores prehistóricos y, al final de su heroico viaje, descubren una civilización perdida.<br />\r\n<br />\r\nSu última esperanza yace en un imperio más allá de la imaginación, dónde las altas pirámides legan hasta los cielos. Allí  opondrán resistencia a un poderoso dios que ha esclavizado brutalmente a su gente.'),(51,'Cometas en el cielo relata la historia de una amistad, una familia, terribles errores y amor redentor. En un país dividido al borde de la guerra civil, dos niños, Amir y Hassan, están a punto de separarse para siempre. Numerosas cometas, que participan en un torneo infantil, se cruzan en el intenso azul del cielo de Kabul. Pero después de ganar el torneo, la traición de un niño atemorizado pondrá en marcha los mecanismos de una catástrofe... y el comienzo de una búsqueda épica de la redención. Ahora, después de 20 años viviendo en Estados Unidos, Amir regresa a Afganistán, a pesar del peligro que supone el implacable gobierno de los talibanes, dispuesto a enfrentarse con los oscuros secretos que le persiguen y a reparar el daño que hizo en el pasado.'),(52,'Enfrentados, es una tensa película de acción psicológica, una batalla épica y primaria situada en el fascinante paisaje del Oeste. La Guerra Civil ha terminado pero el Coronel Morsman Carver tiene una última misión: matar a Gideon cueste lo que cueste. Impulsada por la propia furia, la persecución les lleva a ambos lejos de las comodidades y las convenciones de la civilización, y les adentra en los rincones más sangrientos de sus propias almas.'),(53,'Mi monstruo y yo (The Water Horse: Legend of the Deep) es la historia de un joven y solitario chaval escocés llamado Angus MacMorrow que anhela que su padre regrese de la guerra. La historia comienza cuando Angus lleva a casa un misterioso objeto encantado que encuentra en la playa. Pronto se da cuenta de que se trata de un huevo mágico, y se ve a sí mismo criando a una criatura sorprendente: el mítico monstruo del lago de las leyendas escocesas. En su intento por intentar ocultar a su amigo, a quien llama Cruose, y crear un vínculo y amistad con él, Angus emprende un viaje de descubrimientos, debiendo proteger un secreto que dará vida a una leyenda.'),(54,'François es un anticuario de mediana edad. Posee una  estilosa casa y una vida fabulosa, pero en una cena con un grupo que él considera sus más queridos allegados, se queda muy sorprendido cuando descubre que ninguno de ellos realmente le quiere. Es arrogante, egocéntrico y severo y creen que nunca ha tenido un amigo. Su socia Catherine hace con él una apuesta: si es capaz de conseguir \"su mejor amigo\" antes de diez días, le dará el enorme jarrón Griego que acaba de adquirir esa misma tarde. Si no, el jarrón será para ella.<br />\r\n<br />\r\nHabiendo aceptado la apuesta, François derrama ingenuamente algunas lágrimas sobre su agenda de contactos intentando encontrar entre estos alguien que encaje en ese importante papel de mejor amigo. Moviéndose por Paris, François se encuentra con un taxista llamado Bruno que habla sin parar y que posee un gran corazón. Su simpatía y sencillez chocan con el temperamento de François, pero éste envidia la facilidad del taxista para tratar con la gente.<br />\r\n<br />\r\nFrançois convence a Bruno para que le enseñe a \"hacer amigos\" y conseguirlo aprendiendo las tres \"s\"-sociable, sonriente y sincero- sin embargo esto no es tan fácil.<br />\r\n<br />\r\n¿Es la respuesta al problema de François sentarse junto a él en el taxi?'),(55,'Amy es aparentemente una chica joven normal, adorada por sus padres y su dorado prometido. Su futuro parece brillante hasta que su novio sugiere que se expliquen sus secretos más oscuros cosas que nunca le han contado a nadie. Cuando finalmente Amy cede y revela su secreto, todo se desmorona.'),(56,'Los reyes del Ártico es una historia de inquebrantable entrega familiar, superación y supervivencia que transportará a niños y mayores a una colosal aventura por el gélido reino del norte de la tierra, donde un osezno polar, Nanu, y un cachorro de morsa, Seela, están a punto de afrontar un nuevo y desafiante mundo, en el que sus ancestrales formas de supervivencia deberán cambiar. Las impresionantes y emotivas imágenes de la película, que tardó más de quince años en rodarse, revelan la belleza y los acuciantes peligros a los que se enfrenta uno de los lugares más imponentes y misteriosos de nuestro planeta. La narradora de Los reyes del Ártico, una película plagada de personajes y acción sacados de la propia naturaleza, es Queen Latifah, candidata a un Oscar en 2003.<br />\r\n<br />\r\nLas crías de oso polar y de morsa están rodeadas de cristalinos témpanos de hielo y acompañadas por los veloces zorros polares, las amenazadas focas anilladas, las atentas gaviotas, los gráciles narvales (también llamados <i>\"unicornios\"</i> del norte) y los araos de pico ancho, que tanto pueden volar por el cielo como bucear por el océano. Guiados por la instintiva sabiduría de sus mimosas y protectoras madres, el osezno y el cachorro comienzan a explorar su glacial mundo, donde encontrarán un continuo despliegue de experiencias deslumbrantes y sorprendentes.<br />\r\n<br />\r\nPero a medida que crezcan, Nanu y Seela desarrollarán también su fuerza y su extraordinario instinto de supervivencia. Estos osos polares y morsas han nacido en una época en la que deberán enfrentarse no sólo a las extremas condiciones naturales de sus predecesores, sino también una nueva y creciente amenaza que puede cambiar las vidas de las futuras generaciones: el mismo hielo que forma su reino está derritiéndose a marchas forzadas.<br />\r\n<br />\r\nPuede que los osos polares y las morsas sean rivales en la naturaleza, pero ahora afrontan juntos un peligro común. Estos dos <i>\"gigantes del norte\"</i> están perdiendo su hermoso mundo de hielo, y deberán luchar para buscar nuevas formas de vida en un lugar en el que las reglas han cambiado. Su viaje trasladará a los espectadores al corazón de una fascinante historia sobre este menguante reino de hielo que desaparece.'),(57,'Las crónicas de Spiderwick es una extraordinaria fantasía de aventuras poblada con criaturas de un mundo habitualmente invisible. Cuando los miembros de la familia Grace descubren a estas criaturas mágicas, aunque a veces algo espeluznantes, no sólo deberán superar el reto, sino sus conflictos familiares.<br />\r\n<br />\r\nLa historia gira alrededor de tres niños, Jared y su hermano gemelo Simon (ambos interpretados por Freddie Highmore), su hermana mayor Mallory (Sarah Bolger) y su madre Helen (Mary-Louise Parker), que acaba de separarse.<br />\r\n<br />\r\nLa familia se muda a la vieja, aislada y algo ruinosa casa Spiderwick, el hogar de su tío bisabuelo Arthur Spiderwick (David Strathairn) y de su tía abuela Lucinda (Joan Plowright). A pesar de que los niños no están de acuerdo con el traslado, cada uno intenta acoplarse a su manera. Simon, el gemelo más tranquilo y estudioso, examina la sorprendente casa; Mallory practica la esgrima, y Helen busca trabajo en el pueblo.<br />\r\n<br />\r\nPero Jared no tarda en darse cuenta de que en la casa ocurren cosas extrañas y se lanza a investigar. Sin hacer caso de la advertencia del trastolillo Thimbletack/Dedalete (Martin Short), una criatura mágica que vive en las paredes de la vieja casa, encuentra un libro potencialmente peligroso, Arthur Spiderwick´s Field Guide to the Fantastical World Around You (Guía del mundo fantástico que nos rodea, por Arthur Spiderwick), escrito por el tío Arthur. En el momento en que se abre, el libro revela y libera un mundo habitado por seres raros, fantásticos y aterradores: un astuto aunque amigable \"trasno\" llamado Hogsqueal/Cerdonio (Seth Rogen); una manada de peligrosos trasgos; maravillosos y misteriosos espíritus y hadas. Sólo aquellos que miran por el mágico \"anteojo asombroso\" o que tienen escupitajo de trasgo en los ojos  el pegajoso destino de cada uno de los niños  pueden ver a esos seres.<br />\r\n<br />\r\nEl taimado y malévolo ogro Mulgarath (Nick Nolte) representa la amenaza más peligrosa. Los niños entienden muy pronto que la Guía no es producto de la imaginación de su viejo tío, sino la clave de todos los fabulosos seres que ahora conocen, dejando un poder increíble en manos del que comprenda sus secretos. ¡Y Mulgarath hará cualquier cosa con tal de hacerse con él!<br />\r\n<br />\r\nLa película, llena de fantasía, cuenta los desesperados esfuerzos de los tres niños para proteger la Guía, impidiendo que caiga en manos equivocadas, con la ayuda de algunas de las extraordinarias criaturas del Mundo Oculto.'),(58,'A través de una serie de encuentros, relaciones e incluso muertes, las frágiles vidas de seis personas se cruzan durante sus viajes emocionales hacia el perdón y la reconciliación en Alemania y Turquía.<br />\r\n<br />\r\nNejat (Baki Davrak) no mira con buenos ojos la relación que su padre Ali (Tuncel Kurtiz) mantiene con la prostituta Yeter (Nursel Köse). Pero todo cambia cuando descubre que ella manda dinero a Turquía para pagar los estudios universitarios de su hija. La inesperada muerte de Yeter distancia al hijo y al padre. Nejat decide irse a Estambul a buscar a Ayten (Nurgül Yesilcay), la hija de Yeter.<br />\r\n<br />\r\nPero Ayten, una activista política que huye de la policía turca, se ha ido a Alemania. Allí conoce a Lotte (Patricia Ziolkowska), que le ofrece su casa, algo que no gusta a su madre Susanne (Hanna Schygulla), una mujer bastante conservadora. La policía detiene a Ayten. Su petición de asilo político es denegada y la deportan a Turquía donde es encarcelada. Lotte se traslada a Turquía en un intento desesperado por liberar a Ayten.'),(59,'Un imaginativo elefante llamado Horton que oye un débil grito de auxilio proveniente de una diminuta mota de polvo que flota en el aire. Aunque Horton todavía no lo sabe, esa mota alberga una ciudad entera llamada Villaquién, habitada por los microscópicos Quién, a cuya cabeza está el Alcalde. A pesar de ser objeto de las chanzas y las amenazas de sus vecinos, quienes piensan que no está en sus cabales, Horton está decidido a salvar a la partícula porque \"una persona es una persona, por muy pequeña que sea\".<br />\r\n<br />\r\nLa explicación de sus actos que Horton expresa en esas diez palabras encarna una idea a la vez sencilla y profunda, y que para tantos significa tantísimo. La película da más que pensar, al hacer que Horton se explique ante sus escépticos amigos: \"Si estuvierais en lo profundo del espacio y dirigierais la vista al lugar donde vivimos, nosotros pareceríamos una mota\".<br />\r\n<br />\r\nAdemás, tenemos el código de conducta de Horton su lema que \"un elefante es fiel al cien por cien\"  señalando su honradez y determinación de no abandonar nunca su misión de hallar un nuevo hogar para la mota que alberga el increíble mundo de Villaquién. <br />\r\n<br />\r\nEstas manifestaciones filosóficas indican la singular habilidad de Seuss para enfrentarse a cuestiones complejas y reducirlas a pensamientos comprensibles que cualquier persona de cualquier edad pueda entender.'),(60,'Ha pasado poco tiempo desde el final de la guerra. Un hombre aparece sentado en la playa del glamoroso Montecarlo, el paraíso del juego. Es Salomon SOROWITSCH, de 45 años, que lleva un traje gastado y raído, pero tiene una maleta llena de dinero. Podemos ver un número de un campo de concentración tatuado en su brazo. <br />\r\n<br />\r\nFlashback: Berlin, 1936. Sorowitsch, el rey de los falsificadores, se mueve en un mundo de estafadores, gigolós y mujeres fáciles. Para él, la vida es un juego para el que se necesita dinero  y el dinero que necesita, se lo imprime él mismo. Con gran pragmatismo y mayor creatividad, se apaña para mantenerse en el lado optimista  y seguro  de la vida. Aunque a lo mejor sólo lo parece... ya que la sonrisa de la adorable AGLAIA le retiene en Berlín una noche más de la cuenta. La mañana siguiente es arrestado por el Inspector HERZOG. Al igual que muchos otros \"delincuentes profesionales,\" Sorowitsch es enviado a un campo de concentración. Pronto se da cuenta de que Mauthausen no es una cárcel al uso. Aquí, los prisioneros son sistemáticamente aniquilados. Siguiendo su instinto de supervivencia y aprovechando sus habilidades artísticas, Sorowitsch se convierte en artista personal de las SS. Posteriormente, es trasladado a Sachsenhausen, donde será recibido por un \"viejo conocido \": Herzog, que ha sido ascendido y ahora dirige un comando secreto especial. En dos barracones rigurosamente aislados del resto del campo, se va a producir dinero falso a gran escala. ¡Los Nazis necesitan dinero en efectivo! Habida cuenta de la situación en el campo, las condiciones en la \"Jaula de Oro \" son casi idílicas: talleres limpios y bien organizados con música ambiental, camas mullidas, buena comida... Herzog quiere motivar a sus hombres tratándolos bien para conseguir el máximo rendimiento de los expertos que tan cuidadosamente ha seleccionado. Hay una cosa clara, sin embargo: si el trabajo no culmina en éxito, los trabajadores serán enviados a la cámara de gas. \"¡Sería una pena!\", dice Herzog guiñando un ojo. Sorowitsch y sus compañeros presos sólo viven los horrores del campo de concentración de forma indirecta, como cuando encuentran las tarjetas con los nombres de los judíos que han sido gaseados en los bonitos trajes que les permiten usar. Y tras las planchas de madera, escuchan los gritos de los torturados. Sorowitsch hace lo que siempre ha hecho: mirar hacia otro lado cuando no es posible cambiar nada. Gracias a su destreza, consigue producir billetes perfectos de libras esterlinas. Herzog está muy satisfecho y ofrece a sus falsificadores una recompensa: ¡una mesa de ping-pong! \"Estamos financiando la guerra de los Nazis con nuestro dinero falso\", dice entre dientes Burger, amigo de Sorowitsch, y empieza a sabotear el trabajo. Pronto, el idealismo empieza a chocar con el pragmatismo. Por un lado está Sorowitsch con su política de pequeños y oportunos pasos para ir sobreviviendo día a día, y también para conseguir una medicina que salve la vida a Kolya, que sufre de tuberculosis. Por el otro lado está BURGER, con sus constantes sabotajes y sus planes secretos de revuelta. Cuando Kolya es asesinado por un vigilante de un tiro en la cabeza, Sorowitsch se da cuenta de que su intento de llegar a un acuerdo con el demonio ha fracasado. El fin de la guerra salva las vidas de los prisioneros falsificadores. De la noche a la mañana, los Nazis desaparecen del campo de concentración. Las puertas hacia la libertad están abiertas  pero llevan a los privilegiados prisioneros del taller de reprografía hacia la pesadilla del resto del campo. Los otros supervivientes apenas pueden comprender que estas personas bien vestidas y nutridas son prisioneros como ellos. Finalmente, Sorowitsch se ve forzado a mirar, aunque  o quizá precisamente por ello  todo haya acabado. Lo que ve son víctimas famélicas y torturadas apenas reconocibles como seres humanos, que caminan sin rumbo entre montañas de cadáveres. <br />\r\n<br />\r\nMontecarlo. Sorowitsch toma su asiento en la mesa de juego una última vez. Pierde intencionadamente todo su dinero falso y va a sentarse en la playa, como en el principio. \"¿Has tenido mala suerte?\", pregunta su prostituta francesa de lujo. Y Sorowitsch sonríe.'),(61,'Eduardo es un hombre de mediana edad, casado y con hijos; dedicado a la política y residente en Madrid. Su hermana Julia espera su visita. Ella aún vive en la vieja casa familiar en Galicia. Pero la llegada de Eduardo no se quedará en el mero reencuentro de dos hermanos; el motivo: Vanesa, la joven y hasta entonces oculta amante del político.'),(62,'Dos estudiantes de cine frustrados, Joe Clark (Tom Riley) y John Bagley (Tom Burke) tienen un gran guión para una película. Lamentablemente, su proyecto para fin de curso sólo puede durar dos minutos, así que deciden no hacer caso a la imposición de su profesor, el Sr. Dulberg y los dos amigos se encaminan al Soho para intentar vender su película entre los profesionales.<br />\r\n<br />\r\nCuando ya dan por cerradas todas las puertas, encuentran a Doug Perry (Eddie Marsan), director de una productora de cine para adultos. La única opción para que el productor financiara el proyecto del dúo es que los jóvenes logren conseguir para la película a una estrella, la controvertida Candy Fiveways (Carmen Electra). A pesar del escepticismo de Baggy, Joe es capaz de leer entre líneas. Si son capaces de re-escribir el guión y así hacerse con los servicios de Candy, es posible que logren realizar el filme, aunque antes Joe tendrá que convencer a Baggy de que hacer una película porno es una buena idea.<br />\r\n<br />\r\nSiguiendo la pista de Candy, Joe llama a Fiveways Internacional y se lleva la sorpresa de poder contratar a Candy por sólo 250 libras esterlinas.<br />\r\n<br />\r\nMientras Baggy reescribe su guión de \"The Love Storm\" para incluir una buena dosis de erotismo, Joe se reune con Doug para pedirle la financiación que había prometido por Candy. Doug desea aportar el dinero, pero ocultando su implicación en el proyecto a todo el mundo, menos a Joe. Ansioso por poder realizar su ópera prima, Joe accede.<br />\r\n<br />\r\nAhora solo les falta encontrar el reparto y el equipo técnico de apoyo. Tres estudiantes de la Europa del Este (Carl Prekop, Rasmus Hardiker, Colin Michael Carmichael), compañeros de clase, se unen al proyecto, excitados por la posibilidad de ver mujeres desnudas. Ayudados por una asistenta lista y con muchas experiencia, Lila (Michelle Ryan), su nueva directora de producción, estos aficionados a la pornografía convierten la sala de audición de su facultad en un refugio para lo insólito y lo maravilloso. Tienen ya una lista de actrices preseleccionadas, justo a tiempo para que llegue la terrible Candy.<br />\r\n<br />\r\nY, ciertamente, llega Candy... en una caja. Joe ha recibido una muñeca hinchable de Candy Fiveways. El malentendido significa que ahora la película se ha quedado sin estrella. Joe sigue convencido de que la cosa funcionará a pesar de todo, incluso sin la actriz, hasta que Doug se presenta en casa de los padres del joven y lo amenaza con represalias si no consigue a Candy Fiveways, tal y como habían pactado. Los chicos se encuentran en un callejón sin salida, sobretodo porque Joe se ha gastado ya todo el dinero de Doug.<br />\r\n<br />\r\nLos jóvenes se enteran de que Candy va a firmar ejemplares de su nuevo libro en un club londinense, así que Baggy se las arregla para entrar en contacto con la mujer y la convence para que lea el guión. Para mayor sorpresa, a Candy le encanta el guión y acepta rodarlo. <br />\r\n<br />\r\nLamentablemente, su presupuesto no da para muchos escenarios, así que sólo les queda una salida: utilizar la casa de los padres de Joe. Baggy sufre del síndrome de ansiedad de \"la primera vez\" y para superarla cuenta con la ayuda de la propia Candy.<br />\r\n<br />\r\nSe inicia el rodaje pero los problemas no acaban ahí y deben superar algunos contratiempos como la vuelta antes de tiempo de los padres de Joe No resulta fácil hacer una película con escenas porno mientras tus padres están fuera, en el trabajo. Sin embargo, a pesar de todo, acaban la película, pero la celebración queda frustrada por la llegada de Doug, ansioso por hacerse con su película.<br />\r\n<br />\r\nCuando ve quién era el productor, Candy se enfurece por haber estado trabajando para alguien con el que se había negado a volver a trabajar y se marcha, hecha una furia. Joe ha mentido a todo el mundo y ahora han perdido su película. Pero lo peor está aún por venir. Baggy ha puesto unos DVD y Doug ha conseguido, de hecho, rodar su pretenciosa película, mientras que el señor Dulberg proyecta una producción totalmente inesperada a los amigos y familiares en el espectáculo de fin de curso de los compañeros.<br />\r\n<br />\r\nLos padres de Joe están furiosos, su maestro está furioso. Da la impresión de que la carrera cinematográfica de Joe y Baggy se ha ido a pique. Este podría ser el final de \"The Love Storm\".<br />\r\n<br />\r\nMeses más tarde, Vlad, Gabi y Christi hojean el Pussy Magazine (una revista porno) y en ella descubren que su ópera prima ha sido nominada para el Golden Cockerel. Esta es la oportunidad de Joe para congraciarse con sus amigos, aunque ni Baggy ni Lila confían ya en él. Sin inmutarse, Joe se traslada volando a Londres, a por el premio. <br />\r\n<br />\r\nSe anuncia la identidad del ganador del premio Golden Cockerel y Candy se adelanta para anunciar al verdadero equipo que había estado detrás de la producción: Joe y Baggy, dejando a Doug como un mentiroso.<br />\r\n<br />\r\nResultó así que la primera experiencia de los amigos con el cine erótico era, precisamente, la forma correcta de adentrarse en la industria del cine! Los sueños tienen una extraña forma de hacerse realidad'),(63,'En 1941, en Branagan, Michigan, la bella y vital Ethel Ann Roberts roba el corazón de tres amigos, Teddy Gordon, Jack Etty y Chuck Harris, todos jóvenes aviadores. Sin embargo, Ethel Ann sólo tiene ojos para Teddy, un chico de campo de rostro franco y cautivadora sonrisa. El idilio es apasionado y ambos hacen planes para el futuro, pero el ataque japonés a Pealr Harbor hará que los chicos de Branagan resulten llamados a filas para la guerra. Tras una boda secreta, Teddy parte con el anillo de Ethel, la promesa de amor eterno de ésta, y un pacto con Check según el cual si él no logra regresar, aquél se hará cargo de su mujer.<br />\r\n<br />\r\nDos años más tarde, el bombardero B-17 de Teddy se estrella en Black Mountain, Belfast. Ethel oculta su abrumadora pena junto con los recuerdos de Teddy tras una pared de la casa que juntos habían construido. Se casa con  Chuck, le da a éste una hija y arrastra una vida absorbida por el dolor de la pérdida. Cuando Chuck muere en 1991, se abre un abismo entre Ethel y su hija, Marie, quien ignoraba todo del pasado de su madre. Sólo Jack, cuyo amor por  Ethel no ha menguado un ápice, sabe del secreto que anida en el corazón de la mujer. Cuando un joven irlandés de Belfast desentierra un anillo de oro con los nombres de Ethel y Teddy inscritos, el hallazgo hace que el pasado de Ethel le caiga encima. Marie descubre la verdad acerca de su madre, y Jack intenta por última vez sanar el dolor de toda una vida. Ethel tendrá que viajar a Irlanda, o bien para acabar con su vida o para comenzarla de nuevo. Inspirada en hechos reales, Closing the Ring es un gran romance que habla de pérdidas y encierro, de amor y reconciliación, y de la capacidad para encontrar la felicidad cuando todo parece perdido.'),(64,'Remake de la película de 1977 de Michael Haneke.'),(65,'Remake da la película del mismo nombre japonesa.<br />\r\nEn el thriller sobrenatural One missed call (Llamada perdida), una serie de personas reciben aterradores mensajes en su teléfono móvil sobre sus fatídicos momentos finales. Aunque el mensaje se puede borrar, su número se mantiene.<br />\r\n<br />\r\nBeth Raymond (Shannyn Sossamon) se queda traumatizada cuando presencia las horribles muertes de dos amigos con pocos días de diferencia. Lo que le resulta aún más preocupante es que sabe que ambos habían recibido espeluznantes mensajes en sus móvilesgrabaciones reales de sus propios y terribles últimos momentos. Increíblemente, recibieron las llamadas días antes de morir, pero cada muerte ocurrió precisamente en el momento y del modo que el mensaje anunciaba.<br />\r\n<br />\r\nLa policía cree que Beth está equivocadaexcepto el detective Jack Andrews (Ed Burns), cuya propia hermana murió en un extraño accidente que guarda una curiosa similitud con las muertes de los amigos de Beth. Juntos, Jack y Beth trabajan febrilmente para esclarecer el misterio que hay detrás de las siniestras llamadas.<br />\r\n<br />\r\nPero incluso cuando se están acercando a la verdad, el móvil de Beth comienza a sonar con una misteriosa melodía, y en la pantalla aparece Una llamada perdida'),(66,'El pícaro comerciante francés Baldabiou (Molina) sostiene entre sus dedos un velo tejido con hilo de seda japonés. Es como sostener... la nada.<br />\r\n<br />\r\n- \"¿Sabe usted qué es esto?\" Pregunta Baldabiou al alcalde de la ciudad de Lavilledieu.<br />\r\n- \"Es cosa de mujeres\", respondió el alcalde.<br />\r\n\"Se equivoca\", responde el comerciante. \"Esto, Señor, es dinero. Cosa de hombres\".<br />\r\n<br />\r\nHuevos de gusano de seda. En una palma podrías conseguir millares de ellos. Cuando la epidemia de la enfermedad de Pébrine, la enfermedad del gusano de seda que atacó a los huevos en los criaderos europeos a mediados de 1860, se extendió a ultramar, incluso los huevos de países tan lejanos como África y la India se vieron infectados y todo el comercio europeo de seda parecía condenado a desaparecer.<br />\r\n<br />\r\nPara continuar con su lucrativo comercio, Baldabiou decide enviar al joven oficial militar Herve Joncour (Pitt) a una peligrosa misión en Japón, separándolo durante meses de Helene (Knightley), su encantadora y devota esposa y maestra de escuela. La isla que producía la más fina seda del mundo miles de años antes de la apertura del canal de Suez, Japón, prohibe el acceso a los extranjeros.<br />\r\n<br />\r\n- \"Ese lugar, Japón, donde está exactamente?\" pregunta Herve.<br />\r\n<br />\r\n\"Por allí, y más adelante aún\", le responde Baldabiou, al tiempo que levanta la extremidad de su bastón y señala los techos de San Augusto. \"Siempre derecho hasta el extremo del mundo\".<br />\r\n<br />\r\nPara alcanzar esa tierra misteriosa, Herve viajará a través de Europa, primero en tren desde Viena, a través de Moravia, hasta Kiev. Allí contratará una caravana para cruzar las estepas rusas: 3.000 millas de hielo y de tormentas, para luego surcar el mar en el barco de un contrabandista. Será llevado secretamente desde un puerto de Yamagata al interior de la isla y conducido, con los ojos vendados, hasta una aldea cubierta de nieve llena de bosques y de bambú, anclada en las nevadas montañas Fukushima.<br />\r\n<br />\r\nEs allí donde Herve encuentra al poderoso y temido barón local, Hara Jubei (Yakusho), con quien negociará para obtener los preciados huevos del gusano de seda. Y es allí, en un mundo distinto a cualquier otro que Herve haya experimentado antes, donde él se ve cautivado por la concubina del barón, una chica profundamente misteriosa de una belleza intoxicante. Sin hablar el idioma del otro, junto comparten un amor condenado, obsesivo...<br />\r\n<br />\r\nRomance épico histórico que muestra las relaciones de oriente y occidente.'),(67,'Un conflictivo romance choca contra los peligros de las relaciones familiares con cómicos resultados en la nueva, hilarante e inteligente parodia de Peter Hedges, Como la vida misma. El gran cómico Steve Carell encarna a un hombre como cualquier otro, que decide abandonar su segura rutina y se aventura en el excitante mundo de lo inesperado al enamorarse durante una reunión familiar. Steve Carell y sus dos coprotagonistas, Dane Cook y la oscarizada Juliette Binoche, están a punto de descubrir que un tranquilo fin de semana en familia puede transformarse en un auténtico caos y un sinfín de momentos embarazosos. Pero su familia es un pozo sin fondo de cariño a la hora de hacer frente a acontecimientos inesperados.<br />\r\n<br />\r\nTodo empieza cuando Dan Burns (Steve Carell), viudo, padre de familia y columnista asesor familiar, que aún no se ha repuesto de la pérdida de su mujer,  se refugia en la excusa de que debe ocuparse de sus tres rebeldes hijas para evitar enfrentarse a cualquier situación imprevista. Pero todo está a punto de cambiar cuando Dan lleva a sus tres tercas hijas a pasar un fin de semana a Rhode Island para la reunión otoñal que anualmente celebra la numerosa, alegre y ruidosa familia Burns. Al poco de llegar, conoce a una atractiva mujer llamada Marie (Juliette Binoche) en una librería. Por primera vez en mucho, mucho tiempo, Dan siente una auténtica chispa, pero enseguida debe apagarla al descubrir que Marie es la nueva novia de su hermano Mitch (Dane Cook) y que va a ser presentada a la familia.<br />\r\n<br />\r\nMientras avanza el fin de semana en la casa familiar, llena de parientes tan peculiares como cotillas, Dan y Marie se esfuerzan en enterrar y esconder una creciente atracción mutua, lo que da pie a un sinfín de situaciones cómicas. Pero por mucho que intentan evitarlo, Dan y Marie se enamoran perdidamente. Dan se da cuenta de que, por muy seguro que uno crea estar, si la vida se entromete, es necesario romper todas las reglas.'),(68,'Es la historia del músico Dewey Cox, cuyas canciones iban a cambiar una nación con su rock n roll espiral. Cox durmió con 411 mujeres, se caso tres veces, tuvo 22 hijos y 14 niños acogidos. Estrella de la televisión en los años 70, tuvo como amigos gente como Elvis, los Beatles y un chimpace, etc Adicto a todas las drogas conocidas por el hombre pero a pesar de todo, Cox se convierte en un icono nacional y finalmente se gana el amor de una buena mujer - Darlene (Jenna Fischer).'),(69,'Narra las historias paralelas de Carlitos, un niño de 9 años y su madre, Rosario...'),(70,'No tan duro de pelar es una comedia acerca de tres jóvenes inadaptados que hacen frente a sus infortunios de instituto con la ayuda de un mercenario venido a menos.<br />\r\n<br />\r\nTodo empieza el primer día de instituto cuando el trío de preocupados alumnos compuesto por el regordete Ryan (Troy Gentile, Super Nacho), el delgadísimo Wade (el recién llegado Nate Hartley) y el diminuto Emmit (David Dorfman, The Ring/La señal) se convierten en el blanco instantáneo del psicópata local Filkins (Alex Frost, Elephant), un experto en bullying. De pronto, lo que imaginaban como los mejores años de su vida se convierten en un infierno. Los chicos se dan cuenta de que sólo les queda una solución, contratar a un guardaespaldas.<br />\r\n<br />\r\nAparece en escena Drillbit Taylor (Owen Wilson). Posiblemente no sea el mejor mercenario, asesino a sueldo o gorila, pero sin duda alguna es el más barato de los que contesta al anuncio que colgaron en la red.<br />\r\n<br />\r\nAl parecer, Drillbit es un personaje frío, peligroso y experimentado en operaciones encubiertas y artes marciales de lo más exótico. Pero también es un completo farsante.<br />\r\n<br />\r\nEngaña y convence al crédulo trío para que pasen por un entrenamiento demencial y, después de varios fallos garrafales, consigue inculcarles nuevas habilidades y la confianza en sí mismos que necesitaban. Pero a la hora de la verdad, Drillbit no está a la altura de Filkins y su reinado del terror. A Ryan, Wade y Emmit sólo les queda transformar al embaucador en el salvador que había prometido ser.<br><br></span><span class=descripcion>Género: Comedia<br><br></span><span class=descripcion>Duración: Kristofor Brown, Seth Rogen min.'),(71,'Complejos personajes y vibrantes secuencias de baile,  \"Planet B-Boy\" se introduce en el mundo internacional del b-boying  el baile urbano más comunmente conocido como \"breakdance\".'),(72,'Forzado a dejar su sueño en la escuela de arte, Zach pasa sus días en un trabajo de muerte para ayudar a los cuidados y necesidades de su hijo. En su tiempo libre él surfea, pinta ysale con sus mejor amigo Gabe, que vive en la zona rica de la ciudad....'),(73,'Una reciente encuesta realizada por la CNN  revela que una tercera parte de la población cree en fantasmas y muchos de ellos declaran haber visto alguno....'),(74,'Una madre soltera que vive en el interior de la ciudad de Chicago, ha estado luchando durante años por mantener a sus 3 hijos fuera de las calles....'),(75,'Se lanza a la pista y va a toda velocidad durante toda la competición. Speed Racer (Emile Hirsch) se siente cómodo al el volante.  Nacido para conducir coches, Speed es agresivo, intuitivo, y, sobre todo, valiente. Su única y verdadera competición es el recuerdo del hermano al que idolatraba: el legendario Rex Racer, quien, después de fallecer en una carrera, dejó un legado que Speed debe continuar. <br />\r\n<br />\r\nSpeed es fiel al negocio de carreras familiar, dirigido por su padre, Pops Racer (John Goodman), diseñador del atronador Mach 5 de Speed. Cuando Speed rechaza una tentadora y lucrativa oferta de la empresa Royalton Industries, no sólo enfurece a su maníaco dueño (Roger Allam), sino que destapa un secreto terrible: unos magnates despiadados manipulan a los pilotos para aumentar los beneficios, amañando así algunas de las carreras más importantes.  Si Speed no conduce para Royalton, ésta se encargara de que Speed no vuelva a cruzar otra línea de meta.<br />\r\n<br />\r\nLa única manera que tiene Speed para salvar el negocio de su familia y el deporte que ama es vencer a la Royalton en su propio terreno. Con el apoyo de su familia y su leal novia, Trixie (Christina Ricci), Speed se alía con el que anteriormente fuera su rival, el misterioso Racer X (Matthew Fox), para ganar la carrera que se cobró la vida de su hermano:  el rally conocido como Crisol, que atraviesa varios países y desafía a la muerte. <br />\r\n<br />\r\nAun así, la última prueba del valor de Speed Racer en la competición será en el evento cumbre de la Liga Mundial de Carreras de Coches (WRL): el Grand Prix.  Pero entre Speed y la bandera de cuadros se encuentran los mejores, y más crueles, competidores del mundo, alentados por la recompensa de un millón de dólares que Royalton entregará al conductor que se libre de Speed de una vez por todas.'),(76,'La popular expresión \"lo que pasa en Las Vegas no sale de Las Vegas\" trae a la memoria una auténtica riada de inhibiciones de las que uno se ha deshecho, de lujo insensato y de estimulante disipación. Y quien pueda recordar algo de todo ello, es muy probable que no haya estado allí. <br />\r\n<br />\r\nPero, ¿qué ocurriría si unos pocos momentos de locura -¡Bueno! ¡De borrachera desbocada!- en la Ciudad del Pecado no sólo salieran de allí sino que le persiguiesen hasta su misma casa y le amenazaran con poner toda su vida patas arriba? Pues ése es el tinglado que hace explosión provocando una serie de estrafalarias consecuencias para dos desconocidos, tan atractivos como sumamente desiguales, en la comedia Algo pasa en Las Vegas.<br />\r\n<br />\r\nPara el carismático parrandero Jack Fuller (ASHTON KUTCHER) y la estirada agente de bolsa especializada en materias primas Joy McNally (CAMERON DÍAZ), un escandaloso fin de semana, compartido en Las Vegas por pura coincidencia, debería haber acabado, según mandan los cánones, siendo un recuerdo borroso e inesperado. Es decir, lo sería si estos dos neoyorquinos de vacaciones no tuvieran un acta de matrimonio firmada que les señala con el dedo para recordarles, de forma espeluznante, el piramidal paso en falso que dieron sin sentir dolor alguno; al estilo de Las Vegas. <br />\r\n<br />\r\nPara acabar de amañar la partida, Jack y Joy no se limitan a casarse, sino que, más adelante, rebañan un filón de máquinas tragaperras levantando la minucia de tres millones de dólares. ¡Bueno! Fue Jack quien, usando una moneda que le dio Joy, ganó en la máquina en la que ésta ya había estado jugando. ¿O fue al revés? Y, de todas formas, ¿de quién es la pasta? <br />\r\n<br />\r\nÉsa es la misteriosa mano que le han repartido a esta pendenciera pareja, que vuelve a Manhattan con su conflicto a cuestas sin obtener más resultado que una sentencia del incorregible juez Whopper (DENNIS MILLER), quien les condena a \"seis meses de matrimonio forzado\". A pesar de las desafortunadas protestas del íntimo amigo y abogado de Jack, Steve \"Hater\" Hader (ROB CORDDRY), Whopper se niega a conceder a Jack y Joy una anulación, congela el dinero del premio y obliga a la irresponsable pareja a demostrar que han hecho cuanto humanamente es posible para que su impremeditado matrimonio sea un éxito. Ello incluye la cohabitación, sesiones semanales de terapia de pareja y hacer algo que alguien chapado a la antigua como Whopper cree que la generación de Jack y Joy aborrece: intentarlo. De lo contrario, el juez garantiza que los tres milloncejos quedarán atrapados en un pleito tan costoso y tan largo que nadie más excepto los abogados verá jamás ni un solo centavo.<br />\r\n<br />\r\nYo os declaro marido y mujer. De verdad.<br />\r\n<br />\r\nJack y Joy piensan: \"¡Vale! A ver cómo es de duro\". Y muerden el cebo sólo para verse atrapados en un juego hilarante, alocado, que pone a prueba su paciencia y retuerce su ropa interior, para ver quién se lleva el gato al agua: que gane el mejor \"cónyuge de mentira\".<br />\r\n<br />\r\nUna batalla de los sexos con una pareja de gladiadores como Jack y Joy, por no hablar de sus cómplices: \"Hater\", el compinche de Jack que salta a la mínima, y la despiadada secuaz de Joy, Tipper (LAKE BELL), los cuales se aborrecen mutuamente casi con tanta ojeriza como Jack y Joy. Añádase al exigente padre de Jack, el viejo Jack (TREAT WILLIAMS); a Banger (DENNIS FARINA), el jefe de Joy, todo un negrero; a su estirado ex novio, Mason (JASON SUDEIKIS); y a una espabilada loquera llamada doctora Twitchell (QUEEN LATIFAH), y en nada de tiempo tendremos a todo un equipo que hace que la desesperada farsa de Jack y Joy resulte mucho más insensata.<br />\r\n<br />\r\n¿Podrán Jack y Joy sobrevivir a sus seis meses de \"paraíso matrimonial\" sin asesinarse antes- y acabar cobrando el gran premio? ¿O acabarán encendiéndose las chispas que saltan entre ellos, convirtiendo una relación falsa en algo asombrosamente real?'),(77,'El `Casual Day´ es una práctica empresarial importada de los Estados Unidos. Cada viernes se invita a los empleados a sustituir el traje de chaqueta por una vestimenta más informal. Algunas empresas practican el CasualDay de una manera distinta: aprovechan el día para hacer un viaje al campo, y realizar distintas actividades que fomenten las relaciones personales, reduzcan el stress y mejoren la actividad empresarial.<br />\r\n<br />\r\nRuy ha vivido siempre como ha querido. Es un chico listo, pero ahora está en un compromiso. José Antonio, el padre de su novia, le ha conseguido un puesto importante en su empresa. Quiere que sea su sucesor. A sus veintitantos años, y sin haber tomado ninguna decisión, está atrapado. Le gustaría decir no a este trabajo, a José Antonio, a Inés, su novia, y a este cuento del Casual Day. Pero decir que no, no es fácil. Lo que en teoría iba a ser un mero trámite, un fin de semana en el campo, acabará por decidir el resto de su vida. <br />\r\n<br />\r\n´CasualDay´ cuenta la estancia de un grupo de jefes y empleados en una casa rural durante un fin de semana, es una comedia ácida, en ocasiones absurda, que refleja las relaciones de poder que se establecen en el mundo empresarial.'),(78,'El sargento Brandon King, un condecorado héroe de la guerra de Iraq, regresa a su pequeño pueblo de Texas. Brandon intenta adaptarse a la vida civil con la ayuda de su familia y de Steve Shriver, su mejor amigo que también estuvo con él en Iraq. Brandon y Steve, con otros veteranos amigos, se esfuerzan en acoplarse a una vida que ya habían olvidado hasta que el Ejército vuelve a llamarle para otro periodo de servicio en Iraq. El mundo de Brandon se derrumba. De pronto se encuentra en el centro de un conflicto que pondrá a prueba todos los valores en los que ha basado su vida: la unión con la familia, la lealtad a los amigos, los límites del amor y el valor del honor.'),(79,'Nick Hume (KEVIN BACON) es un hombre normal con una vida estable y cómoda. Trabaja como gerente en una compañía de seguros. Todas las noches vuelve va a casa donde lo espera su hermosa esposa, Helen (KELLY PRESTON), y sus dos hijos adolescentes, Brendan (STUART LAFFERTY) y Lucas (JORDAN GARRETT). <br />\r\n<br />\r\nLa famila Humes es una familia de clase media, ejemplo de la felicidad suburbana. Y Nick está satisfecho; ayuda con las tareas de la casa y disfruta enormemente de la intimidad que comparte con Helen. Ella es su confidente y su compañera. Además, está muy comprometido en las vidas de sus hijos. Brendan, el mayor, es confiado y obstinado. Es popular, buen atleta y está a punto de ir a la universidad y comenzar una prometedora vida propia. Lucas admira a su hermano, pero reconoce la sombra que deja Brendan. Lucas todavía no ha encontrado su camino y se siente un poco dejado de lado debido a la adoración que recibe Brendan. En general, los Humes representan a una típica familia americana de moral recta y humildad.<br />\r\n<br />\r\nY entonces, un día, sus vidas perfectas se detienen de repente. Una noche cuando Nick está llevando a Brendan hacia casa, después de participar en un partido de hockey, decide detenerse a echar gasolina. Mientras está llenando el tanque del coche de la familia, Brendan va a la gasolinera a comprar una bebida. Momentos más tarde, una pandilla de delincuentes entra dentro del almacén con las caras cubiertas por máscaras de esquí, y empuñando varias armas. Pero este no es el típico robo: se trata de un rito de iniciación para Joe Darley (MATTHEW OLEARY), el hermano menor de Billy Darley (GARRETT HEDLUND), el despiadado líder callejero de la banda. Después de torturar y de matar al vendedor de almacén, vuelven su atención hacia Brendan. <br />\r\n<br />\r\nEs en ese momento en el que Nick vuelve del surtidor y mira hacia el almacén, sólo para ser testigo del golpe mortal que Joe le propicia a Brendan y que termina con todas sus promesas de futuro, dejándole tendido en medio de un charco de sangre, al tiempo que la banda intenta huir. Pero cuando Nick corre para ayudar a su hijo, choca con Joe y caen al suelo. Desenmascara a Joe, y su propio futuro queda marcado.<br />\r\n<br />\r\nArrestan a Joe, pero a pesar de lo que le asegura el investigador en jefe, la detective Wallis (AISHA TYLER), el sistema falla en última instancia con los Humes y Joe queda suelto. Conducido por un alto sentido de la justicia y un gran dolor, Nick se toma el asunto por su mano y sale en busca del asesino de su hijo. En su confrontación con Joe, Nick se encuentra a merced de sus emociones y termina matándolo. Inseguro sobre el próximo paso, Nick corre hacia la vida que siempre le ha servido de cobijo: su esposa, su hijo sobreviviente y su trabajo.<br />\r\n<br />\r\nNick piensa que todo tiene una finalidad; al final es una solución imperfecta para una tragedia horrible, pero funciona. Solo que ahora Nick tiene sangre en las manos y no desaparece Billy Darley está al acecho, y todo está listo para un intercambio violento que irá escalando con cada latido del corazón. ¿Hasta dónde llegará Nick para proteger a su familia? ¿Hasta dónde llegará Billy para proteger a los suyos?'),(80,'1950. Alabama rural. Temporada de cosecha del algodón. Es un fin de semana crucial para el bar Honeydripper y su dueño, el pianista Tyrone \"Pinetop\" Purvis. Debe mucho al que le suministra las bebidas, otro tanto al pollero y al casero. Tyrone está dispuesto a cualquier cosa con tal de atraer a los jóvenes cosechadores y a los reclutas de la base cercana a su bar y hacerle la competencia a Touissant, dueño del local rival.<br />\r\n<br />\r\nDespués de despedir a Bertha Mae, su cantante habitual de blues, Tyrone anuncia a su compinche Maceo que ha contratado al famoso guitarrista Guitar Sam para una actuación especial única: la idea es llenar el club y, de paso, salvarlo.<br />\r\n<br />\r\nLlega el gran día y Tyrone va a esperar el tren, pero Guitar Sam no está a bordo. Obligado a encontrar una solución, llega a un acuerdo con el sheriff para que suelte a Sonny, un chico que se había presentado en el club después de bajarse de un vagón de carga, diciendo que tocaba tan bien como Guitar Sam. <br />\r\n<br />\r\nTyrone limpia y viste a Sonny. Su plan es hacer pasar al joven guitarrista por Guitar Sam el tiempo suficiente para apagar las luces y salir pitando con la recaudación. Cuando Sonny suba al escenario y ataque con su primer solo de guitarra, Tyrone sabrá si las luces del Honeydripper se han apagado para siempre o si su suerte ha cambiado: puede que sea otro hombre salvado por el rock & roll.<br />\r\n<br />\r\nEl reparto de Honeydripper está compuesto por Danny Glover, Charles S. Dutton, Lisa Gay Hamilton, Stacy Keach, Mary Steenburgen, Yaya DaCosta y Sean Patrick Thomas, además de músicos de la talla de Keb Mo, Dra. Mable John y Gary Clark Jr., un talento que hace su debut cinematográfico en el papel de Sonny.'),(81,'Cuenta la vida de una doctora y su sacrificio por un grupo de misioneras, presas de un guerrero en la China de 1935.'),(82,'La historia de un hombre que busca a otro al que reconcerá por el arma -un Winchester 73- que le robó.'),(83,'La película está formada por cinco historias que tienen como hilo conductor el accidentado frac de un famoso actor. A partir de ese momento, esta prenda servirá para reajustar a una pareja, para el comienzo de la carrera de un director de orquesta, para la rehabilitación de un vagabundo y para establecer el bienestar en una aldea habitada por gente de color.'),(84,'Un ladrón de coches retirado tiene que volver al oficio para sacar a su hermano pequeño de un lio en el que se ha metido por seguirle la pista en la apropiación de los vehículos ajenos. Coaccionado por la banda mafiosa que persigue a su hermano, se dispone a reunir al equipo de especialistas con el que trabajaba en su época dorada como ladrón.'),(85,'El teniente Somerset (Morgan Freeman), del departamento de homicidios, está a punto de jubilarse y ser reemplazado por el ambicioso y brillante detective David Mills (Brad Pitt). Ambos tendrán que colaborar en la resolución de una serie de asesinatos cometidos por un psicópata que toma como base la relación de los siete pecados capitales: gula, pereza, soberbia, avaricia, envidia, lujuria e ira. Los cuerpos de las víctimas, sobre los que el asesino se ensaña de manera impúdica, se convertirán para los policías en un enigma que les obligará a viajar al horror y la barbarie más absoluta.'),(86,'Estamos en la ciudad de Nueva York. Año 2002. Lucy (Monica Potter) es una chica más de los millones que vive en la Gran Manzana. Rubia, joven, al borde de la treintena, periodista brillante y encantadora, aunque un tanto hipocondríaca y algo obsesionada,... Esos son algunos de los detalles que la caracterizan. ¡Ah! Y además busca a su media naranja. Después de haber pasado por una relación tormentosa, no quiere volver a equivocarse.'),(87,'Un joven de barrio que alucina con la discoteca Studio 54 entra a trabajar en ella de camarero durante los años 70. Poco a poco se va ambientando hasta encontrarse en su salsa en un mundo de diversión desenfrenada: las drogas aún no daban miedo, el sexo no estaba censurado por el sida y la música incitaba a bailar sin preocupaciones sobre enormes plataformas y bajo grandes bolas giratorias de espejitos.'),(88,'55 Días en Pekín es una fastuosa superproducción, una magnífica epopeya de Hollywood. Un pequeño grupo de extranjeros se ve atrapado dentro de la Ciudad Prohibida de Pekín. El coraje y liderazgo de un marine de los Estados Unidos de América (Charlton Heston) y del embajador británico (David Niven), son la única esperanza para escapar de esta trampa. Mientras, una bella condesa rusa (Ava Gardner) deberá elegir entre la libertad y su compromiso.'),(89,'Tarzán, ahora señor de Greystoke, vive tranquilamente en Inglaterra y está a punto de casarse con su guapa novia, Jane. En vísperas de su matrimonio, Tarzán tiene una visión en la cual ve como su hogar en África es destruido. Él, que nació en el seno de la aristocracia, pero que fue criado por las criaturas de la jungla para ser devuelto ya de adulto a su sociedad natal, no sabe qué hacer. Pero la llamada de la selva es demasiado fuerte para el rey de la jungla, por lo que vuelve a su África natal donde se enfrentará a un grupo de exploradores europeos, empeñados en descubrir y saquear la legendaria y mítica ciudad de Opar.'),(90,'La última relación larga de Matt Sullivan (Josh Hartnett) acabó en desastre y desde enton-ces, su corazón está roto y no falta a sus res-ponsabilidades. Entonces llega la Cuaresma, época del año en la que todo el mundo deja de hacer algo. Entonces es cuando Matt decide llegar donde ningún hombre ha llegado antes y hacer un voto: nada de sexo; de ningún tipo. Nada de achuchones. Nada de besos. Nada de juegos preli-minares. Nada de andar con unas y con otras. Nada de tocamien-tos. Nada de nada. Al principio lo tiene todo bajo control. Hasta que la mujer de sus sueños, Erica (Shannyn Sossamon), irrumpe en su vida. Ahora, con todo el mundo haciendo apuestas no terminará lo que empezó. Lo único que hace es intentar esperar con la espe-ranza de que ella no se desesperará.'),(91,'Valencia, años 50. Un joven retraído e inseguro, que vive bajo la minuciosa protección de su familia, perteneciente a una pudiente clase media de provincias, viaja a Valencia para estudiar Derecho. Allí descubrirá un mundo que no conocía: el aprendizaje en las tareas del amor, y sus sentimientos de culpa, que le hacen cuestionar su férrea educación religiosa; las inquietudes políticas y su afán por conocer todo lo prohibido.'),(92,'Harris Telemacher, presentador de la previsión del tiempo en una cadena local de Los Angeles, se encuentra deprimido porque los vaticinios sobre su vida personal, a cual más negativo, siempre se cumplen. Tras soportar una desastrosa relación con una tiránica mujer, el locutor encuentra a Sara, una periodista que realiza un reportaje sobre la ciudad en la que vive y trabaja. Con ella recorre sus calles y de ella se enamora.'),(93,'Tres sargentos de caballería reciben la orden de averiguar los motivos del corte de la línea telegráfica a Medicine Bend. Por el camino liberan de las garras de unos cazadores furtivos a Jonas, un ex-esclavo negro, quien, no sabiendo a dónde ir, decide acompañarles en su peligrosa misión.'),(94,'Brian O´Connor se encuentra en una encrucijada, ha sido detenido por sus antiguos jefes del FBI por participar en carreras de coches clandestinas. ¿La manera de limpiar su expediente? Volver a trabajar para ellos como agente infiltrado en una banda mafiosa. La policía necesita pruebas palpables de los trapicheos con la droga del capo Carter Verone y Verone necesita conductores experimentados que le pasen las drogas.'),(95,'Myles Berkowitz no tiene novia y para encontrar una decide montar 20 citas. Myles también es un director de cine que está en paro, así que aprovecha la ocasión para rodar una película sobre el amor verdadero.'),(96,'A finales del siglo XIX muchos barcos son atacados por una especie de ballena gigante. El profesor Aronnax, junto a su hija zoóloga y el arponero Ned Land, inicia una expedición para averiguar qué extraño ser es el que ataca. En una embestida caen al mar, siendo recogidos por un submarino al mando del capitán Nemo.'),(97,'Tras un prólogo donde el hombre mono, influido por la repentina presencia de un monolito negro, descubre que un hueso puede ser utilizado como arma, cuatro millones de años después, en el año 2001, una astronave guiada por la sofisticada computadora Hal 9000 parte con unos astronautas y científicos a la base lunar de Clavius para averiguar qué es un inmenso monolito negro que acaba de encontrarse.'),(98,'Es el año 2013 y Snake Plissken regresa tras escapar de New York. Un terremoto separó Los Ángeles del resto del continente. En la Nueva Moral Americana los ciudadanos que no están de acuerdo con las nuevas leyes (no fumar, no comer carne, etc.) son deportados a Los Angeles, convertida ahora en una cárcel penal.'),(99,'Finales de los años 70. Tras asistir a un concierto de Sex Pistols, Tony Wilson y sus amigos formulan un plan que a lo largo de las dos décadas siguientes cambiará la faz de la música pop y dará notoriedad a Manchester. De esta forma crean la discográfica Factory Records, lugar de origen de grupos como Joy Division, New Order y Happy mondays.\r\nTras lanzar Factory Records, compran un local y ponen su propia discoteca, Hacienda, que pronto se convierte en una de las más conocidas del mundo. Sin embargo, la fiesta no durará eternamente. La película, una historia de música, sexo, drogas y personajes estrafalarios, muestra la visión de un hombre que quiere dejar libres a sus artistas, lo cual, a su vez, será su perdición.'),(100,'Jon, Patxi y Maite son tres jóvenes de San Sebastián que sobreviven con sus conflictos, sus problemas de muchachos de dieciocho años, y su desconcierto ante el futuro. Patxi trabaja descargando en el puerto. Jon y Maite, son novios y adictos a la heroína.Consiguen el dinero algunas veces de sus padres y otras haciendo trabajillos no siempre legales. La historia transcurre durante veintisiete horas de la vida de estos tres personajes, unidos por una fuerte amistad, que tienen que elegir su destino y cuya relación se verá truncada trágicamente.'),(101,'Gwen Cummings es una joven escritora que vive feliz con su vida de desenfreno, hasta que se emborracha en la boda de su hermana, roba una limousine y es multada a pasar 28 días de rehabilitación. entonces empieza a caer en la cuenta de que algo falla.'),(102,'Henry West (Christopher Eccleston) despierta luego de permanecer en estado de coma 28 días. Entonces descubre que la ciudad de Londres ha sido infectada por un misterioso virus que convierte a la gente en zombis caníbales.'),(103,'Allen Bauer es un joven hombre de negocios con éxito que siente que el amor no le llegará nunca. Sin embargo, cae accidentalmente al oceáno y, cuando despierta, descubre a la maravillosa chica que le acaba de salvar la vida y de la que se enamora perdidamente. Sólo hay un problema: es una sirena.'),(104,'Las hermanas Stratford son muy distintas. La guapa y popular Bianca nunca ha salido con un chico, y Kat, su hermana mayor, es una bruja con muy mal genio, y algo arisca, que se ha propuesto rechazar a cualquier chico que demuestre el más mínimo interés por ella. Desgraciadamente, el estricto reglamento que rige el hogar de los Stratford prohibe a Blanca tener novio hasta que su insoportable hermana tenga uno; situación que parece más que improbable teniendo en cuenta que Kat lleva una vida social desastrosa. Blanca está desesperada por ir al baile de fin de curso. Pero su pretendiente, Cameron, guarda una sorpresa.'),(105,'George Webber, famoso compositor de canciones románticas, ha cumplido cuarenta y dos años. Sale con Samantha y comienza a acusar la monotonía. Va a salir de ella de modo fulminante: se cruza en la calle con una joven vestida de novia y queda tan impresionado por ella que, aún sabiéndola casada, no parará hasta averiguar donde está pasando la luna de miel. Para su desgracia, se trata de México, país al que llegará el audaz George'),(106,'Obsesionada por obtener auténtica piel de Dálmatas para crear su nueva línea de moda, Cruella de Vil no se detiene ante nada. Cuando Anita, una de sus mejores diseñadoras, le cuenta lo contentos que están ella y su marido Roger, porque su pareja de Dálmatas (Pongo y Perdita) van atener cachorros, la mente de Cruella empieza a maquinar. Con la ayuda de sus dos patosos ayudantes, Cruella secuestra o todos los cachorros para quitarles la piel.'),(107,'El hogar de los dálmatas Pongo y Perdy y sus mascotas humanas se ve sumido en el caos cuando son raptados los cachorros. La principal sospechosa es Cruella Devil, que quiere hacerse un abrigo con la piel de los dálmatas.'),(108,'La acción transcurre alrededor del personaje interpretado por Ioan Gruffudd, el cual dirige un orfanato de perros. Cuando las autoridades lo amenazan con cerrar su negocio, él habla con la prensa con la esperanza de atraer su atención. Pero, por desgracia, lo único que logra es que Cruela, recién salida de prisión, se ocupe de él.'),(109,'Los miembros de un jurado, encerrados para deliberar sobre la inocencia o culpabilidad de un hombre acusado de asesinato, están de acuerdo en su veredicto de culpabilidad. Todos menos uno de ellos, que tratará de convencer a sus otros once compañeros de que reconsideren su decisión.'),(110,'La acción transcurre en el año 2035. Gran parte de la humanidad ha sido aniquilada en un holocausto que ha vuelto inhabitable la superficie de la Tierra. La única forma de sobrevivir es volver al pasado y encontrar suficientes recursos para reconstruir el mundo.'),(111,'Arthur Kriticos y sus dos hijos, Kathy y Bobby, sólo se tienen los unos a los otros tras haberlo perdido todo. Jean, mujer de Arthur y madre de sus hijos, murió en un incendio que dejó al resto de la familia sin nada, hasta que de repente, Arthur hereda una extraña casa de su misterioso y excéntrico tío Cyrus. La casa está hecha de acero y de cristal y es una maravilla de la arquitectura moderna, con muchos espacios abiertos, impoluta y de líneas rectas. A Arthur y los chicos les cuesta creer su golpe de buena suerte, y al llegar a la nueva casa admiran la elegancia de sus paredes de cristal. Lo que no saben es que la casa de la luz guarda un oscuro secreto.'),(112,'Un oficial del ejército americano debe encargarse de la dura misión de instruir a un grupo de jóvenes para localizar misiles enemigos en la Francia ocupada por los nazis. Pronto descubre que entre ellos se encuentra un espía alemán que luchará para que su plan fracase.'),(113,'La película narra el viaje de Colón hacia el Nuevo Mundo. A pesar de que el viaje se iniciará de forma triunfal, Colón tuvo que enfrentarse a la violencia, la humillación y el horror.'),(114,'El brillante detective de homicidios en Nueva York, Eddie Flemming se une a un destacado investigador de incendios , para descubrir a los causantes de los diversos destrozos que se están produciendo en la ciudad, sembrando el pánico y desatando una alarma que alerta a toda la población.'),(115,'Una adolescente que está a punto de cumplir los dieciséis años, experimenta una gran tristeza al advertir que su familia olvida su cumpleaños absorta en la preparación de la boda de la hermana mayor.'),(116,'El 7 de diciembre de 1941, se produce el ataque japonés a la base americana de Pearl Harbor, lo que significa la entrada de Estados Unidos en la Segunda Guerra Mundial. En la costa oeste, la más cercana a Japón, se crea un clima de histeria civil.'),(117,'Anna, una rica heredera, escapa de su familia y se esconde en el barrio más peligroso de Nueva York, el Bronx. Allí conoce a Trash, un chico que pertenece a una banda de gángsteres llamada The Riders, y del cual se enamora. Pero todo se complica cuando el padre de ella contrata a un psicópata, Hammer, para que la devuelva a casa y elimine a la banda de Trash.'),(118,'Un veterano de Vietnam es enviado a rescatar al presidente de EE UU, pero para asegurar la misión le convierten en arma humana.'),(119,'Bunny Watson es una persona de extraordinaria memoria que tiene a su cargo los archivos de una importante cadena televisiva. La llegada de Richard Summer a la empresa, un ingeniero que acaba de inventar un revolucionario cerebro electrónico, crea incertidumbre entre los empleados que ven peligrar sus puestos de trabajo.'),(120,'El agente 007 debe evitar que un catastrófico desastre a nivel global aparezca en los titulares de los periódicos de mañana. Alguien está enfrentando a las superpotencias mundiales entre sí, y solamente James Bond puede detenerlo.'),(121,'El agente 007 se enfrenta a la mafia de la droga en una isla sin determinar que se encuentra situada en Sudamérica. El agente, que ha viajado hasta Florida para asistir a la boda de un amigo de la CIA, se encuentra con la noticia de su asesinato.'),(122,'Estamos en una zona desmilitarizada entre Corea del Norte y Corea del Sur. Un hombre llega a la costa haciendo surf sobre unas olas gigantes. Cuando se quita el traje de goma, descubrimos que se trata de James Bond (Pierce Brosnan), el agente 007. Allí debe cumplir su misión: investigar las ventas de armas que un militar efectúa, aunque realmente las intenciones de éste sean mucho más oscuras. Bond es capturado mientras lleva a cabo la misión, y es confinado y torturado. Catorce meses después, Bond es liberado a cambio de la entrega a Corea del Norte del malvado Zao (Rick Yune). La Agencia Nacional de Seguridad de los EE.UU. y el MI6 sospechan que Bond podría haber revelado algún secreto, y por eso M (Judi Dench) le suspende la licencia para matar.'),(123,'Dos jóvenes viven un amor veraniego. Al comenzar el curso coinciden en el instituto, pero él simula no concocer a la chica para no provocar las burlas de su pandilla'),(124,'A Ana María, una mujer que vive para su familia, la deja su marido tras ocho años de matrimonio. La causa es una enfermera que le ha engatusado y que tiene un ex novio cuyos celos patológicos le llevaron a la cárcel. Y toda la historia acabará en la televisión, ya que mientras Ana María ha ido a un programa para recuperar a su esposo, otro canal busca al ex novio de la enfermera y ésta y el marido están grabando vídeos caseros para Alerta Ovni.'),(125,'La historia de Leonard Zelig. Es uno de los más famosos habitantes de Manhattan. Aparece fotografiado entre los presidentes Hoover y Coolidge. Intercambia golpes con el boxeador Jack Dempsey, habla de teatro con el dramaturgo Eugene O´Neill, cuando Hitler arenga a sus partidarios en Nuremberg, allí está él, en la plataforma de los oradores, toca jazz junto a Duke Ellington...'),(126,'Dereck Zoolander es un modelo de los de éxito: pese a no tener ni acreditar unas medidas del estilo de \"Los vigilantes de la playa\", Zoolander ha conquistado por tres veces consecutivas el título de top model más importante del año. Todo le va de perlas, hasta el momento en que se entera de que su posibilidad para revalidar el nombramiento es más bien escasa, ante la aparición de Hansel, un joven aspirante dispuesto a comerse el mundo de las pasarelas.'),(127,'Algo pasa con Charlie Baileygates, un veterano policía de Rhode Island con 17 años de experiencia a sus espaldas. Charlie es todo un caballero, infatigable trabajador, siempre servicial, y un abnegado y cariñoso padre con tres hijos. Por desgracia, Charlie sufre un transtorno de doble personalidad, y cuando no se toma la medicación se convierte en... Hank Baileygates, el hiperactivo alter ego de Charlie. Hank es obsceno, bebe como un cosaco, es pendenciero y le encanta en sexo sucio, muy sucio.'),(128,'Un hombre de procedencia humilde quiere convertirse en estrella del boxeo. Cuando lo consigue, su inocencia se transforma en odio al descubrir los oscuros manejos que hay detrás de este duro deporte, sobre todo, cuando empieza a ser alguien importante en el \"ring\".'),(129,'Estamos en la España de los años 40. Julia, una mujer joven, rica, culta y viajera, se aleja de Madrid tocada por la tristeza. Allí deja a su novio querido, a su amante, un pintor que ha caído en presidio porque daba a conocer ideas que el Régimen no comparte. Cuando la conocemos, Julia conduce su auto hacia el pequeño pueblo asturiano de Cerralbos del Sella, donde le aguarda un caserón familiar en el que vivió los veranos más felices de su infancia.'),(130,'La película narra la vida y posterior asesinato de Yoyes, la primera mujer que ocupó puestos de responsabilidad dentro de la banda terrorista ETA. Tras unas acciones violentas, tuvo que quitarse de en medio y se fue a México. Allí estudió una carrera, consiguió trabajar en la ONU y tuvo un hijo. Decidió volver a su tierra y seguir llevando su nueva vida normal. Pero las cosas en Euskadi siguen como ella las dejó. Sus antiguos compañeros interpretarán su evolución como una traición a la causa'),(131,'Maximus Decimus es el más importante general del Imperio Romano, y una de las pocas personas en las que el Emperador Marco Aurelio tiene confianza ya que le considera como a su propio hijo. Después de salir victorioso de una batalla en Germania, éste le confía que será Maximus el encargado de sucederle cuando muera, en vez de Comodo, el primogénito de Marcos Aurelio, un ser despreciable que sólo espera a que su padre muera para hacerse con el poder. Pero al enterarse de que le han dejado aparte, Comodo asesina a su progenitor y se proclama Emperador'),(132,'Nada más empezar 2º de BUP, Juan se enamora de Sara, la chica nueva de su clase. Juan es un chico tan irónico como reservado, y por ello guarda en secreto -o así lo cree él- su amor, que no confiesa ni a sus mejores amigos. Tampoco se atreve a confersarlo a la interesada. Juan es un chico normal, Sara es más lanzada y especial: desconcierta continuamente a Juan, al que alternativamente atrae y ahuyenta. Pronto le propondrá robar los exámenes del despacho de la directora.'),(133,'Preston Meyers es un joven aspirante a escritor enamorado de una muchacha de su escuela, cuya última oportunidad de conquistarla antes de ir a la universidad será la fiesta de graduación.'),(134,'Los yakuza forman parte de una mafia japonesa. Son capaces de asesinar a sangre fría con tal de conservar sus negocios ilegales. Su historia parte de los principios samurais y conservan un código de honor de más de trescientos años de antigüedad. Harry Kilman, un hombre que formó parte de las tropas de ocupación estadounidenses en Japón, vuelve a este país para ayudar a un amigo. La hija de éste ha sido secuestrada.'),(135,'Los Yamakasis son un grupo de siete jóvenes que se dedican a saltar de un edificio a otro por sus tejados sin ayuda de cables, conquistando de esta forma el corazón de todos los adolescentes franceses y siendo un modelo a seguir por todos ellos. Cuando un joven aficionado sufre un accidente al intentar imitarles y su vida depende de una costosa operación, los yamakasis deciden infringir la ley por primera vez en su vida para ayudarle.'),(136,'La maternidad se ha convertido para Yerma en una obsesión, en su única forma de liberación y realización como mujer, según las demandas de la sociedad. Admitir que no puede terner hijos es negarse a sí misma y, por eso, proyecta su culpa sobre su marido, Víctor, a quien acusa de falta de pasión y con el que está segura de que podría engendrar hijos.'),(137,'Una joven enfermera llega a una isla del Caribe contratada para cuidar a la esposa de un rico terrateniente. La mujer aquejada de un misterioso e inexplicable mal, observa un extraño comportamiento.'),(138,'Considerado como un film menor dentro de la filmografía de Hitchcock resulta, sin embargo, una cinta sumamente interesante en la que a las constantes de su autor se une un interesante caso de dilema ética acerca de los límites del secreto de confesión que han de observar escrupulosamente los sacerdotes católicos. Un joven párroco recibe en confesión la declaración de un asesinato de un hombre que piensa volver a matar, a partir de ahí se debatirá en su interior la disyuntiva acerca de denunciar el caso a la policía o ser leal a sus atribuciones eclesiásticas; a todo ello también se une la crisis de fe que el sacerdote atraviesa cuando vuelve a encontrarse con un amor de juventud.'),(139,'Valerie Solanas lleva una vida solitaria como intelectual errante en la periferia de Manhattan residiendo en hoteles baratos. Poco reconocida como autora teatral y ensayista, intenta vender un manifiesto feminista radical escrito por ella en las calles de la ciudad. En busca de una oportunidad, acude al estudio experimental de Andy Warhol.'),(140,'Un antiguo boxeador, se aprovecha de la buena fe de un amigo, porque cuando eran niños le salvó la vida, y vive cómodamente en la casa de éste. Ambos se ganan la vida en trabajos basura. La suerte parece que puede cambiarles, cuando el ex-boxeador es convencido para que luche contra el campeón de España.'),(141,'La banda de El Chuco roba armas de un tran con la intención de venderlas a los revolucionarios de El General. Un pasajero americano ayuda a los forajidos en el asalto, y posteriormente, se une a ellos en sus ataques a las fuerzas mexicanas. Entre el Chuco y el americano se establece una extraña amistad.'),(142,'Sam (Sean Penn) es un discapacitado mental con la inteligencia de un niño de siete años que vive feliz junto a su hija, Lucy (Dakota Fanning). Todo el tiempo que le deja libre su trabajo en una cafetería lo ocupa en educarla, tarea para la que cuenta con la ayuda de la madura Annie (Dianne Wiest), su vecina y amiga, que siempre tiene a su lado para darle muchos y buenos consejos. La vida transcurre con tranquilidad pero Lucy ya ha cumplido siete años y empieza a ser más lista que su padre. Las autoridades piensan que su padre puede frenar su crecimiento intelectual y deciden que estará mejor con unos padres adoptivos que la puedan educar en un ambiente tradicional. Pero Sam no se rendirá y buscará la ayuda de un abogado. La escogida al azar será Rita Harrison (Michelle Pfeiffer), una letrada de un prestigioso bufete con honorarios inalcanzables que decidirá ayudarlo de forma altruista. Volcada totalmente en su trabajo ha triunfado en el terreno profesional pero su vida personal va a la deriva. Su matrimonio hace aguas y su hijo para el que no tiene tiempo, se siente solo. Los dos lucharán y se ayudarán mutuamente para recuperar a los que más aman.'),(143,'La vida del shériff Henry Tawes cobra un nuevo sentido cuando entabla relación con la precoz Alma McCain, hija de un fabricante ilegal de alcohol. Su mujer Ellen Haney pronto se da cuenta de que está perdiendo a su marido, y la atracción que el shériff siente por la muchacha pone en peligro su matrimonio.'),(144,'Danny Muldoon, policía solitario de Chicago, encuentra el amor de su vida en la persona de Theresa Luna, funcionaria de una empresa funeraria. Danny ha vivido toda su vida muy pegado a su madre, Rose, una inmigrante irlandesa con carácter insoportable. Desde el momento en que Danny presenta a Theresa a su madre, comienza una competición entre las dos mujeres. Las relaciones entre madre e hijo se agrían y Danny comienza a tener fantasias en la que ve a su Rose en grave peligro.'),(145,'En esta película futurista, la tierra se cubre de agua y la raza humana tiene que adaptarse para poder sobrevivir en desvencijadas barquichuelas e improvisadas ciudades flotantes.'),(146,'verano, en medio de una sofocante ola de calor. El inspector de un grupo de homicidios despierta una mañana con un agujero en su memoria. No recuerda nada de lo ocurrido la noche anterior, aunque tiene la angustiosa sensación de que algo grave ha sucedido. Incorporado a sus quehaceres cotidianos, debe investigar un asesinato que ha ocurrido esa noche. Se traslada al escenario del crimen. Y empieza la investigación.... Lo que en un primer momento es una agobiante sospecha, empieza a tomar forma. Todos los indicios de su investigación le señalan a él como autor del asesinato. Sin embargo, no existe móvil.'),(147,'Son mutantes, el siguiente eslabón en la cadena de la evolución. Cada uno de ellos ha crecido con una alteración genética que les transforma el cuerpo y la mente durante la adolescencia, dotándolos de potencias sobrehumanas. En un mundo en el que crecen los prejuicios y el odio, ellos son rarezas científicas, monstruos de la naturaleza, amenazas... para la gente común que no puede aceptar que sean distintos. Las viejas generaciones de humanos temen a los mutantes. Y estos, desconfiando a su vez de lo que puedan hacerles los hombres, se unen a Charles Xavier para buscar un diálogo o se agrupan con Magneto para destruir la raza humana.'),(148,'Los mutantes están en peligro. Y eso que parecía que después de la lucha entre los mutantes que lidera el Profesor Xavier (Patrick Stewart) y los que encabezaba el maléfico Magneto (Ian McKellen), las aguas habían llegado a su cauce. Ahora el malvado ha sido encarcelado en una cela de vidrio de donde es imposible escapar. Aunque por suerte, Mística (Rebecca Romijn-Stamos) aún sigue libre, y puede ayudarle en su intento de fugarse.'),(149,'Xander Cage es XXX, un antiguo ganador de X-Games y atleta profesional de deportes de extremo, que sobrevive vendiendo videos de sus increíbles hazañas, las cuales hacen emitir adrenalina por todo el cupero.\r\nPero después de incontables encuentros con la ley, su mundo está a punto de tomar un rumbo aún más extremo... Porque Xander no sabe que ha sido \"espiado\" por Augustus Gibbons, un agente veterano de la Agencia Nacional de Seguridad que se encuentra en una desesperada situación en la distante ciudad de Praga, en donde su operativo secreto ha sido asesinado por una pandilla de mafiosos con un estilo muy propio, que se llaman así mismos Anarchy 99, encabezados por el brutal ex-Comandante del Ejército Ruso Yorgi.'),(150,'El viaje de Marta a Bogotá para recoger las cenizas del hermano asesinado la sumerge de lleno en las convulsiones de una sangrienta sociedad, donde la vida no vale nada y los valores se difuminan.'),(151,'Isabella es una seductora hechicera nacida con un don para derretir los paladares y los corazones de los hombres de todas las partes del mundo. Un día, cansada de su rutina matrimonial y de la rigidez de la cocina del restaurante de su marido, decide desaparecer. Abandona Brasil para marcharse a San Francisco donde pretende hacer realidad sus sueños, siguiendo su carrera culinaria'),(152,'Wyatt Earp es miembro de un familia de granjeros de Iowa que, al no prosperar su negocio, deciden participar en la Conquista del Oeste. En los neuvos estados que ya forman parte de los Estados Unidos reina la anarquía, por lo que Wyatt Earp decide hacerseagente de la ley, con todos los riesgos que comporta. Pronto hará amistad con Doc Holliday, un personaje mítico con un pasado que le precede y que le ayudará en unos momentos muy especiales.'),(153,'Un microchip con información confidencial que ha sido robado acaba por equivocación en manos de un niño de 8 años, tras ser escondido en un coche de juguete. Un equipo de peligrosos espías emprende su búsqueda, sin sospechar que el ingenio del pequeño puede complicar sus planes.'),(154,'¿Qué son los sueños? ¿Una huida de la realidad o la realidad misma?¿Podemos controlarlos? ¿Qué nos dicen sobre la vida? ¿Y sobre la muerte? ¿Y sobre nosotros? Estas son las preguntas que se plantea y nos plantea \"Waking Life\" mediante el onírico viaje de su protagonista, un hombre que trata de encontrar y discernir la diferencia que separa al mundo real del mundo de los sueños. Mientras intenta encontrar una manera de levantarse, tropezará con varios personajes en su camino, que le irán ofreciendo ideas y sentencias sobre la vida. Así, poco a poco, nosotros vamos convirtiéndonos en los protagonistas.'),(155,'Un joven broker está dispuesto a llegar a la cumbre al precio que sea. Para ello se pone en contacto con un conocido financiero, famoso por sus negocios sucios y su corrupción. Pronto se convierte en su mano derecha, utilizando información privilegiada y espionaje industrial. Sin embargo, se ve obligado a elegir entre la inmoralidad de su jefe y la integridad de su padre.'),(156,'Una recopilación de trabajos de animación en plastilina de la célebre productora Aardeman.'),(157,'Hubert Fiorentini (Jean Réno) es un inspector de policía con unos métodos un poco ortodoxos, pero con un tierno corazón, al que obligatoriamente le darán unas vacaciones forzadas, ya que acaba de pelearse con el hijo del jefe de policía. Dos días después recibe la llamada de un abogado desde Tokyo, informándole que Miko, la mujer de su vida, que había desaparecido hacía 20 años, había muerto. Y lo que le había dejado en el testamento, no era ni dinero, ni presentes, ni nada material; le había dejado a su propia hija, Yumi (Shu Qi), una extravagante adolescente, adicta a ir de compras, y con doscientos millones de dólares en su cuenta. Hubert decide viajar a Tokyo, nueve años después de su última visita, y descubre que la muerte de Miko no ha sido casualidad, ya que había dejado varios negocios sin resolver, y descubre que la mafia japonesa está detrás de la muerte de su antiguo amor. Junto a su antiguo compañero, Momo (Michel Muller), un tipo lento y torpe que trabajó con él y a quien dejó hace diecinueve años en Japón, este viaje a Tokyo no serán las vacaciones que Hubert esperaba.'),(158,'Subyugada por la arrogante figura paterna, Catherine Sloper es una joven tímida y poco experimentada que va camino de convertirse en una solterona. Pero entonces, aparece en su vida Morris Towsend, un joven apuesto que la somete a un apasionado asedio amoroso.'),(159,'Beirut, 13 de abril de 1975, primer día de la Guerra Civil Libanesa. Los pasajeros de un autobús palestino son masacrados por la milicia delante de Tarek y Omar, dos adolescentes que viven en Beirut Oeste, la parte musulmana de la ciudad. Los cristianos controlan Beirut Este y aste división geográfica es el símbolo de un país y un pueblo ahora dividido.Sin embargo, Tarek y Omar, estan decididos a aprovechar su juventud e ignorar lo que sucede, en sus aventuras conocen a May, una joven crintiana, con la que se veran envueltos en un sin fin de aventuras.'),(160,'Tony y Bernardo son los líderes de dos pandillas enfrentadas. Surge el amor sin importar la pertenencia a una banda u otra. Tony está enamorado de la hermana de su más odiado rival, María. El odio y la pasión llevarán la historia a un trágico final, cuando Bernardo mata a uno de los chicos de la pandilla de Tony.'),(161,'Vestido de monje, el Hermano Edgar y su compañero mejicano ilegal Morales Pittman, recorren el Estado de Arkansas vendiendo calcetines supuestamente confeccionados por niños invidentes. Su viaje de negocios se trunca cuando un conocido criminal de veinte años \"White River Kid\" y su prometida, secuestran al dúo y les fuerzan a realizar un salvaje y frenético periplo a través de todo el Estado. En su camino se encontrarán con una prostituta ciega, un sheriff con dotes de cantante, y con la hilarante y alocada familia Weed.'),(162,'El famoso agente de la ley Wyatt Earp comienza su andadura en Wichita, una próspera ciudad que se ve sacudida por los continuos altercados de los vaqueros que acarrean el ganado hasta esta ciudad.'),(163,'La historia se centra en las últimas andanzas del que fuera el pistolero más rápido del Oeste. A partir de su funeral, se nos cuenta el relato de un hombre de la fama de Wild Bill Hickok, una de las leyendas más pintorescas del viejo oeste.'),(164,'La última gira europea de Woody Allen y su banda de jazz son el epicentro de este documental. Además de ver al cineasta subido a los escenarios de 18 países, la cámara se mete en la intimidad de Allen para mostrar sus obsesiones y sus neurosis.'),(165,'Jim West es un agente especial del gobierno Norteamericano que, junto al agente Artemus Gordon, debe atrapar al Dr. Artis Loveless, un desalmado y megalómano individuo sin piernas, pero con todo un arsenal, que tiene la malvado intención de asesinar al presidente Ulysses S. Grant.'),(166,'Willard Stiles (Crispin Glover) tiene treinta años, y su vida es rutinaria hasta el tuétano. Su padre murió hace ya unos cuantos años, pero su recuerdo le persigue allá por donde vaya. Y su madre está gravemente enferma y le tiene atado psicológicamente en la imponente mansión de la familia Stiles. La verdad es que si no fuera por su trabajo como administrativo en la empresa Martin-Stiles Manufacturing, no saldría de la casa para nada: es el único contacto que tiene con el exterior.'),(167,'La malvada reina Bavmorda se encuentra extendiendo el mal por todas partes. Una profecía anuncia la llegada de una pequeña princesa que será la única que pueda terminar con la maldad y el poder de la monarca, quien para protegerse manda matar a todos los bebés que nacen, pero la comadrona logra poner a salvo a la pequeña princesa Elora.'),(168,'8 de diciembre de 1941, Estados Unidos declara la guerra a Japón. Durante los siguientes años las fuerzas americanas estaban totalmente concentradas en la batalla en el Pacífico, tomando las islas una por una de forma lenta y con dirección hacia las costas de Japón. Durante esta campaña brutal, el ejército japonés lograba romper constantemente las comunicaciones militares codificadas, lo que retrasaba el avance de las tropas estadounidenses. En 1942 se reclutaron cientos de indios navajos para que emplearan su idioma con el fin de que sus emisiones no pudieran ser descifradas por el enemigo japonés, un factor muy importante para ganar la guerra. El marine Joe Enders (Nicolas Cage) es herido en el ataque a las Islas Salomon, donde pierde a todo el pelotón. Cuando mejora, le es asignada una nueva misión: proteger a uno de esos indios cifradores de mensajes, Ben Yahzee (Adam Beach). Sus órdenes son las de mantener con vida a estos hombres, pero en el caso de que uno de ellos estuviera a punto de caer en manos del enemigo, su cometido sería el de \"proteger el código a toda costa\". Aunque los hombres se convierten en amigos sin pretenderlo realmente y la guerra fragua lazos de amistad entre ellos, cada uno tendrá que afrontar al final una terrible decisión: si no puedes proteger a tus compañeros de cuerpo, ¿hasta dónde estarías dispuesto a llegar para proteger el código? Todo ello se pondrá a prueba en la decisiva batalla de Saipan.'),(169,'A mediados del siglo XXVII el asteroide Pegasus, en el que se esconde una base naval itinerante de la Confederación terrestre, es atacado por las fuerzas del imperio Kilrathi, una raza de humanoides felinos. En esa incursión la base es destruida, y los Kilrathi se apoderan del NAVCOM, una unidad de comunicación con las coordenadas para llegar a la Tierra, saltándose la la línea defensiva de la Confederación. Mientras el capitán del grupo de combate Concordia convoca al teniente Blair y a su compañero Todd Maniac Marshall para que se incorporen al carguero Tiger Claw, y allí puedan frenar la inminente invasión.'),(170,'Hace tiempo, cuando Dios creó los cielos y la Tierra, también creó un lugar lleno de criaturas demoníacas a las que llamó Djinn. Ahora, los Djinn han logrado escapar de sus confines en respuesta a los deseos de un humano. Torciendo sus sueños horrorosamente, el líder de los Djinn deja un sendero de sangre y asesinato mientras espera su oportunidad de entrar en nuestro mundo... una oportunidad que sólo llegará si quien los ha liberado utiliza sus tres deseos.'),(171,'Antonio Castro, Sinatra, es un luchador de esta vida que trabaja en un viejo cabaret de Barcelona imitando a Frank Sinatra, acompañado en su show por Groucho Marx, Marlene Dietrich y Lola Flores. Pero un día, el cielo se viste de gris para Sinatra. Su mujer, que trabaja de camarera en el mismo local, decide abandonarle por un hombre de color.'),(172,'Se cuenta la historia de una familia, los Vanderhof, que habitan en una amplia mansión, en la que acogen a todo el que quiere vivir como ellos, haciendo lo que quiere, sin preocuparse del dinero que ganará ni del futuro que tendrá. Un poderoso hombre de negocios quiere demoler la casa de los Vanderhof.'),(173,'Reconstrucción del famoso accidente aéreo de Los Andes del 13 de octubre de 1972 y de la odisea de sus supervivientes, un equipo de rugby que viajaba de Montevideo a Chile.'),(174,'Ronna y su compañera de caja de un supermercado buscan dinero desesperadamente antes de ser desahuciadas. Simon conduce un coche robado con su colega Marcus en una noche de fiesta sin límites. Adam y Zack, una pareja de estrellas de la televisión, se encuentran en medio de una escalofriante cena de Navidad azotada por las drogas. Tres historias enlazadas por un chapucero negocio de drogas, y en las que se puede aprender desde hacer el amor con técnicas tántricas, hasta ganar dinero en una fiesta salvaje.'),(175,'Johnny Case es un hombre algo excéntrico que está a punto de casarse con la hija de un millonario. Tanto la novia como su familia pretenden convencer a Johnny para que siente la cabeza y se dedique a los negocios, ante lo cual él se rebela, sobre todo al descubrir que de quien en realidad está enamorado es de la hermana de su prometida, Linda, la oveja negra de la familia.'),(176,'Amy ha recibido un duro golpe: su madre acaba de morir y debe trasladarse a vivir con su padre, un inventor que les abandonó hace años.'),(177,'Un peligroso terrorista provoca diversas explosiones en el centro de Boston. Un policía especializado en desactivar explosivos emprende la caza del criminal por toda la ciudad. En esta lucha el policía ve cómo renacen en él sus temores de antaño, mientras que el terrorista utiliza a la familia del policía para chantajearle.'),(178,'El 24 de julio de 1802 la mujer más bella y más rica de toda España, conocida como la Duquesa de Alba aparece muerta en su habitación con apenas 40 años. La importancia de la figura de la Duquesa y su extraña conducta la noche anterior a su inesperada muerte hacen que muchos se planteen sobre las causas de su muerte. A partir de ahí se empieza a estudiar los últimos años de la vida de esta fascinante mujer y se descubre los terribles odios que había levantado entre la gente que la rodeaba.'),(179,'Un joven deportista pierde a su padre a consecuencia de una catástrofe, en un río helado, para sacar adelante al resto de la familia, el protagonista se apunta como participante en una durísima carrera de trineos de perros, de nada menos que 840 kilómetros'),(180,'Un joven ricachón no tendrá más remedio que alistarse en un cuerpo de voluntarios para la paz y marcharse a Tailandia para huir de las deudas de juego.'),(181,'A Antonio le quedan sólo unos meses de vida. Lleva muchos años fuera de España y acaba de recibir el Premio Nobel de literatura. A su regreso de Suecia, camino de San Francisco, donde reside, hace un alto su Gijón natal. Llega para despedirse de su tierra, de sus viejos amigos, de Elena, su amor de juventud...'),(182,'Hace más de seis años que Ignacio no ve a Carlos, su hermano, pero una noche se lo encuentra casualmente. Carlos tiene serios problemas, es jugador, debe mucho dinero y Marta, su novia, le ha echado de casa. Aunque parece que nada le importa, Ignacio se ofrece a ayudarle, pero sólo faltan cinco días para que se marche a Los Angeles a terminar su carrera de arquitectura. Cinco días a lo largo de los cuales Ignacio irá adentrándose en el mundo sin limites y lleno de riesgos y desafíos de Carlos. Inevitablemente, estos encuentros terminarán por alterar y poner en peligro la vida personal y familiar de Ignacio.'),(183,'La esposa de un famoso psiquiatra tiene una debilidad: robar en los centros comerciales. Cuando está a punto de ser detenida, es rescatada por un caballero que resulta ser un charlatán y adivino que pretende servirse de ella como escudo para cometer un asesinato.'),(184,'Frank y Paul han asesinado a un esquimal para robarle los planos de una mina de oro. Creen que el crimen no tuvo testigos, pero hay uno y muy peligroso: el perro de la víctima.'),(185,'Tras la boda de su hija, George siente que un período de calma y disfrute se abre ante él. Pero los recién casados le anuncian que van a tener un hijo.'),(186,'A las 10.30 de la mañana, un día hasta entonces tranquilo en un pueblo del Oeste, el ex-sheriff Will Kane, se casa con una joven cuáquera llamada Amy. Cuando se disponen a abandonar el pueblo llegan noticias de que un forajido que había sido encarcelado por él, llegará al medio día para ajustar cuentas. Will solicita la ayuda de todos los vecinos, pero uno tras otra le abandonan dejándolo solo ante el peligro.'),(187,'Una joven judía rusa (Ricci) marcha de Alemania hacia París, donde trabaja como bailarina, durante la Segunda Guerra Mundial con el propósito secreto de emigrar hacia América para conocer a su verdadero padre. En París conoce al personaje que interpreta Johnny Depp, un gitano de costumbres bohemias acompañado siempre de un caballo.'),(188,'Carmen es una mujer que después de veinte años exiliada en España vuelve a Buenos Aires para estar con su padre agonizante. La marca que dejó la dictadura en Carmen es tan profunda que sólo es capaz de obtener placer alquilando parejas para que hagan el amor y ella pueda escuchar desde la habitación de al lado. Uno de estos amantes traspasa ese muro de contención y provoca que Carmen reviva el amor pero también el horror del pasado.'),(189,'Vidocq es un ex-presidiario que, con el tiempo, ha llegado a convertirse en un admirado detective, muy querido por el pueblo. La historia parte desde la muerte del propio Vidocq y avanza por las calles de un torturado París, en el que el joven Etienne (un amigo y protegido del detective) busca y ordena las pistas que esclarezcan los sucesos de este terrible homicidio y de los otros que asolan la ciudad.'),(190,'Después de permanecer cerrado ocho años, un campamento de verano es reabierto. Poco a poco, los jóvenes que pasan allí sus vacaciones, van siendo asesinados.'),(191,'De pequeño logró hacer algo que supuso el fin de cuantos lo intentaron: mató a Jasón Vorhees, el terrible criminal que aterrorizó a los habitantes de Cristal Lake. Y, ahora, años más tarde, Tommy se siente atormentado por el miedo que Jasón no esté realmente muerto. Así que Tommy y un amigo van al cementerio y excavan en la tumba de Jasón. Desgraciadamente para Tommy (y más aún para su amigo), en lugar de encontrar un cadáver descomponiéndose, descubre que Jasón se ha conservado a la perfección.'),(192,'El último descendiente de la familia Voorhess debe detener a Jason, que tras volverse loco, ha sembrado el terror y va dejando tras de sí un restro de sangre. Si no lo consigue a tiempo, Jason podría volverse inmortal y nadie podría detenerlo.'),(193,'Esta vez parece que ha puesto sus ojos en los jóvenes residentes e una retirada mansión, a medio camino del pueblo. Y algunos de estos adolescentes va a acabar en mitades, cuartos... Jasón es capaz de convertir en realidad los peores sueños.'),(194,'El joven Jean Vigo conoce a una muchacha polaca. Lydu Lo-zinska, en el sanatorio en el que ambos están ingresados por las tuberculosis que padecen. Pero la forma que tienen de enfrentarse al trato deshumanizado que reciben es completamente distinta. Lydu lleva dos años allí, confía en sus doctores y no tiene ninguna esperanza en un futuro fuera del sanatorio. Por su parte, Jean, un espíritu rebelde, que siente una profunda pasión por el cine y que está marcado desde su infancia por la muerte en misteriosas circunstancias de su padre (un conocido anarquista y pacifista durante la Primera Guerra Mundial), se opone frontalmente al director del sanatorio, el Dr. Gerard.'),(195,'Una graciosa violetera predice a Eugenia de Montijo que será emperatriz. Y la futura emperatriz se la llevará con ella a Francia.'),(196,'Un asesino virtual compuesto de la personalidad de cientos de asesinos en serie logra salir al mundo real. Para lograr capturarle deben sacar de la cárcel a un expolicía qu tiempo atrás se enfrentó con la principal personalidad del asesino.'),(197,'El Sea Star, un barco remolcador, es víctima de un tifón en pleno Pacífico. Pierde su carga de acero y corre el peligro de irse a pique. Ya fuera de peligro, los siete tripulantes intentan reparar el buque, cuando ven un enorme barco ruso a la deriva y, aparentemente, sin nadie a bordo. Como se han quedado arruinados al perder la carga, deciden abordarlo, ya que la devolución de la nave a la deriva supone una importante recompensa. Cuando arriban, se encuentran con un paisaje desolador: todo destruido y lleno de sangre.'),(198,'Década de los 30. En el País Vasco se aparece la imagen de la Virgen a unos niños. Poco después, Usúa, una niña del pueblo, tambien se convierte en visionaria. La niña se enamora del maestro.'),(199,'Una abogado trata de convencer a su cliente para que se declare inocente del asesinato de tres personas a las que el acusado consideró culpables de la muerte de su hijo'),(200,'Vivancos es un corrupto policia que tiene que detener a una peligrosa organizacion de calvos.'),(201,'Una chica divorciada, que vive sola, es asaltada y violada una noche por un hombre que la amenaza con un navaja. Como único amigo cuenta con un policía que toma sobre sí el esclarecimiento del caso, y también cree contar con una amiga que vive al otro lado del río, frente a ella, y que, en el fondo, está enamorada de ella, ya que es lesbiana y ha sido quien ha preparado el ataque, que observa cuidadosamente con un teleobjetivo desde la ventana de su casa.'),(202,'Vénus es un salón de belleza de barrio. En él se hacen cuidados, se dan consejos, se escuchan los dolores pasajeros o profundos de las clientas, y también se acogen a algunos clientes. Se venden cremas, elixires, relajación, sol de mentira, maquillajes, y sea cual sea la razón por la que se vaya, allí se encuentra un poco de esperanza y de creencia en la belleza eterna.'),(203,'Cooper y Lancaster dan vida a Benjamín Trane y Joe Erin, dos mercenarios que realizan un viaje a México en busca de aventura y dinero rápido durante la Revolución de 1866. Pero consiguen más de lo que esperaban cuando la bella y rica condesa Duvarre (Denise Darcel) les contrata para que la escolten a ella y a una fortuna en oro, hacia las fuerzas de lucha del Emperador Maximiliano en la ciudad de Vera Cruz. El camino estará lleno de tensión, peligro, engaño y asesinatos... Todo cambiará cuando ambos descubren el fervor revolucionario del pueblo mejicano enfrentándose contra el ejército Mejicano y entre ellos mismos.'),(204,'Todd es un joven de dieciséis años que destaca en el instituto como estudiante modelo. En clase de Historia se siente particularmente interesado por el capítulo dedicado al Holocausto, por ello decide empezar a profundizar en el tema. Gracias a una vieja fotografía que encuentra durante sus investigaciones, puede identificar en el autobús local a un hombre mayor que había pertenecido a las S.S.: Kurt Dussander. El joven se enfrenta al ex-nazi y le amenaza con revelar su secreto, a cambio de mantener silencio le pide que le cuente detalladamente las atrocidades y torturas que cometió durante el Holocausto. Este macabro pacto tendrá consecuencias terroríficas'),(205,'A mediados de los años noventa, Dublín se podía comparar a una zona en guerra, con unos pocos pero poderosos capos de la droga luchando por hacerse con el control de la ciudad. Su peor rival no era la policía, sino la valiente periodista Veronica Guerin (Cate Blanchett), que desarrollaba un trabajo incansable informando sobre esta peligrosa situación. A medida que investigaba y daba a conocer los nombres de los \"camellos\", vivía una dolorosa encrucijada entre sus deberes familiares y su responsabilidad con sus lectores y su país. De esta forma, se convirtió en una heroína nacional para el pueblo irlandés. Todos los intentos de acabar con su vida aumentaban aún más la leyenda. Su brutal asesinato, acaecido en 1996, provocó una profunda revisión de la legislación irlandesa y condujo a la encarcelación de los delincuentes más peligrosos del país.'),(206,'Scottie Ferguson, inspector de policía, tras haber tenido una experiencia traumática persiguiendo a un delincuente por los tejados de San Francisco, descubre que sufre un irremediable temor a las alturas. A partir de entonces, tiene que dejar el Cuerpo de Policía. Un amigo de la infancia le encarga, ante el extraño comportamiento de su mujer, Madelaine, que la vigile.'),(207,'Presentada en el Festival de Cine de San Sebastián 1998, donde causó un revuelo considerable, Very bad things es una truculenta comedia en la que un grupo de amigos deciden organizar una despedida de soltero al joven Fisher (John Favreau), quien está a punto de casarse con Laura (Cameron Diaz). Para ello se trasladan a Las Vegas donde el desenfreno provocará la muerte de una chica de streaptease, momento a partir del cual se desencadenará una sangrienta serie de malentendidos. A pesar de ello, la novia está dispuesta a seguir adelante con la boda.'),(208,'Diversos competidores procedentes de todos los Estados Unidos se preparan para participar en el que indudablemente es uno de los mayores acontecimientos de sus vidas: la Exhibición Canina Mayflower, uno de los principales concursos de perros del país. Los canes concursantes y sus dueños son de una diversidad tan extraordinaria como el país donde se han criado.'),(209,'Una Mujer madura, sensual e insatisfecha acude solicitando ayuda a su terapeuta, sin sospechar que éste es un psicópata criminal.'),(210,'Una compañía de teatro italiana, en gira por europa, llega a París, para representar la obra \"Come tu mi voi\", de Luigi Pirandello. La primera actriz, compañera de Ugo, su director, es Camille, que es además la única persona de origen francés del grupo. Camille regresa por primera vez desde que abandonara, hace ya tres años, a Pierre, un hombre cuya pasión amenazaba con asfixiar su vocación. Le da miedo volver a encontrarse con él y no le falta razón. Ahora vive con una mujer obsesionada con el feng shui llamada Sophie. Ugo, por su parte, aprovechará su estancia en París para buscar un manuscrito de una obra inédita de Goldini. En su búsqueda se encontrará con Dominique, una chica que tiene indicios de que dicho manuscrito se encuentre en una colección privada que posee su familia. Su hermanastro, Arthur es un playboy y un jugador que sustrae libros de la colección para sacar algo de dinero. Últimamente anda intentado seducir a Sophie la novia de Pierre, ex-novio de Camille, actual compañera de Ugo.'),(211,'Afonso, actor francés de origen portugués, inicia un rodaje en el país de sus antepasados. La oportunidad le parece propicia para conocer a una tía y, como no habla portugués, le acompañan unos amigos. Para su sorpresa, al llegar encuentra a una mujer huraña que no acepta a los intérpretes y que no parece interesada en revivir el pasado con un sobrino al que ni siquiera conoce.'),(212,'El profesor Bennet, un científico que está en posesión de una fórmula para mantener reducido el cuerpo humano a tamaño microscópico por tiempo ilimitado, se dispone a hacer entrega de su fórmula al Pentágono cuando unos espías provocan un accidente de circulación. El profesor, con un hematoma en el cerebro, se encuentra incapacitado para su labor científica. Las Fuerzas Disuasivas de Miniaturas Combinadas ponen en marcha un plan para operar desde el interior'),(213,'En los años 50, una mujer divorciada y su hijo recorren los Estados Unidos. Ella busca un hombre ideal para casarse y cuando cree que ha encontrado al marido perfecto, cariñoso y atento, descubrirá que no es oro todo lo que reluce'),(214,'Ruth y Bob Patchett llevan casados quince años, y tienen dos revoltosos hijos. Ruth ha ayudado a su esposo a lograr cierto éxito como contable y se ha acomodado en su papel de madre y ama de casa. Una noche, Ruth se emociona cuando acompaña a Bob a una importante fiesta de negocios. Ruth desentona y tropieza con la llamada diosa de las novelas románticas, Mary Fisher, manchándose el vestido con una copa de vino. Aturdida por la situación, Ruth no advierte la forma seductora en que Mary mira a Bob. Bob la deja en su domicilio suburbano para acompañar a Mary (un viaje de dos horas en coche). Cuando Ruth convierte una cena con los padres de Bob en una velada desastrosa, éste le acusa de hacerle perder interés por ella y obligarle a acudir a los brazos de Mary. Para Bob, Ruth es una diablesa que intenta evitar que él disfrute de las únicas ventajas terrenales que tiene: casa, familia, carrera y libertad, por lo que acaba abandonándola.'),(215,'Paul Verlaine, poeta francés del siglo pasado, es un personaje atormentado, alcohólico e incapaz de elegir entre su mujer y el poeta Arthur Rimbaud, seductor, peligroso y genial. Un peligroso triángulo amoroso.'),(216,'Sexo, frustaciones y violencia subyacen bajo la tranquila apariencia de una pequeña ciudad de Nueva Inglaterra, cuya clase alta no está dispuesta a reconocer los fallos de conducta que se producen en su familia.'),(217,'Un hombre de mediana edad decide cambiar su vida. Los planes de un joven abogado provocan el caos a consecuencia de un solo acto. Una mujer se enfrenta a la infidelidad de su marido. Un envidioso hombre de negocios busca venganza en un alegre compañero de trabajo. Y una joven y optimista mujer de la limpieza espera un milagro. Simplemente las idas y venidas del día a día en Nueva York: caótico, aislado, difuso.'),(218,'Película coral que pretende reflejar múltiples realidades de la sociedad norteamericana coetánea, a partir de una base literaria suministrada por varios relatos de Raymond Carver.'),(219,'Una azafata, que trabaja como correo para un traficante, es detenida por la policía. Pero un suculento botín está en juego.'),(220,'Una princesa se escapa durante un viaje a Roma. Un periodista la reconoce y se hace su amigo para conseguir una exclusiva.'),(221,'Narra la historia de las conflictivas y apasionadas relaciones entre dos familias del País Vasco, Irigíbel y Mendiluze, a lo largo de tres generaciones. La acción se sitúa en un pequeño valle guipuzcoano donde se encuentran, apenas separados por una colina y un pequeño bosque, los caseríos de ambas familias. La proximidad de las casas provocará el estallido de la violencia y la locura entre ambas.'),(222,'El director de una compañía de teatro reúne a catorce actores para montar un espectáculo sobre la obra de Shakespeare. A la compañía se incorpora Valentín, un joven proveniente del teatro amateur, cuya presencia desencadenará en el grupo celos, envidias y pasiones. De esta forma la vida y las relaciones entre los actores de la compañía, formado sólo por hombres que también interpretan los papeles femeninos, transcurrirán en paralelo con el trabajo que están interpretando.'),(223,'Basada en la novela de Choderlos de Laclos Las amistades peligrosas. El director Milos Forman recupera el texto original para su película Valmont, tomando como protagonista al libertino conde. La película adopta un tono más lúdico en cuanto a los dos personajes principales y sus maquiavélicos juegos sexuales.'),(224,'Jack Crow es el jefe de una banda de mercenarios cuyo objetivo es liquidar a todos los vampiros de la Tierra, de la cual se están haciendo dueños, y en especial de Jan Valek, un vampiro que lleva más de 660 años haciendo el mal allí donde está. La película nos situa en un desierto de Nuevo México, donde Crow y los suyos se disponen a acabar con un nido de vampiros donde se sospecha que se puede encontrar Valek. Acaban con todos ellos, pero Valek no está allí'),(225,'El grupo de Van Helsing es una organización que administra el dinero concedido a los exterminadores de vampiros que contrata a Derek Bliss (Jon Bon Jovi) para aniquilar un nido entero de chupa sangres en México liderado por la diablesa Una (Arly Jover), que trata de infiltrarse en los Estados Unidos.'),(226,'Eddie Lomas es un soldado veterano que, tras un incidente con un grupo de maleantes, le roban la moto y le dan una gran paliza. Esto despierta en él un gran deseo de venganza en el que lo ayudarán los habitantes del semiabandonado pueblo de Inferno.'),(227,'Van Wilder (Ryan Reynolds) es todo un mito en la Universidad. Lleva siete años matriculado y no tiene intención de irse nunca. Es feliz en el campus, donde todo el mundo le adora (sobre todo las chicas), los candidatos a convertirse en su ayudante forman largas colas y la mayoría de los estudiantes se divierten en las fiestas organizadas por él. Pero todo tiene un final, siempre hay un punto de inflexión en la vida de uno y en este caso tiene nombre de mujer: Gwen (Tara Reid). Gwen Pearson es una estudiante modelo que hace prácticas en el periódico de la Universidad. A la chica le encargan escribir un artículo que no le apetece nada porque tiene que investigar sobre el \"Rey de la Universidad\". ¿Adivinan quién es? Pero El \"Rey\" tiene problemas porque su padre, cansado de pagarle todos los años la matrícula, ha cortado el grifo. Van y sus dos mejores amigos, Hutch (Teck Holmes) y el ayudante Taj (Kal Penn) idean un plan para sacar dinero: montar un negocio organizando fiestas. Así es como Gwen conoce a Van, pensando siempre en divertirse, pero poco a poco descubrirá al hombre que hay detrás del mito, ella aprenderá a tomarse las cosas menos en serio, y él se pensará la posibilidad de matricularse por fin y conseguir una titulación.'),(228,'Vania es la historia de un hombre útil y activo, sensible a los problemas de la humanidad. Su vida es un contraste entre la zona donde vive, la populosa Calle 42 neoyorquina y su vida rutinaria y soñolienta del hacendado de la época. La degradación ambiental, el reproche a una vida de sometimiento traban este drama basado en la obra de Anton Chejov'),(229,'David ha heredado de su padre una importante industria editorial de la que posee el 51% de las acciones. El resto de sus socios se desesperan con su pasotismo y sueñan con hacerse con el poder de la empresa. Mientras tanto David disfruta de su dinero y su vida en Nueva York, sus prioridades son mantenerse joven, divertirse con su amigo Brian y estar con mujeres bonitas, como su \"amiga eventual\" Julie Gianni. Pero aunque este joven está rodeado de amigos y aparentemente no le falta de nada, su vida está incompleta. De ello se da cuenta cuando en su fiesta de cumpleaños aparece en escena Sofía, una bailarina española de la que se siente increíblemente atraído.'),(230,'La compañía \"Varietés 30\" recorre España con éxtio. Ana, la segunda vedette, espera una oportunidad para demostrar su talento. Ana conoce a Arturo, un empresario teatral, que le ofrece su debut como primera vedette a cambio de sus favores sentimentales.'),(231,'En el año 1671, Francia se encontraba bajo el mando del Rey Sol, el egocéntrico Luis XIV. Su corte de Versalles estaba llena de complacientes servidores, todos dispuestos a satisfacer los más mínimos caprichos reales. Un día el rey anuncia su intención de pasar unos días en la mansión del Príncipe de Conde, un decadente miembro de la nobleza quien desesperadamente necesita impresionar al rey para que le permita dirigir a las tropas en un inminente enfrentamiento contra Holanda. Así que el Príncipe de Conde le encomienda a Francois Vatel, su fiel y carismático sirviente, para que se encargue de organizar con los modestos recursos que le quedan al príncipe una impresionante recepción para el rey.'),(232,'Un joven fue educado desde pequeño para ser un astro de los bolos. Consigue su propósito, el campeonato estatal, pero un mafioso ordena que le destrocen una mano. Años después, completamente arruinado, conoce a un muchacho Amish que promete mucho como jugador de la especialidad.'),(233,'Ryan Harrison, una superestrella del violín en el mejor momento de su carrera es seducido y tiene una breve aventura con una rica dama de sociedad, que le utiliza como conejillo de indias en el complot que trama para matar a su marido, un magnate de orinales portátiles.'),(234,'Madame Bertholt es una viuda alemana que testitfica en los famosos juicios celebrados en la ciudad de Nuremberg contra criminales de guerra alemanes, que preside un juez americano. A lo largo del juicio diversos personajes van aportando sus personales testimonios de los episodios desencadenados por los nazis durante la Segunda Guerra Mundial, con su particular visión de vencedores o vencidos.'),(235,'Bepi es un joven gondolero que siente especial debilidad por las mujeres. Le gustan todas: las jóvenes, las maduras y las entradas en años. Su profesión, añadida a una larga tradición familiar de conquistadores y el influjo de la luna veneciana, hacen de Bepi un permanente enamorado de todas las féminas que conoce. Su novia, Nina, no está dispuesta a tolerar por más tiempo la situación y amenaza con romper sus relaciones para casarse con Toni, un muchacho formal que trabaja en un vaporetto.'),(236,'\"Vengo\" es la historia de Caco (Antonio Canales), un gitano andaluz dueño de un club de carretera, que no ha podido superar la muerte de su hija y ahoga su pena en juergas musicales en compañía de su sobrino, Diego (Orestes Villasan Rodríguez), cuya minusvalía física no le impide disfrutar de su pasión por las fiestas, las mujeres y el flamenco.'),(237,'En los últimos días de la Guerra Civil, cuando los nacionales están a un paso de entrar en Barcelona y caer rendida Cataluña, el protagonista prisionero a manos de los republicanos en el Santuario de Nuestra Señora de El Colell (Girona) está a punto de ser fusilado. Pero se salva de una muerte segura gracias a un soldado republicano anónimo que le deja escapar.'),(238,'En el mundo subterráneo de la sede de BabyCo, líder mundial de productos infantiles, la famosa psiquiatra infantil Dra. Elena Kinder, está a punto de culminar sus brillantes años de investigación, basada en el hecho de que ciertos niños nacen genios, sabiduría que se transmite de generación en generación impresa genéticamente en el ADN. La pega de este descubrimiento es que a la edad de dos años, al comenzar a hablar, estos niños pierden su extraordinaria inteligencia al establecer comunicación con los adultos.'),(239,'Gombo es un joven pastor que vive en las estepas de Mongolia. A su choza llega un día un obrero al que se le ha estropeado el camión. Gombo le ofrece refugio y entre los dos surgirá una peculiar amistad'),(240,'Adrián (Leonardo Sbaraglia) tiene el don de ver las cosas antes de que sucedan. Su mentor, Samuel, le ha entrenado para que saque provecho de sus poderes, pero un hecho traumático ocurrido hace seis años le hizo renunciar a su don. Desde entonces evita relacionarse con las personas para no \"ver\" nada de su futuro. Sin embargo empieza a tener visiones muy fuertes de una mujer, Ángela, una joven que trabaja como cooperante con los indígenas en América del sur.'),(241,'El satélite ruso Ikon ha sufrido una avería y las autoridades rusas insiten en que causará un bloqueo total de las comunicaciones del país. Un burócrata de la NASA propone como solución enviar al espacio a repararlo a Fran Corvin, astronauta retirado. Este pone como condición utilizar a su equipo, un grupo de veteranos astronautas, que como él, llevan años retirados.'),(242,'Joe y Mary son una pareja que lleva mucho tiempo junta y ve cómo su relación se ha estancado. Joe es un aspirante a actor que se niega a hacer papeles en telecomedias y sobrevive esperando su gran oportunidad trabajando como camarero. Mary, por su parte, tiene bastante éxito como maquilladora de publicidad. La falta de éxito de Joe se vuelve más palpable cuando su compañero actor/camarero Bob consigue el papel protagonista en un culebrón.'),(243,'Un mujeriego incorregible es asesinado por tres de sus amantes, y para su desgracia se reencarna en una atractiva rubia que sufre en sus carnes las mismas humillaciones que él había infligido a todas las mujeres que habían pasado por su vida anterior.'),(244,'Elle Woods es una rubia auténtica, además de muy popular, buena estudiante, presidenta de su hermandad y Miss Junio en el calendario de la Universidad. Ha disfrutado de una vida maravillosa y está enamorada de Warner. Pero todo se derrumba cuando su novio decide romper con ella debido a que es demasiado rubia y no lo suficientemente formal para su futura carrera en el mundo de la política. Decidida a salir adelante, Elle se matricula en la Facultad de Derecho de la Universidad de Harvard, asumiendo un reto aún mayor de lo que esperaba.'),(245,'Elle Woods ha terminado ya la carrera de Derecho, y para celebrarlo decide traer a la progenitora de su perrito. Es entonces cuando descubre que la madre está recluida en un centro donde los animales son utilizados como cobayas en experimentos científicos. Escandalizada por la noticia, Elle decide ir a Washington para intentar conseguir que el Senado apruebe una ley para prohibir estos crueles experimentos.'),(246,'Un biólogo se ve envuelto en un turbio caso policiaco a partir de que su dominante esposa es asesinada.'),(247,'Danny y Jennifer son una pareja perfecta a la que le falta algo en su vida: un bebé. Danny no está muy convencido pero finalmente la adoración que siente por su mujer le anima a desear un niño con una sonrisa como la suya. Con mucha pasión deciden traer al mundo un retoño, pero la fertilidad no está a su favor, lo que provoca una situación de inestabilidad sentimental permanente, debido a las tensiones que les provoca la clínica de fertilidad y la tentación de nuevos romances que surgen en la vida de ambos.'),(248,'J. Cheever Loophole es un abogado trapisondista profesional que con la ayuda de Antonio Pirelli y Punchy tratan de salvar un circo de su crisis financiera.'),(249,'Paul Vitti está preparado. Todo está a punto para que coja las riendas de los negocios de la mafia neoyorquina. Pero, de repente, le entra el pánico: no puede dormir y anda preocupado. Necesita ayuda urgente. Y entonces aparece Ben Sobol (Billy Crystal), un psiquiatra corriente, que quiere vivir en paz, pero a quien le tienta el reto de aconsejar a un capo de la Mafia.'),(250,'Un joven recien salido de la Academia , llega a su primer destino: un fuerte en Arizona con una pequeña guarnición, constantemente amenazada por el jefe indio Aguila de Guerra. Al problema de instruir a los hombres, se une que se ha enamorado de la esposa del oficial al mando del fuerte.'),(251,'Ben Jeffries, un policía, investiga el caso de un terrorista conocido como \"Unabomba\" que lleva 18 años enviando bombas a distintas personas, siempre relacionadas con instituciones o empresas que potencian el desarrollo de los últimos avances tecnológicos. Muchas son las víctimas del terrorista, dos de ellas pierden la vida, David, hermano del terrorista es quién le desenmascarará.'),(252,'Durante siglos, dos razas han ido evolucionando en lo más profundo del mundo de los humanos: los aristocráticos y sofisticados vampiros, y los brutales Lycans (los Hombres-Lobo). Para la humanidad, su existencia ha estado siempre dentro del universo mitológico. Sin embargo, estas razas de noche son enemigos mortales la una de la otra, condenados a librar una guerra secreta hasta que sólo una de las dos quede en pie.\r\nEn medio de este conflicto ancestral, una Guerrera Vampiro, Selene, descubre una conspiración de los Lycan para secuestrar a un joven doctor humano. Tras seguir a éste, de nombre Michael por toda la ciudad, ella entabla una insólita relación con él, y cuando los Lycans se deciden a atacar, Selene se interpone entre las bestiales criaturas y el doctor.'),(253,'Samuel Lap es un niño de la comunidad Amish que presencia por casualidad el brutal asesinato de un hombre en su primer viaje a Philadelphia. John Book será el agente encargado de protegerles, a él y a su madre, de los asesinos que pretenden matarle. Al enterarse de una trama de corrupción en el cuerpo de policía, se ven obligados a esconderse dentro del poblado Amish.'),(254,'Alice descubre al morir su madre que ésta mantuvo relaciones con dos hombres a la vez y ella es hija de uno de los dos. Alice irrumpirá en la vida de estos dos hombres para averiguar quién es su progenitor y, de paso, complicarles la vida.'),(255,'Henry es un gánster que decide colaborar con el Gobierno a cambio de algunos privilegios. A raíz de este hecho nos narra su infancia en Brooklyn y como los gánsters le adoptaron desde muy joven para convertirlo en miembro de la Mafia'),(256,'Un alto ejecutivo de Coca-Cola en Berlín Occidental entra en tratos con los rusos para introducir la bebida en la URSS tras el fracaso del Kremlin-Cola. La hija de su jefe llega de EE.UU. y termina casándose con un activista de Alemania Oriental.'),(257,'Las aventuras de un grupo de monjas para evitar que el dueño de los terrenos donde se halla enclavado su convento las eche.'),(258,'Jerry Trayers, una estrella estadounidense dela revista, llega a Londres y se aloja en el apartamento del empresario de revistas Horace Hardwick. Dale Tremont, procedente también de los Estados Unidos, ocupa el apartamento inferior.'),(259,'La historia comienza en 1932, en la polvorienta ciudad tejana de Paradise. Wilma, una atractiva y alegre viuda en plena discusión por la boda de su hija menor, Polly quien cree estarenamorada de un labrador del pueblo...Wilma insiste en que ese matrimonio es un camino hacia una vida de pobreza.'),(260,'cuenta la vida novelada de John Forbes Nash Jr., matemático esquizofrénico premiado con el Nobel en 1994. John Nash es una leyenda viviente que ha conseguido paliar en cierta manera su enfermedad, y hoy en día vive todavía volcado en su trabajo. La película se centra sobre todo en su figura y en la de su mujer Alicia, interpretada por Jennifer Connelly, sin cuyo apoyo y amor, y éste es el principal fuerte de la película, Nash no hubiera \"superado\" su enfermedad. La historia de amor entre este matrimonio y la historia de superación personal, son los dos puntos sobre los que se mantiene la película, que recorre la vida del matemático desde sus tiempos universitarios en Princeton, hasta el momento en que recibe el premio Nobel, cumplidos los setenta años.'),(261,'Erica es una mujer feliz tras sus dieciocho años de matrimonio. La vida para esta mujer resulta perfecta. Pero todo cambia cuando un día su marido le confiesa que se ha enamorado de otra y que quiere irse a vivir con ella. A partir de este momento, Erica tendrá que tratar de sobreponerse completamente sola a su nueva situación.'),(262,'Liza Elliot es la editora de una popular revista de modas femenina. Pero pese a su belleza, su inteligencia, su éxito en los negocios y los tres hombres que la pretenden, no es feliz. Consciente de su incapacidad para resolver sus crisis emocionales, Liza se pondrá en manos de un psicoanalista.'),(263,'Un escritor de teatro y un pintor, enamorados de una misma mujer que no es capaz de decidirse por ninguno de ellos, aceptan su idea de vivir amistosamente los tres juntos.'),(264,'Es la historia de amor emocional que se centra sobre una mujer que no puede mentir, y sobre las personas que la rodean y no pueden hacer frente a la verdad. Martha es una ingenua pero peligrosa mujer que recurre al asesinato en una expresión desesperada de sus emociones reprimidas.'),(265,'Daniel Montero tiene 17 años y un rito nocturno: mirar el programa de la porno star del momento. Por eso, cuando gana el sorteo para pasar una noche con Sabrina Love, siente que ha tocado el cielo con las manos. Para ello debe trasladarse a Buenos Aires desde su pueblo.'),(266,'Tres estrafalarios personajes ayudarán al cantante de ópera Rodolfo Lasparry a conseguir a una chica de la compañía de la que se ha enamorado.'),(267,'Stanley (Luke Wilson) lleva tres años sin tener una cita con una chica, pero conoce a Diana (Denise Richards), la mujer que todo el mundo desearía: guapa, inteligente, con éxito en su trabajo y soltera. Durante meses planea el modo de pedirle una cita y de preparar una noche que sea inolvidable. Su amigo Michael (Ben Affleck) le ayuda para tomar la determinación. Para su sorpresa, cuando reúne la valentía para proponérselo, ella acepta. Al llegar la gran noche, el encuentro se desarrolla de manera convencional, como cualquier otra cita; toman una copa, charlan, ríen de esto y de aquello, y empiezan a conocerse mejor. Stanley está en el séptimo cielo. Sin embargo, y para horror de Stanley, eso no durará mucho. La cosa empieza a torcerse gracias a las constantes interrupciones de un personaje entrometido que les amarga la velada, convirtiéndose en una especie de carabina. Pero lo que empieza como un desastre puede convertirse en algo que nunca olvidarán.'),(268,'Calvin (Lil´Bow Wow) vive en un orfanato con otros amigos. Juntos descubren unas zapatillas abandonadas para jugar a baloncesto con las letras MJ escritas entre la ropa usada donada por la caridad de la gente. Curioso por el origen del calzado, Calvin decide recogerlas. La mala (o buena como se verá) fortuna hace que un rayo caiga sobre una línea de alta tensión sobre la cual están las zapatillas, dando un calambrazo al pobre Calvin. Para su sorpresa, cuando se recupera del susto descubre que tiene el poder para jugar al baloncesto como sólo el mismísimo Michael Jordan podría hacer, el cual le conduce por la puerta grande a un equipo de la NBA.'),(269,'Un fotógrafo en paro acepta como trabajo acompañar en sus paseos a un viejo poeta homosexual'),(270,'Julia, hija de padres separados, intenta que éstos vuelvan a vivir juntos. Así, trata de romper las sucesivas parejas tanto de su padre como de su madre'),(271,'Tres generaciones de mujeres de una misma familia huyen de la ciudad para ir a pasar un fin de semana a un hotel de la montaña. Quieren reunirse para hablar, pensar y recordar. Rosario, la abuela, esconde un doloroso secreto. Su hija, Elena está casada pero colecciona amantes. La más joven, Elena, quiere escapar de su novio. Durante estos dos días aprenderán una lección que las marcará para siempre.'),(272,'Una pareja feliz ve como sus relaciones peligran por culpa de un millonario hombre de negocios. Atraído poderosamente por la mujer, el magnate le ofrecerá un millón de dólares a cambio de pasar una noche con ella. El dilema se presenta cuando la chica decide aceptar porque para ella este trato no incluye a los sentimientos.'),(273,'Anna es una mujer atractiva que posee gran entusiasmo por la vida. Está un poco harta de Thorsten, su egoísta novio, siempre tan obsesionado por su carrera. En una de sus múltiples peleas, Anna conoce al marcar un número erróneo a Michael, un tímido actor.\r\nDespués de estar hablando por teléfono toda la noche acabarán enamorándose. Desgraciadamente, antes de haber podido citarse, pierden la comunicación. Una búsqueda sin esperanza en la jungla de la gran ciudad es lo que parece esperarles.'),(274,'En un mundo futurista, donde el agua es el bien más preciado, Tank Girl es la perfecta heroína pos-apocalíptica: vulgar, insolente, lista, renegada, adicta al tabaco y la cerveza: También es la peor enemiga de la compañía hidroeléctrica, la única que se atreve a plantarle cara. Sus armas son sus encantos, su ingenio y su impudor sexual.'),(275,'Comedia negra en la que dos amigos se ven envueltos en un crimen. Sus planes acabarán fallando cuando descubren que el muerto era el padre de un poderoso camello que les jura venganza. Una stripper descubre en qué lío se han metido y les amanaza con contarlo todo a menos que maten a su madrastra. Por otro lado, Burt Reynolds está buscando a su hija desaparecida hace mucho tiempo.'),(276,'Ali (Saïd Taghmaoui) es un joven guionista egipcio decidido a triunfar en Londres. Sin embargo, entre sus sueños y lo cotidiano parece abrirse una sima infranqueable: No tiene dinero; le han echado de su alojamiento, y su visa está a punto de caducar. De realquilado en apartamento compartido, Ali se cruzará con algunos compañeros de piso verdaderamente excéntricos, y con algunas personalidades subidas de tono. Junto con su amigo Ahmed, quien le aconseja organizar cuanto antes un matrimonio con una blanca; Vivienne, la casera; Mark, fotógrafo de estilo inimitable; y Linda (Juliette Lewis), la pequeña modelo que imita a Marilyn Monroe, Ali descubrirá el auténtico rostro de la vida londinense. ¿Va a ser perdiendo algunos de sus prejuicios que logrará hallar lo que en verdad busca: el gran amor... y una visa?'),(277,'La empleada de una librería se convierte en una modelo de éxito cuando es descubierta casualmente por un fotógrafo.'),(278,'Xavier (Romain Duris), por mediación de su padre, tiene la oportunidad de acceder a un puesto en el Ministerio de Economía francés, pero para ello debe profundizar en el conocimiento del español. Por ello decide pasar su último año de estudios de económicas en Barcelona por mediación del programa de intercambio ERASMUS. Así deja a tras a su novia, Martine (Audrey Tautou), y a su madre para aterrizar en Barcelona. Al principio se queda en casa de unos conocidos de su madre. Pero a la media hora de entrar, toma la resolución de buscar otro alojamiento por lo deprimente del panorama. Durante unos días se aprovecha de la hospitalidad de unos compatriotas a los que conoció en el aeropuerto, Anne-Sophie y su marido. Con la primera empezará a dar largos paseos por la ciudad hasta que encuentra su alojamiento final, un piso donde residen siete estudiantes: Wendy, inglesa, Lars, sueco, Alessandro, italiano, y Tobías, de Alemania, entre otros. Xavier traerá consigo a Isabelle, una compañera de clase belga. Tanta gente viviendo junta no puede traer nada más que mucha diversión y pocas ganas de estudiar.'),(279,'Lili es la secretaria del director de una importante fabrica de Dusseldorf, con el que debe hacer un viaje de negocios a Madrid. Lili viene a España con varias ideas-tópico acerca de las actividades que debe desarrollar un buen turista. Pero por casualidad conoce a Carlos, madrileño, soltero, de buena posición y gran conocedor de la \"buena vida\" de Madrid, del que se enamora. También conoce a varios personajes típicos: el camarero del bar donde desayuna, el limpiabotas, un taxista y un fotógrafo callejero, con los que empieza a conocer de verdad a Madrid y sus habitantes.'),(280,'Bobby Keler es un chico inquieto que vive la vida a fondo. Se siente feliz hasta que la chca de sus sueños le dice por primera vez no. Todo arece perdido pero los espíritus de una noche mágica de verano desiertan de su letargo y todo cambia.'),(281,'La vida de una joven y atractiva cantante en busca de éxito cambia cuando conoce a un consagrado abogado, mayor que ella. Su romance dará lugar a una historia de amor, en la que la diferencia de edad supone un problema añadido a la relación de la pareja.'),(282,'Louise, de quince años, sueña con convertirse en la chica más popular del curso y conquistar el corazón de Brad, el guapísimo capitán del equipo de fútbol. Parece imposible que sus deseos se hagan realidad, pero Madame Serena, adivinadora del futuro, descubre que Louise fue una de las brujas de Salem en otra vida, y que el día que cumpla dieciséis años, obtendrá el poder de conseguir todo aquello que anhele.'),(283,'Calogero Anello es un niño callejero de nueve años, cuyo padre Lorenzo lucha para mantenerle lejos de la corrupción. Un día Calogero presencia un crimen cometido por Sony, el tío listo del barrio, y al negarse a identificarle éste asume el papel de segundo padre y comienza a fondo la nueva educación del pequeño'),(284,'La extravagante historia de amor entre una chica rica y su torpe secuestrador: Una pareja destinada a no entenderse que tiene que compartir las más absurdas situaciones. Dos ángeles les persiguen con una misión muy especial: conseguir que se enamoren para demostrar que existe el amor verdadero.'),(285,'La apacible vida de Albert y Armand, que también comparte Val, hijo de este último, se ve totalmente alterada con la inminente boda de Val con la hija de un senador. El político, comprometido con la presa, decide viajar y visitar a la familia de Val, sin sospechar nada.'),(286,'El agente Tom Hardy (John Travolta) es un antiguo Ranger del Ejército convertido ahora en un agente de la DEA. Es un tipo muy inteligente, sagaz, capaz de manipular a la gente con el fin de conseguir lo que pretende de ellos. Tal vez por eso es contratado por su viejo amigo el coronel Bill Styles (Tim Daly) para esclarecer las extrañas circunstancias en las que un grupo de marines, capitaneados por el temible sargento Nathan West (Samuel L. Jackson), desaparece en la jungla de Panamá.'),(287,'Un cuarteto de ladrones planea robar en una importante joyería londinense. El atraco resulta un éxito, pero la traición de unos y otros acaba con el jefe de la banda en la cárcel, lugar donde se encuentra el botín.'),(288,'Esta es la historia de dos íntimos amigos, Nick y Bryce. Nick le tiende una trampa a su colega gracias a los oficios de su novia Lissa, que Bryce desconoce. Lissa intenta seducir a Bryce y acaban juntos. Poco podrá sospechar Bryce que bajo esa suculenta conquista se esconde un estudiado plan para que su propio amigo y su novia puedan obtener dinero para pagar una deuda muy grande a un matón y, de paso, poder huir del pequeño pueblo y encontrar algo parecido a la felicidad.'),(289,'Un hombre encuentra por casualidad cuatro millones y medio de dólares. Es un hombre normal: jamás ha cometido un delito y se considera una persona honesta. Pero ante semejante hallazgo decide quedarse con el dinero y esperar un tiempo prudencial por si alguien lo reclama.'),(290,'Bill Rago acaba de perder su empleo de ejecutivo de publicidad. No sólo ha perdido sus considerables ingresos y envidiable posición, sino que se da cuenta de que no sabe hacer otra cosa. En la oficina de empleo se ve obligado a aceptar un trabajo poco deseable: profesor de un grupo de inadaptados del ejército.'),(291,'La población de Dantes Peak, una idílica comunidad de 8.000 habitantes situada al pie de una gran montaña en las Cascadas del Norte, nunca pensaron que tuvieran que enfrentarse a los devastadores efectos de un volcán en erupción. Pero el gigante dormido está despertando: se avecina la mayor pesadilla de la naturaleza.'),(292,'A finales de 1944, los Aliados tienen un plan para acabar con las tropas alemanas. El plan, conocido como Operación del Jardín, no resulta como se esperaba.'),(293,'Los hermanos Lars y Ernie Smuntz no están muy contentos con el viejo caserón que acaban de hereder, hasta que descubren que la ruinosa propiedad vale realmente millones, por lo que deciden subastarla para que la adquiera algún rico coleccionista. El único problema que se les plantea a Lars y a Ernie pra poder venderla es que antes han de echar a un testaturo inquilino: Un diminuto ratoncito que ha convertido las paredes de la mansión en su verdadero hogar.'),(294,'Jack Foley es un atacador de bancos al que siempre detienen y tras el último golpe se enfrenta a una condena de 30 años, que no tiene intención de cumplir. Pero en la huida que emprende de la cárcel, no tiene más remedio que llevarse un rehén: Karen Sisco.'),(295,'El grupo formado por Kate y sus amigas se preparan para celebrar el día de San Valentín; el amor está en el aire y no quieren desaprovechar la oportunidad de disfrutar. Se conocen desde el instituto, y ahora que han pasado muchos años, recuerdan vagamente sus años de colegio... pero unos capítulos nada agradables van a hacer que los rememoren de golpe. Un asesino anda suelto y responde al perfil de un chico tímido del instituto que se quiere vengar de ellas por haberle humillado sistemáticamente en aquellos años.'),(296,'Henderson Dores, educado, culto y ambicioso joven británico, trabaja para una importante galería de arte de Nueva York. Un buen día, su jefe le ofrece su gran oportunidad y le pide que viaje a un pequeño pueblo de Georgia, donde una excéntrica familia posee un cuadro de Renoir. Henderson se las tendrá que ingeniar para adquirir el cuadro, enfrentándose a toda clase de dificultades.'),(297,'Una adaptacion de la novela de terror , unos compañeros de una actriz se van a pasar unas vacaciones a una isla en la que poco a poco van desapareciendo uno a uno.El Detective Juan Ribas se encarga de esclarecer el caso.'),(298,'Daphne Reynolds (Amanda Bynes) es una adolescente que vive en Nueva York con su madre Libby (Kelly Preston), una bella cantante bohemia. A pesar de estar llena de vida, Daphne sólo echa de menos una cosa para ser realmente feliz: conocer a su padre. Tal y como le ha explicado Libby, su padre es Lord Henry Dashwood (Colin Firth), un importante político miembro de la aristocracia británica. Así es que, un buen día, Daphne decide ir a Londres a conocerle y ver cumplido el sueño de su vida.'),(299,'Pestario Vargas, alias Peste, es un estafador de poca monta cargado de deudas, entre cuyos acreedores se incluye la mafia, que acepta una sorprendente oferta de un tipo enigmático llamado Gustav: podrá cobrar un millón de dólares si consigue sobrevivir 24 horas a una cacería en la que él será la presa. Peste acepta y desde ese momento se convertirá en el blanco de toda clase de persecuciones, trampas y emboscadas de las que deberá salir sin perder el pellejo para poder cobrar el dinero.'),(300,'Tras la suntuosa boda en Viena, Sissi se da cuenta de que debe afrontar todos los problemas e inconvenientes del protocolo. Ella y Sophia, su suegra no se llevan bien, y su odio sale a la luz en el cumpleaños de la hija de Sissi, ya que Sophia, con la excusa de una tradición ancestral de la Corte, se opone a que la niña sea criada por la emperatriz.'),(301,'La vida de Gregorie Moulin no ha sido precisamente un camino de rosas. Nació un frío viernes trece, en pleno invierno, en la sombría clínica Kafka. Huérfano a las pocas horas de nacer, 35 años después, su vida no ha mejorado demasiado. Sigue viviendo con su abuela gruñona y con un tío alcohólico. Gregorie sabe que la vida está llena de sorpresas, a cual peor, pero la muerte de su abuela supone para él un hecho decisivo en su vida. Decide mudarse a París y comenzar de nuevo. Allí consigue trabajo como administrativo y queda prendado de una profesora de ballet a la que no conoce. Después de un mes y de una manera poco ortodoxa consigue una cita. Pero llegar hasta ella será mucho más difícil de lo que esperaba. El destino y unas cuantas peripecias macabras harán de su día una pesadilla marcada por el fútbol y la agresividad ciudadana.'),(302,'Una mujer es asesinada. Al iniciar las investigaciones, el comisario encargado del caso descubre una serie de irregualaridades en la vida de los que rodeaban a la víctima. En primer lugar, su marido no se llevaba bien con ella y se ausentó sospechosamente el día del crimen. Por otro lado, el médico que la atendía de una extraña dolencia resulta ser un vividor, cuyos ingresos los obtiene de mujeres de escasa moralidad.'),(303,'Arthur Goring es un mujeriego empedernido e infatigable asiduo a las fiestas, cuya elegancia, rapidez de réplica y rechazo a tomarse nada en serio le han hecho célebre. Sin embargo, cuando su amigo de toda la vida, Sir Robert Chiltern, acude a él paea solucionar un asunto delicado, demuestra estar a la altura de las circunstancias.'),(304,'La rebelión de un chico de once años ante la incomprensión de sus padres.'),(305,'La película narra la amistad que surge entre dos adolescentes, uno de los cuales es obeso y el otro padece el síndrome de Morquio, una enfermedad degenerativa que causa enanismo y muerte prematura. Ambos harán frente a sus traumas personales enfrentándose a la realidad y creando un mundo a su medida.'),(306,'Butch Haynes es un peligroso e inteligente asesino que se ha escapado de la cárcel en compañía de otro preso. Durante la huida toman como rehén a Philip, un niño de seis años miembro de una estricta familia numerosa.'),(307,'A modo de fábula nos llega la historia de Oso, un hombre temible por necesidad que sale de la cárcel en libertad condicional después de haber pasado siete años encarcelado por homicidio y robo a mano armada. Su hija cumplía un año el día del asalto, quizás no sepa nada de su padre, no lo recuerde, y su esposa Natalia, comparte su vida con otro hombre y puede que no le haya perdonado. Oso es un hombre parco, violento, impredecible, de mirada triste.'),(308,'Hay que ver la de cosas que hay que hacer para tomarte la revancha con tu odiado compañero de trabajo, sí, aquel indeseable que te ha \"robado\" tu plaza de parking, el que está haciendo que tu ascenso nunca llegue. Esta es la guerra declarada entre Joe Scheffer (Tim Allen) y el tirano de la oficina Mark McKinney (Patrick Warburton). Ante el complejo de Joe de ser un don nadie, ser ridiculizado delante de su hija y ver cómo el tiempo pasa y él sigue enamorado de su ex mujer, llega la gota que ha colmado el vaso: A Joe nadie le quita la plaza de aparcamiento. Entonces es cuando comienza toda una campaña de cambio de imagen que empieza con unas clases de karate (y consejos vitales) impartidas por Chuck Scarett (Jim Belushi) y pasa por cambio de peinado y vestuario.'),(309,'Cuenta como un joven abogado treintañero hace maravillas para no cruzar la difícil frontera de la madurez. Así, acepta un trabajo de media jornada en un restaurante de comida rápida. Todo cambiará cuando adopte a un niño de cinco años, para impresionar a su novia, argumentando que es su padre biológico.'),(310,'María y Daniel acaban de separarse de sus respectivas parejas. Ambos se encuentran por azar comprando una cama. Este será el primero de un serie de encuentros casuales, todos en situaciones extravagantes'),(311,'Historia de amor entre la hija de un terrateniente y un soldado que la acompaña como supuesto padre y esposo, ya que ella está embarazada y necesita llevar un marido a su padre, Alberto Aragón.'),(312,'Daniel, de trece años, es hijo de un taxista parisino; Lauren, de la misma edad, es hija de una millonaria, bastante promiscua. Los dos adolescentes se conocen por casualidad, y se enamoran. Julius St. Toran, un enigmático personaje, cautiva a la joven pareja con sus historias, en especial cuando les cuenta que el amor eterno sólo se certifica si bajo el veneciano Puente de los Suspiros hay un beso. Lauren y Daniel deciden escapar juntos a la ciudad italiana...'),(313,'Se trata de una ficción basada en hechos reales que se presentan divididas en siete episodios y los protagonistas de la película son Lorca, Buñuel, Picasso, Gala y todos aquellos artistas que más han influido a Luis Eduardo Aute, cerebro del proyecto.'),(314,'Mickey es una periodista que investiga el robo de una moneda antigua y contacta con un delincuente que le asegura que el jefe de la policía local está implicado en el robo.'),(315,'En 1843 un grupo de cazadores blancos es atacado en las montañas de Montana, por los indios crows. Todos ellos mueren excepto el jefe.'),(316,'La historia de un abogado barcelonés que alterna su trabajo sindicalista diurno con el travestismo nocturno, durante la dictadura de Primo de Rivera, acabará en prisión por actividades anarquistas.'),(317,'Durante una visita a París, un universitario americano se enamora de una mujer misteriosa que es licántropa'),(318,'Un hombre que ha viajado a Helsinki buscando trabajo, es asaltado, golpeado y como resultado pierde la memoria, teniendo así que continuar su vida partiendo de cero. Descubre el amor y se ve obligado a descubrir valores con los que vivirá sin avergonzarse. Una pequeña historia sobre gente que aún sabe cómo ser amable.'),(319,'Para cualquiera que no la conozca, Irene tiene una vida perfecta: un marido adorable, un chico maravilloso y un hogar de ensueño. Pero, detrás de esta fachada, residen pasiones reprimidas y recuerdos terroríficos'),(320,'Joseph y sus dos hermanos malviven del cultivo de unas tierras propiedad, como toda la comarca, del poderoso señor Christie. El padre de Joseph muere en un accidente provocado por los hombres de Christie.'),(321,'Terry Lennox aterriza en el ático de Philip Marlowe una buena noche de verano, y le pide a su amigo que le acompañe hasta la frontera con México para cambiar de aires. El lo hace sin pedir explicaciones, pero al regresar a casa se encuentra con que la policía se las pide a él de mala manera. Termina entre rejas acusado de complicidad en un asesinato (la mujer de Terry ha aparecido molida a palos), y le sueltan cuando las autoridades del pueblecito de Otatoclan informan del suicidio de Lennox.'),(322,'La antigua novia de un prestigioso abogado y de un neurótico aspirante a escritor, busca la ayuda de ambos tras la fuga de su hijo adolescente. La duda de que uno de los dos podría ser el padre del muchacho provoca divertidas situaciones cuando el chico los llama y sus caminos se cruzan.'),(323,'Steven Kovacs, un joven arquitecto, contrata a un instalador de televisión por cable para que, dándole cincuenta dólares bajo cuerda, le de acceso gratis a todos los canales. Pero este instalador no es como los demás, no quiere los cincuenta dólares, todo lo que quiere es tener un amigo y no admitirá un no como respuesta.'),(324,'Convertido en un hombre, Ernesto regresa a Valle Bermejo. Recuerda su niñez, los tiempos de lucha contra el cacique Andrada. Los padres de Mario fundaron una cooperativa que agrupaba a los pequeños ganaderos del valle, en defensa de la lana de sus ovejas. Por entonces apareció alli Hans, el geólogo español que buscaba petróleo para Andrada.'),(325,'Un joven matrimonio esconde un oscuro pasado como militantes de un grupo radical cuando eran estudiantes. Un incidente con una bomba que causó graves heridos hace que se encuentren en constante huida para evitar el arresto por parte del FBI.'),(326,'Esta secuela continua la historia de Luc Deveraux, quien ha sobrevivido a sus experiencias como un Soldado Universal. Recuperado, Deveraux ahora trabaja como experto mecánico en un proyecto gubernamental para revivir y mejorar el programa de entrenamiento de los Soldados Universales. Cuando S.E.T.H.. la supercomputadora que controla a los Soldados, se rebela y toma el control de sus acciones, Luc es el único que podrá combatir esta élite de guerreros mortales casi perfectos.'),(327,'En el cortijo \"Los Laureles\", propiedad de Juan Manuel de Almodóvar, rico hacendado andaluz, se hacen los preparativos para recibir a José Luis, único hijo del terrateniente, que se educa en un colegio de jesuitas en Inglaterra y pasa las vacaciones con su padre. Desde la muerte de su mujer, Juan Manuel ha dedicado todo su cariño a José Luis, al que adora al comprobar que siente por él lo mismo.'),(328,'Enid, la indomable esposa del jefe de policía local, es asesinada accidentalmente por su hermana y su propio marido, después de descubrirlos juntos en la cama. Mientras Harry entretiene a sus compañeros, June intenta esconder el cadáver. Pero los problemas no tardan en aparecer: una banda de atracadores, una policía cotilla y un borracho hacen que sea bastante difícil ocultar el delito.'),(329,'Viendo la televisión, Jojo descubre un reportaje sobre un famoso abogado, Maurice Jacquard, que celebra su vigesimoquinta absolución. Impresionado, va a su encuentro y le anuncia que ha matado a su mujer.'),(330,'El industrial Steven Taylor atraviesa un complicado momento financiero al mismo tiempo que su mujer, una chica joven, guapa y adinerada, mantiene un idilio con el pintor David Shaw, quien a su vez cuenta con un turbio pasado pisándole los talones. Entre los tres comienza a tejerse una trama de intrigas y traiciones en el mismo instante en que Steven descubre la infidelidad de su esposa y encomienda su asesinato al amante de ésta. Así podrá cobrar una cuantiosa herencia que subsane sus cada vez más cuantiosas deudas.'),(331,'D. Fens es un empleado del departamento de defensa, que ha perdido su trabajo y ahora se encuentra separado de su esposa y su hija pequeña. D. Fens ve como su cordura se derrumba poco a poco ante la realidad cotidiana de la gran ciudad y sus actos alertan a la policía.'),(332,'Buenos Aires actual. En medio de una ciudad que se debate entre los estallidos sociales, la desocupación y los conflictos políticos, Elsa, una joven de veinticinco años, busca un trabajo digno para conseguir dinero que le permita cumplir su sueño: viajar a Italia. No es sólo una inmigrante más. Ella sueña con encontrar allí al hombre del que está enamorada y además, vivir una vida diferente, una vida mejor. Esa idea la alimenta con los relatos de su abuelo, un anciano inmigrante siciliano que le transmite sus propias convicciones morales y políticas.\r\nWalter, Laura y Toni son sus amigos en la ciudad. Compañeros de pequeñas aventuras ilícitas que le permiten acercarse a su sueño. Walter y Elsa mantienen una relación cercana al amor que no le impide a Elsa seguir pendiente de su viaje a otra vida posible.'),(333,'La propietaria de un hospital, se encuentra en una delicada situacion financiera, por lo que se ve obligada a depender del dinero de una millonaria o ceder el negocio a un magnate avaricioso. Pero aparecen en escena los hermanos Marx encabezados por Groucho, veterinario que se hacer pasar doctor para ayudar a mantener en el hospital a la hipocondriaca ricachona. Todo esto no es suficiente, así que deciden apostar a su caballo para intentar conseguir dinero.'),(334,'Una arquitecta divorciada y un periodista también divorciado y muy atareados en sus respectivas vidas se conocen de una forma casual. Ambos tendrán que compaginar sus respectivos trabajos con el cuidado de sus hijos.'),(335,'Los últimos remanentes del oro del ejército confederado están enterrados en algún lugar de Méjico cerca de la frontera. El mapa que indica su localización lo conforman cuatro cartucheras cuya búsqueda y obtención provocarán un reguero de sangre y violencia por parte de la ambición de varios grupos enfrentados.'),(336,'Un hombre ha sacrificado su vida por entrenar a un equipo de fútbol, los Miami Sharks y no está dispuesto a hacer según qué concesiones. Para lo cual tendrá que discutir con la nueva propietaria del club, que lo acaba de heredar y defiende una filosofía muy diferente a la del respetado entrenador.');
/*!40000 ALTER TABLE `VideoEntity_Synopsis` ENABLE KEYS */;
UNLOCK TABLES;

--
-- Table structure for table `VideoEntity_Title`
--

DROP TABLE IF EXISTS `VideoEntity_Title`;
/*!40101 SET @saved_cs_client     = @@character_set_client */;
/*!40101 SET character_set_client = utf8 */;
CREATE TABLE `VideoEntity_Title` (
  `elementId` int(10) unsigned NOT NULL auto_increment,
  `value` varchar(255) NOT NULL default '',
  `slug` varchar(255) NOT NULL default '',
  PRIMARY KEY  (`elementId`)
) ENGINE=MyISAM AUTO_INCREMENT=610 DEFAULT CHARSET=utf8;
/*!40101 SET character_set_client = @saved_cs_client */;

--
-- Dumping data for table `VideoEntity_Title`
--

LOCK TABLES `VideoEntity_Title` WRITE;
/*!40000 ALTER TABLE `VideoEntity_Title` DISABLE KEYS */;
INSERT INTO `VideoEntity_Title` VALUES (4,'The Inner Life of Martin Frost','the-inner-life-of-martin-frost'),(5,' La vida interior de Martin Frost','la-vida-interior-de-martin-frost'),(6,'Juno','juno'),(7,'The Moguls (AKA The Amateurs)','the-moguls-aka-the-amateurs'),(8,' Los magnates del sexo','los-magnates-del-sexo'),(9,'Atonement','atonement'),(10,' Expiación - Más allá de la pasión','expiacion-mas-alla-de-la-pasion'),(11,'Grace is Gone','grace-is-gone'),(12,' La vida sin Grace','la-vida-sin-grace'),(13,'The Walker','the-walker'),(14,'Nanking','nanking'),(15,'1408','1408'),(16,'Lust, Caution (Se jie)','lust-caution-se-jie'),(17,' Deseo, peligro','deseo-peligro'),(18,'Irina Palm','irina-palm'),(19,'Battle for Haditha','battle-for-haditha'),(20,' La batalla de Hadiza','la-batalla-de-hadiza'),(21,'The Perfect Holiday','the-perfect-holiday'),(22,'El custodio','el-custodio'),(23,'All the Invisible Children','all-the-invisible-children'),(24,'National Treasure: Book of Secrets (National Treasure 2)','national-treasure-book-of-secrets-national-treasure-2'),(25,' La búsqueda: El diario secreto (La búsqueda 2)','la-busqueda-el-diario-secreto-la-busqueda-2'),(26,'I Am Legend','i-am-legend'),(27,' Soy leyenda','soy-leyenda'),(28,'Breach','breach'),(29,' El espía','el-espia'),(30,'Alvin and the Chipmunks','alvin-and-the-chipmunks'),(31,' Alvin y las ardillas','alvin-y-las-ardillas'),(32,'Away From Her','away-from-her'),(33,' Lejos de ella','lejos-de-ella'),(34,'El arca de Noé','el-arca-de-noe'),(35,'Balls of Fury','balls-of-fury'),(36,' Pelotas en juego','pelotas-en-juego'),(37,'American Gangster','american-gangster'),(38,'School for Scoundrels','school-for-scoundrels'),(39,' Escuela de pringaos','escuela-de-pringaos'),(40,'Black Christmas','black-christmas'),(41,' Negra Navidad','negra-navidad'),(42,'No digas nada','no-digas-nada'),(43,'La masseria delle allodole','la-masseria-delle-allodole'),(44,' El destino de Nunik','el-destino-de-nunik'),(45,'Chrysalis','chrysalis'),(46,'La edad de la peseta','la-edad-de-la-peseta'),(47,'Les aiguilles rouges','les-aiguilles-rouges'),(48,' La aventura de los águilas','la-aventura-de-los-aguilas'),(49,'Strákarnir okkar (Eleven Men Out)','strakarnir-okkar-eleven-men-out'),(50,' Eleven Men Out (Fuera del vestuario)','eleven-men-out-fuera-del-vestuario'),(51,'Halloween','halloween'),(52,' Halloween, el origen','halloween-el-origen'),(53,'The Darjeeling Limited','the-darjeeling-limited'),(54,' Viaje a Darjeeling','viaje-a-darjeeling'),(55,'The Last Mimzy','the-last-mimzy'),(56,' Mimzy, más allá de la imaginación','mimzy-mas-alla-de-la-imaginacion'),(57,'Tehilim','tehilim'),(58,'The Killing of John Lennon','the-killing-of-john-lennon'),(59,' El asesinato de John Lennon','el-asesinato-de-john-lennon'),(60,'One Missed Call','one-missed-call'),(61,'The Business of Being Born','the-business-of-being-born'),(62,'The Bucket List','the-bucket-list'),(63,' Ahora o nunca','ahora-o-nunca'),(64,'Rambo (Rambo IV)','rambo-rambo-iv'),(65,' John Rambo (Rambo IV)','john-rambo-rambo-iv'),(66,'Cloverfield','cloverfield'),(67,' Monstruoso (Cloverfield)','monstruoso-cloverfield'),(68,'Mortadelo y Filemón. Misión: salvar la Tierra','mortadelo-y-filemon-mision-salvar-la-tierra'),(69,'MyWay','myway'),(70,' MyWay (My Way)','myway-my-way'),(71,'Underdog','underdog'),(72,' Superdog (Underdog)','superdog-underdog'),(73,'Caramel','caramel'),(74,'The Eye','the-eye'),(75,' The Eye (Visiones)','the-eye-visiones'),(76,'Over Her Dead Body','over-her-dead-body'),(77,' Por encima de su cadáver','por-encima-de-su-cadaver'),(78,'In Bruges','in-bruges'),(79,'Sweeney Todd: The Demon Barber of Fleet Street','sweeney-todd-the-demon-barber-of-fleet-street'),(80,' Sweeney Todd: El barbero diabólico de la calle Fleet','sweeney-todd-el-barbero-diabolico-de-la-calle-fleet'),(81,'Jumper','jumper'),(82,'10,000 B.C.','10-000-b-c'),(83,' 10.000','10-000'),(84,'The Kite Runner','the-kite-runner'),(85,' cometas en el cielo','cometas-en-el-cielo'),(86,'Seraphim Falls','seraphim-falls'),(87,' Enfrentados','enfrentados'),(88,'The Water Horse: Legend of the Deep','the-water-horse-legend-of-the-deep'),(89,' Mi monstruo y yo','mi-monstruo-y-yo'),(90,'Lo mejor de mí','lo-mejor-de-mi'),(91,'Sleeping Dogs Lie (Stay)','sleeping-dogs-lie-stay'),(92,' Los perros dormidos mienten','los-perros-dormidos-mienten'),(93,'Arctic Tale','arctic-tale'),(94,' Los reyes del Ártico','los-reyes-del-artico'),(95,'The Spiderwick Chronicles','the-spiderwick-chronicles'),(96,' Las crónicas de Spiderwick','las-cronicas-de-spiderwick'),(97,'Auf der anderen Seite (The Edge of Heaven)','auf-der-anderen-seite-the-edge-of-heaven'),(98,' Al otro lado','al-otro-lado'),(99,'Horton Hears a Who!','horton-hears-a-who'),(100,' Horton','horton'),(101,'Die Fälscher (The Counterfeiters)','die-falscher-the-counterfeiters'),(102,' Los falsificadores','los-falsificadores'),(103,'El menor de los males','el-menor-de-los-males'),(104,'I Want Candy','i-want-candy'),(105,' Vaya par de productoreX','vaya-par-de-productorex'),(106,'Closing the Ring','closing-the-ring'),(107,' Cerrando el círculo','cerrando-el-circulo'),(108,'Funny Games U.S.','funny-games-u-s'),(109,' Funny Games','funny-games'),(110,' Llamada perdida (v. 2008)','llamada-perdida-v-2008'),(111,'Silk','silk'),(112,' Seda','seda'),(113,'Ahlaam (Dreams)','ahlaam-dreams'),(114,' Ahlaam (Sueños)','ahlaam-suenos'),(115,'Dan in Real Life','dan-in-real-life'),(116,' Como la vida misma','como-la-vida-misma'),(117,'Walk Hard: The Dewey Cox Story','walk-hard-the-dewey-cox-story'),(118,' Dewey Cox: Una vida larga y dura','dewey-cox-una-vida-larga-y-dura'),(119,'Under the Same Moon','under-the-same-moon'),(120,' La misma luna','la-misma-luna'),(121,'Drillbit Taylor','drillbit-taylor'),(122,' No tan duro de pelar','no-tan-duro-de-pelar'),(123,'Planet B-Boy','planet-b-boy'),(124,'Shelter','shelter'),(125,'Shutter','shutter'),(126,' Retratos del Más Allá (Shutter)','retratos-del-mas-alla-shutter'),(127,'Tyler Perry´s Meet the Browns','tyler-perrys-meet-the-browns'),(128,' Meet the Browns','meet-the-browns'),(129,'Speed Racer','speed-racer'),(130,'What Happens In Vegas','what-happens-in-vegas'),(131,' Algo pasa en Las Vegas','algo-pasa-en-las-vegas'),(132,'Casual Day','casual-day'),(133,'Stop-Loss','stop-loss'),(134,' Ausente (Stop-Loss)','ausente-stop-loss'),(135,'Death Sentence','death-sentence'),(136,' Sentencia de muerte','sentencia-de-muerte'),(137,'Honeydripper','honeydripper'),(138,'Seven women','seven-women'),(139,' 7 Mujeres','7-mujeres'),(140,'Winchester 73','winchester-73'),(141,'Tales of Manhattan','tales-of-manhattan'),(142,' 6 destinos','6-destinos'),(143,'Gone in sixty seconds','gone-in-sixty-seconds'),(144,' 60 Segundos','60-segundos'),(145,'Se7en','se7en'),(146,' Seven','seven'),(147,'I´m with Lucy','im-with-lucy'),(148,' 5 hombres para Lucy','5-hombres-para-lucy'),(149,'54','54'),(150,'55 days at Pekin','55-days-at-pekin'),(151,' 55 días en Pekin','55-dias-en-pekin'),(152,'Tarzan and the Lost City','tarzan-and-the-lost-city'),(153,' Tarzán y la ciudad perdida','tarzan-y-la-ciudad-perdida'),(154,'40 Days and 40 Nights','40-days-and-40-nights'),(155,' 40 días y 40 noches','40-dias-y-40-noches'),(156,'Tranvía a la Malvarrosa','tranvia-a-la-malvarrosa'),(157,'L.A. Story','l-a-story'),(158,' 3 mujeres para un caradura','3-mujeres-para-un-caradura'),(159,'Sergeants 3','sergeants-3'),(160,' 3 sargentos','3-sargentos'),(161,'The 39 Steps','the-39-steps'),(162,' 39 escalones','39-escalones'),(163,'2 Fast 2 Furious','2-fast-2-furious'),(164,' 2 Fast 2 Furious. A todo gas 2','2-fast-2-furious-a-todo-gas-2'),(165,'20 Dates','20-dates'),(166,' 20 Citas','20-citas'),(167,'20,000 Leagues Under the Sea','20-000-leagues-under-the-sea'),(168,' 20.000 leguas de viaje submarino','20-000-leguas-de-viaje-submarino'),(169,'2001: A space Odyssey','2001-a-space-odyssey'),(170,' 2001: Una odisea en el espacio','2001-una-odisea-en-el-espacio'),(171,'Escape fron L.A','escape-fron-l-a'),(172,' 2013 Rescate en L.A.','2013-rescate-en-l-a'),(173,'24 Hour Party People','24-hour-party-people'),(174,'27 Horas','27-horas'),(175,'28 Days','28-days'),(176,' 28 Días','28-dias'),(177,'28 Days Later','28-days-later'),(178,' 28 días después','28-dias-despues'),(179,'Splash','splash'),(180,' 1, 2, 3, Splash','1-2-3-splash'),(181,'10 Things I Hate About You','10-things-i-hate-about-you'),(182,' 10 razones para odiarte','10-razones-para-odiarte'),(183,'10','10'),(184,' 10, la mujer perfecta','10-la-mujer-perfecta'),(185,'One hundred and one dalmatians','one-hundred-and-one-dalmatians'),(186,' 101 Dálmatas','101-dalmatas'),(187,'101 Dalmatians','101-dalmatians'),(188,' 101 Dálmatas. Más vivos que nunca','101-dalmatas-mas-vivos-que-nunca'),(189,'101 Reykjavik','101-reykjavik'),(190,'102 Dalmatians','102-dalmatians'),(191,' 102 Dálmatas','102-dalmatas'),(192,'12 Angry Men','12-angry-men'),(193,' 12 hombres sin piedad','12-hombres-sin-piedad'),(194,'Twelve monkeys','twelve-monkeys'),(195,' 12 Monos','12-monos'),(196,'Thir13en Ghosts','thir13en-ghosts'),(197,' 13 Fantasmas','13-fantasmas'),(198,'13 rue Madeleine','13-rue-madeleine'),(199,'1492: the conquest of paradise','1492-the-conquest-of-paradise'),(200,' 1492, la conquista del paraíso','1492-la-conquista-del-paraiso'),(201,'15 Minutes','15-minutes'),(202,' 15 Minutos','15-minutos'),(203,'Sixteen Candles','sixteen-candles'),(204,' 16 velas','16-velas'),(205,'1941','1941'),(206,'1990: I guerrieri del Bronx','1990-i-guerrieri-del-bronx'),(207,' 1990: los guerreros del Bronx','1990-los-guerreros-del-bronx'),(208,'Escape from New York','escape-from-new-york'),(209,' 1997 rescate en Nueva York','1997-rescate-en-nueva-york'),(210,'Desk Set','desk-set'),(211,' Su otra esposa','su-otra-esposa'),(212,'The Living Daylights','the-living-daylights'),(213,' 007 Alta tensión','007-alta-tension'),(214,'Tomorrow never dies','tomorrow-never-dies'),(215,' 007 El mañana nunca muere','007-el-manana-nunca-muere'),(216,'The world is not enough','the-world-is-not-enough'),(217,' 007 El mundo nunca es suficiente','007-el-mundo-nunca-es-suficiente'),(218,'Licence to kill','licence-to-kill'),(219,' 007 Licencia para matar','007-licencia-para-matar'),(220,'From Russia with Love','from-russia-with-love'),(221,' 007, Desde Rusia con amor','007-desde-rusia-con-amor'),(222,'007. Die Another Day','007-die-another-day'),(223,' 007. Muere otro día','007-muere-otro-dia'),(224,'Grease','grease'),(225,'Zapping','zapping'),(226,'Zelig','zelig'),(227,'Running on karma','running-on-karma'),(228,'One Angry Juror','one-angry-juror'),(229,'Zoolander','zoolander'),(230,'Arthur 3 La Guerre des deux Mondes','arthur-3-la-guerre-des-deux-mondes'),(231,'Trop Loin pour toi','trop-loin-pour-toi'),(232,'Going The Distance','going-the-distance'),(233,'Shu shan zheng zhuan','shu-shan-zheng-zhuan'),(234,' Zu Warriors','zu-warriors'),(235,'Twilight Chapitre 3 - Hésitation','twilight-chapitre-3-hesitation'),(236,'$5 a Day','5-a-day'),(237,'Me, myself and Irene','me-myself-and-irene'),(238,' Yo, yo mismo e Irene','yo-yo-mismo-e-irene'),(239,'Yojimbo','yojimbo'),(240,'Young Sánchez','young-sanchez'),(241,'You´re the one','youre-the-one'),(242,'Yoyes','yoyes'),(243,'Gladiator','gladiator'),(244,'Y decirte alguna estupidez, por ejemplo, te quiero','y-decirte-alguna-estupidez-por-ejemplo-te-quiero'),(245,'Y tu mamá también','y-tu-mama-tambien'),(246,'Can´t Hardly Wait','cant-hardly-wait'),(247,' Ya no puedo esperar','ya-no-puedo-esperar'),(248,'The Yakuza','the-yakuza'),(249,' Yakuza','yakuza'),(250,'Yamakasi','yamakasi'),(251,'Yerma','yerma'),(252,'I Walked with a zombie','i-walked-with-a-zombie'),(253,' Yo anduve con un zombie','yo-anduve-con-un-zombie'),(254,'I confess','i-confess'),(255,' Yo confieso','yo-confieso'),(256,'I shot Andy Warhol','i-shot-andy-warhol'),(257,' Yo disparé a Andy Warhol','yo-dispare-a-andy-warhol'),(258,'Yo hice a Roque III','yo-hice-a-roque-iii'),(259,'¿Quién sabe?','quien-sabe'),(260,' Yo soy la revolución, ¿Quién sabe?','yo-soy-la-revolucion-quien-sabe'),(261,'I Am Sam','i-am-sam'),(262,' Yo soy Sam','yo-soy-sam'),(263,'I Walk the Line','i-walk-the-line'),(264,' Yo vigilo el camino','yo-vigilo-el-camino'),(265,'Only the Lonely','only-the-lonely'),(266,' Yo, tú y mamá','yo-tu-y-mama'),(267,'Waterworld','waterworld'),(268,'X','x'),(269,'X-Men','x-men'),(270,'X2','x2'),(271,' X-Men 2','x-men-2'),(272,'Tian yu','tian-yu'),(273,' Xiu Xiu','xiu-xiu'),(274,'xXx','xxx'),(275,'Todo está oscuro','todo-esta-oscuro'),(276,'Woman on top','woman-on-top'),(277,'Wonderland','wonderland'),(278,'Wyatt Earp','wyatt-earp'),(279,'Home Alone 3','home-alone-3'),(280,' Solo en casa 3','solo-en-casa-3'),(281,'Waking Life','waking-life'),(282,'Wall Street','wall-street'),(283,'Wallace & Gromit: The best of Aardman animation','wallace-gromit-the-best-of-aardman-animation'),(284,' Wallace & Gromit y sus amigos','wallace-gromit-y-sus-amigos'),(285,'Wasabi','wasabi'),(286,' Wasabi: El trato sucio de la mafia','wasabi-el-trato-sucio-de-la-mafia'),(287,'Washington Square','washington-square'),(288,'West Beirut','west-beirut'),(289,'West side story','west-side-story'),(290,'The White River Kid','the-white-river-kid'),(291,' White River Kid','white-river-kid'),(292,'Wichita','wichita'),(293,'Wild Bill','wild-bill'),(294,'Wild Man Blues','wild-man-blues'),(295,'Wild Wild West','wild-wild-west'),(296,'Willard','willard'),(297,'Willow','willow'),(298,'Windtalkers','windtalkers'),(299,'Wing Commander','wing-commander'),(300,'Wishmaster','wishmaster'),(301,'Sinatra','sinatra'),(302,'You cant take it with you','you-cant-take-it-with-you'),(303,' Vive como quieras','vive-como-quieras'),(304,'Alive','alive'),(305,' Viven','viven'),(306,'Go','go'),(307,' Viviendo sin límites','viviendo-sin-limites'),(308,'Holiday','holiday'),(309,' Vivir para gozar','vivir-para-gozar'),(310,'Fly away home','fly-away-home'),(311,' Volando libre','volando-libre'),(312,'Blown away','blown-away'),(313,' Volar por los aires','volar-por-los-aires'),(314,'Volaverunt','volaverunt'),(315,'Iron Will','iron-will'),(316,' Voluntad de hierro','voluntad-de-hierro'),(317,'Volunteers','volunteers'),(318,' Voluntarios','voluntarios'),(319,'Volver a empezar','volver-a-empezar'),(320,'Volverás','volveras'),(321,'Whirpool','whirpool'),(322,' Vorágine','voragine'),(323,'Back to Gods Country','back-to-gods-country'),(324,' Vuelta a la vida','vuelta-a-la-vida'),(325,'Father of the bride II','father-of-the-bride-ii'),(326,' Vuelve el padre de la novia','vuelve-el-padre-de-la-novia'),(327,'High Noon','high-noon'),(328,' Solo ante el peligro','solo-ante-el-peligro'),(329,'The Man Who Cried','the-man-who-cried'),(330,' Vidas furtivas','vidas-furtivas'),(331,'Vidas privadas','vidas-privadas'),(332,'Vidocq','vidocq'),(333,'Friday the 13th','friday-the-13th'),(334,' Viernes 13','viernes-13'),(335,'Friday the 13th Part VI: Jason Lives','friday-the-13th-part-vi-jason-lives'),(336,' Viernes 13 6ª parte, Jason vive','viernes-13-6a-parte-jason-vive'),(337,'Jason Goes to Hell: The Final Friday','jason-goes-to-hell-the-final-friday'),(338,' Viernes 13, Jason va al infierno','viernes-13-jason-va-al-infierno'),(339,'Friday the 13th: A New Beginning','friday-the-13th-a-new-beginning'),(340,' Viernes 13, parte V: un nuevo comienzo','viernes-13-parte-v-un-nuevo-comienzo'),(341,'Vigo','vigo'),(342,'Violetas imperiales','violetas-imperiales'),(343,'Virtuosity','virtuosity'),(344,'Virus','virus'),(345,'Visionarios','visionarios'),(346,'The Confession','the-confession'),(347,' Visto para sentencia','visto-para-sentencia'),(348,'Vivancos 3, Si gusta, haremos las dos primeras','vivancos-3-si-gusta-haremos-las-dos-primeras'),(349,'Windows','windows'),(350,' Ventanas','ventanas'),(351,'Venus Beauté','venus-beaute'),(352,' Venus salón de belleza','venus-salon-de-belleza'),(353,'Vera Cruz','vera-cruz'),(354,' Veracruz','veracruz'),(355,'Apt pupil','apt-pupil'),(356,' Verano de corrupción','verano-de-corrupcion'),(357,'Veronica Guerin','veronica-guerin'),(358,'Vertigo','vertigo'),(359,' Vértigo. De entre los muertos','vertigo-de-entre-los-muertos'),(360,'Very Bad Things','very-bad-things'),(361,'Best in show','best-in-show'),(362,' Very important perros','very-important-perros'),(363,'Dressed to kill','dressed-to-kill'),(364,' Vestida para matar','vestida-para-matar'),(365,'Va savoir!','va-savoir'),(366,' Vete a saber','vete-a-saber'),(367,'Viagem ao Princípio do Mundo','viagem-ao-principio-do-mundo'),(368,' Viaje al principio del mundo','viaje-al-principio-del-mundo'),(369,'Fantastic voyage','fantastic-voyage'),(370,' Viaje alucinante','viaje-alucinante'),(371,'This Boy `s Life','this-boy-s-life'),(372,' Vida de este chico','vida-de-este-chico'),(373,'She-Devil','she-devil'),(374,' Vida y amores de una diablesa','vida-y-amores-de-una-diablesa'),(375,'Total Eclipse','total-eclipse'),(376,' Vidas al límite','vidas-al-limite'),(377,'Peyton Place','peyton-place'),(378,' Vidas borrascosas','vidas-borrascosas'),(379,'Thirteen Conversations About One Thing (13 Conversations About One Thing)','thirteen-conversations-about-one-thing-13-conversations-about-one-thing'),(380,' Vidas contadas','vidas-contadas'),(381,'Short cuts','short-cuts'),(382,' Vidas cruzadas','vidas-cruzadas'),(383,'Jackie Brown','jackie-brown'),(384,'Roman Holiday','roman-holiday'),(385,' Vacaciones en Roma','vacaciones-en-roma'),(386,'Vacas','vacas'),(387,'Valentín','valentin'),(388,'Valmont','valmont'),(389,'John Carpenters Vampires','john-carpenters-vampires'),(390,' Vampiros de John Carpenter','vampiros-de-john-carpenter'),(391,' Vampires: Los Muertos','vampires-los-muertos'),(392,' Vampiros: Los Muertos','vampiros-los-muertos'),(393,'Inferno','inferno'),(394,' Van Damme´s Inferno','van-dammes-inferno'),(395,'Van Wilder','van-wilder'),(396,' Van Wilder. Animal Party','van-wilder-animal-party'),(397,'Vanya on 42nd Street','vanya-on-42nd-street'),(398,' Vania en la calle 42','vania-en-la-calle-42'),(399,'Vanilla Sky','vanilla-sky'),(400,'Varietés','varietes'),(401,'Vatel','vatel'),(402,'Kingpin','kingpin'),(403,' Vaya par de idiotas','vaya-par-de-idiotas'),(404,'Wrongfully accused','wrongfully-accused'),(405,' Vaya un fugitivo','vaya-un-fugitivo'),(406,'Judgement at Nuremberg','judgement-at-nuremberg'),(407,' Vencedores o vencidos','vencedores-o-vencidos'),(408,'Venezia, la luna e tu','venezia-la-luna-e-tu'),(409,' Venecia, la luna y tú','venecia-la-luna-y-tu'),(410,'Vengo','vengo'),(411,'Soldados de Salamina','soldados-de-salamina'),(412,'Baby geniuses','baby-geniuses'),(413,' Unos peques geniales','unos-peques-geniales'),(414,'Urga','urga'),(415,' Urga, el territorio del amor','urga-el-territorio-del-amor'),(416,'Utopia','utopia'),(417,'Space Cowboys','space-cowboys'),(418,'The Real Blonde','the-real-blonde'),(419,' Una rubia auténtica','una-rubia-autentica'),(420,'Switch','switch'),(421,' Una rubia muy dudosa','una-rubia-muy-dudosa'),(422,'Legally blonde','legally-blonde'),(423,' Una rubia muy legal','una-rubia-muy-legal'),(424,'Legally Blonde 2: Red, White and Blonde','legally-blonde-2-red-white-and-blonde'),(425,' Una rubia muy legal 2','una-rubia-muy-legal-2'),(426,'Una sombra en el jardín','una-sombra-en-el-jardin'),(427,'A Smile Like Yours','a-smile-like-yours'),(428,' Una sonrisa como la tuya','una-sonrisa-como-la-tuya'),(429,'At the circus','at-the-circus'),(430,' Una tarde en el circo','una-tarde-en-el-circo'),(431,'Analyze this','analyze-this'),(432,' Una terapia peligrosa','una-terapia-peligrosa'),(433,'A Distant Trumpet','a-distant-trumpet'),(434,' Una trompeta lejana','una-trompeta-lejana'),(435,'The Turn of the Screw','the-turn-of-the-screw'),(436,' Una vuelta de tuerca','una-vuelta-de-tuerca'),(437,'Unabomber, the true story','unabomber-the-true-story'),(438,' Unabomber, la verdadera historia','unabomber-la-verdadera-historia'),(439,'Under the sun','under-the-sun'),(440,'Underworld','underworld'),(441,'Witness','witness'),(442,' Único testigo','unico-testigo'),(443,'Une chance sur deux','une-chance-sur-deux'),(444,' Uno de dos','uno-de-dos'),(445,'Goodfellas','goodfellas'),(446,' Uno de los nuestros','uno-de-los-nuestros'),(447,'One, two, three','one-two-three'),(448,' Uno, Dos, Tres','uno-dos-tres'),(449,'Unos granujas decentes','unos-granujas-decentes'),(450,'Top Hat','top-hat'),(451,' Sombrero de copa','sombrero-de-copa'),(452,'Big Bad Mama','big-bad-mama'),(453,' Una mamá sin freno','una-mama-sin-freno'),(454,'A beautiful mind','a-beautiful-mind'),(455,' Una mente maravillosa','una-mente-maravillosa'),(456,'An Unmarried Woman','an-unmarried-woman'),(457,' Una mujer descasada','una-mujer-descasada'),(458,'Lady in the Dark','lady-in-the-dark'),(459,' Una mujer en la penumbra','una-mujer-en-la-penumbra'),(460,'Design for Living','design-for-living'),(461,' Una mujer para dos','una-mujer-para-dos'),(462,'A dangerous woman','a-dangerous-woman'),(463,' Una mujer peligrosa','una-mujer-peligrosa'),(464,'Una noche con Sabrina Love','una-noche-con-sabrina-love'),(465,'A night at the opera','a-night-at-the-opera'),(466,' Una noche en la ópera','una-noche-en-la-opera'),(467,'The Third Wheel','the-third-wheel'),(468,' Una noche perfecta','una-noche-perfecta'),(469,'Like Mike','like-mike'),(470,' Una pandilla de altura','una-pandilla-de-altura'),(471,'Una pareja perfecta','una-pareja-perfecta'),(472,'Una piraña en el bidé','una-pirana-en-el-bide'),(473,'Una preciosa puesta de sol','una-preciosa-puesta-de-sol'),(474,' Una proposición indecente','una-proposicion-indecente'),(475,'Indecent proposal','indecent-proposal'),(476,'...und das ist erst der Anfang','und-das-ist-erst-der-anfang'),(477,' Una relación inesperada','una-relacion-inesperada'),(478,'Tank Girl','tank-girl'),(479,'The crew','the-crew'),(480,' Una banda de cuidado','una-banda-de-cuidado'),(481,'Room to rent','room-to-rent'),(482,' Una cama a cualquier precio','una-cama-a-cualquier-precio'),(483,'Funny Face','funny-face'),(484,' Una cara con ángel','una-cara-con-angel'),(485,'L´auberge espagnol','lauberge-espagnol'),(486,' Una casa de locos','una-casa-de-locos'),(487,'Una chica casi formal','una-chica-casi-formal'),(488,'Dream a Little Dream','dream-a-little-dream'),(489,' Una chica de ensueño','una-chica-de-ensueno'),(490,'Una chica y un señor','una-chica-y-un-senor'),(491,'Teen Witch','teen-witch'),(492,' Una disparatada bruja en la Universidad','una-disparatada-bruja-en-la-universidad'),(493,'A Bronx Tale','a-bronx-tale'),(494,' Una historia del Bronx','una-historia-del-bronx'),(495,'A life less ordinary','a-life-less-ordinary'),(496,' Una historia diferente','una-historia-diferente'),(497,'The Birdcage','the-birdcage'),(498,' Una jaula de grillos','una-jaula-de-grillos'),(499,'Basic','basic'),(500,'A fish called Wanda','a-fish-called-wanda'),(501,' Un pez llamado Wanda','un-pez-llamado-wanda'),(502,'Best Laid Plans','best-laid-plans'),(503,' Un plan perfecto','un-plan-perfecto'),(504,'A simple plan','a-simple-plan'),(505,' Un plan sencillo','un-plan-sencillo'),(506,'Renaissance man','renaissance-man'),(507,' Un poeta entre reclutas','un-poeta-entre-reclutas'),(508,'Dante´s Peak','dantes-peak'),(509,' Un pueblo llamado Dante´s Peak','un-pueblo-llamado-dantes-peak'),(510,'A Bridge Too Far','a-bridge-too-far'),(511,' Un puente lejano','un-puente-lejano'),(512,'A Handful of Dust','a-handful-of-dust'),(513,' Un puñado de polvo','un-punado-de-polvo'),(514,'Mouse hunt','mouse-hunt'),(515,' Un ratoncito duro de roer','un-ratoncito-duro-de-roer'),(516,'Out of Sight','out-of-sight'),(517,' Un romance muy peligroso','un-romance-muy-peligroso'),(518,'Valentine','valentine'),(519,' Un San Valentín de muerte','un-san-valentin-de-muerte'),(520,'Stars and Bars','stars-and-bars'),(521,' Un señorito en Nueva York','un-senorito-en-nueva-york'),(522,'Un silencio de tumba','un-silencio-de-tumba'),(523,'What a Girl Wants','what-a-girl-wants'),(524,' Un sueño para ella','un-sueno-para-ella'),(525,'The Pest','the-pest'),(526,' Un tío llamado peste','un-tio-llamado-peste'),(527,'Sommaren med Monika','sommaren-med-monika'),(528,' Un verano con Monika','un-verano-con-monika'),(529,'This is my father','this-is-my-father'),(530,' Un viaje desde el corazón','un-viaje-desde-el-corazon'),(531,'Sissi - Die junge Kaiserin','sissi-die-junge-kaiserin'),(532,' Sissi emperatriz','sissi-emperatriz'),(533,'Grégoire Moulin contre l´humanité','gregoire-moulin-contre-lhumanite'),(534,' Un mal día lo tiene cualquiera','un-mal-dia-lo-tiene-cualquiera'),(535,'Un maledetto imbroglio','un-maledetto-imbroglio'),(536,' Un maldito embrollo','un-maldito-embrollo'),(537,'An Ideal Husband','an-ideal-husband'),(538,' Un marido ideal','un-marido-ideal'),(539,'North','north'),(540,' Un muchacho llamado Norte','un-muchacho-llamado-norte'),(541,'The mighty','the-mighty'),(542,' Un mundo a su medida','un-mundo-a-su-medida'),(543,'A World Apart','a-world-apart'),(544,' Un mundo aparte','un-mundo-aparte'),(545,'Dark Blue World','dark-blue-world'),(546,' Un mundo azul oscuro','un-mundo-azul-oscuro'),(547,'A perfect world','a-perfect-world'),(548,' Un mundo perfecto','un-mundo-perfecto'),(549,'About a boy','about-a-boy'),(550,' Un niño grande','un-nino-grande'),(551,'Un oso rojo','un-oso-rojo'),(552,'Joe Somebody','joe-somebody'),(553,' Un padre de cuidado','un-padre-de-cuidado'),(554,'Big Daddy','big-daddy'),(555,' Un papá genial','un-papa-genial'),(556,'Un paraguas para tres','un-paraguas-para-tres'),(557,'A walk in the Clouds','a-walk-in-the-clouds'),(558,' Un paseo por las nubes','un-paseo-por-las-nubes'),(559,'A Little Romance','a-little-romance'),(560,' Un pequeño romance','un-pequeno-romance'),(561,'Un perro llamado dolor','un-perro-llamado-dolor'),(562,'Hear no evil','hear-no-evil'),(563,' Sombras en el silencio','sombras-en-el-silencio'),(564,'The leading man','the-leading-man'),(565,' Un hombre de éxito','un-hombre-de-exito'),(566,'Et Rigtigt menneske','et-rigtigt-menneske'),(567,' Un hombre de verdad','un-hombre-de-verdad'),(568,'A man called horse','a-man-called-horse'),(569,' Un hombre llamado caballo','un-hombre-llamado-caballo'),(570,'Un hombre llamado flor de Otoño','un-hombre-llamado-flor-de-otono'),(571,'An American Werewolf in Paris','an-american-werewolf-in-paris'),(572,' Un hombre lobo americano en París','un-hombre-lobo-americano-en-paris'),(573,'Mies vailla menneisyyttä','mies-vailla-menneisyytta'),(574,' Un hombre sin pasado','un-hombre-sin-pasado'),(575,'Lake Consequence: A Man & Two Women','lake-consequence-a-man-two-women'),(576,' Un hombre y dos mujeres','un-hombre-y-dos-mujeres'),(577,'Fard and away','fard-and-away'),(578,' Un horizonte muy lejano','un-horizonte-muy-lejano'),(579,'The Long Goodbye','the-long-goodbye'),(580,' Un largo adios','un-largo-adios'),(581,'Fathers Day','fathers-day'),(582,' Un lio padre','un-lio-padre'),(583,'The Cable Guy','the-cable-guy'),(584,' Un loco a domicilio','un-loco-a-domicilio'),(585,'Un lugar en el mundo','un-lugar-en-el-mundo'),(586,'Running on Empty','running-on-empty'),(587,' Un lugar en ninguna parte','un-lugar-en-ninguna-parte'),(588,'Universal Soldier The return','universal-soldier-the-return'),(589,' Soldado Universal, el retorno','soldado-universal-el-retorno'),(590,'Un caballero andaluz','un-caballero-andaluz'),(591,'Enid is sleeping','enid-is-sleeping'),(592,' Un cadáver divertido','un-cadaver-divertido'),(593,'Un crime au paradis','un-crime-au-paradis'),(594,' Un crimen en el paraíso','un-crimen-en-el-paraiso'),(595,'A Perfect Murder','a-perfect-murder'),(596,' Un crimen perfecto','un-crimen-perfecto'),(597,'Falling down','falling-down'),(598,' Un Día de furia','un-dia-de-furia'),(599,'Un día de suerte','un-dia-de-suerte'),(600,'A Day at the Races','a-day-at-the-races'),(601,' Un día en las carreras','un-dia-en-las-carreras'),(602,'One Fine Day','one-fine-day'),(603,' Un día inolvidable','un-dia-inolvidable'),(604,'Un dólar por los muertos','un-dolar-por-los-muertos'),(605,'Any given sunday','any-given-sunday'),(606,' Un domingo cualquiera','un-domingo-cualquiera'),(607,'The Good German','the-good-german'),(608,'1 chance sur 2','1-chance-sur-2'),(609,'1 Ichi','1-ichi');
/*!40000 ALTER TABLE `VideoEntity_Title` ENABLE KEYS */;
UNLOCK TABLES;

--
-- Table structure for table `VideoEntity_r_Countries`
--

DROP TABLE IF EXISTS `VideoEntity_r_Countries`;
/*!40101 SET @saved_cs_client     = @@character_set_client */;
/*!40101 SET character_set_client = utf8 */;
CREATE TABLE `VideoEntity_r_Countries` (
  `videoEntityId` int(10) unsigned NOT NULL default '0',
  `countryId` int(10) unsigned NOT NULL default '0',
  PRIMARY KEY  (`videoEntityId`,`countryId`)
) ENGINE=MyISAM AUTO_INCREMENT=4 DEFAULT CHARSET=utf8;
/*!40101 SET character_set_client = @saved_cs_client */;

--
-- Dumping data for table `VideoEntity_r_Countries`
--

LOCK TABLES `VideoEntity_r_Countries` WRITE;
/*!40000 ALTER TABLE `VideoEntity_r_Countries` DISABLE KEYS */;
/*!40000 ALTER TABLE `VideoEntity_r_Countries` ENABLE KEYS */;
UNLOCK TABLES;
/*!40103 SET TIME_ZONE=@OLD_TIME_ZONE */;

/*!40101 SET SQL_MODE=@OLD_SQL_MODE */;
/*!40014 SET FOREIGN_KEY_CHECKS=@OLD_FOREIGN_KEY_CHECKS */;
/*!40014 SET UNIQUE_CHECKS=@OLD_UNIQUE_CHECKS */;
/*!40101 SET CHARACTER_SET_CLIENT=@OLD_CHARACTER_SET_CLIENT */;
/*!40101 SET CHARACTER_SET_RESULTS=@OLD_CHARACTER_SET_RESULTS */;
/*!40101 SET COLLATION_CONNECTION=@OLD_COLLATION_CONNECTION */;
/*!40111 SET SQL_NOTES=@OLD_SQL_NOTES */;

-- Dump completed on 2010-11-24  0:19:39
